date,pm25,pm25_max,pm10_mean,carbon_monoxide_mean,nitrogen_dioxide_mean,sulphur_dioxide_mean,ozone_mean,temp_mean,temp_max,temp_min,humidity_mean,dew_point_mean,precipitation_sum,rain_sum,pressure_mean,wind_speed_mean,wind_speed_max,wind_direction_mean,cloud_cover_mean,shortwave_radiation_sum,year,month,day_of_week,day_of_year,is_weekend,holiday_name,is_public_holiday,is_pre_or_post_holiday,is_workday_proxy,school_term_proxy,holiday_travel_proxy,cold_season_energy_proxy,month_sin,month_cos,dow_sin,dow_cos,doy_sin,doy_cos,pm25_lag1,pm25_lag2,pm25_lag3,pm25_lag7,pm25_lag14,pm25_roll7_mean,pm25_roll14_mean,pm25_roll30_mean,pm25_roll7_std,pm25_category
2022-09-03,16.833333333333332,23.3,26.67083333333333,250.04166666666663,47.275,28.71666666666667,49.29166666666666,24.15,28.2,20.7,79.16666666666667,20.120833333333334,0.4,0.4,1007.5041666666666,16.695833333333333,21.1,30.45833333333333,78.04166666666667,4179.0,2022,9,5,246,1,No Holiday,0,0,0,1,0,0,-1.0,-1.8369701987210297e-16,-0.9749279121818236,-0.2225209339563146,-0.886721063082993,-0.46230483047981086,23.570833333333336,52.575,39.6625,40.52916666666666,60.35833333333333,39.45,40.53363095238095,40.558819444444445,18.022261182996658,Good
2022-09-04,16.4875,26.1,24.34166666666667,227.25,42.75,26.416666666666668,39.875,24.741666666666664,27.8,22.7,82.20833333333333,21.404166666666665,1.5,1.5,1004.75,17.666666666666668,24.0,126.875,68.25,3301.0,2022,9,6,247,1,No Holiday,0,0,0,1,0,0,-1.0,-1.8369701987210297e-16,-0.7818314824680299,0.6234898018587334,-0.8945422369764496,-0.4469834295196741,16.833333333333332,23.570833333333336,52.575,24.15833333333333,46.19583333333333,36.06488095238095,37.42470238095238,39.712222222222216,19.91208670857846,Good
2022-09-05,27.129166666666663,50.1,42.05,364.0,52.47916666666666,34.24583333333333,57.16666666666666,24.65833333333333,29.0,21.1,74.08333333333333,19.4375,0.0,0.0,1003.6916666666666,17.45,26.2,285.3333333333333,5.5,6144.0,2022,9,0,248,0,No Holiday,0,0,1,1,0,0,-1.0,-1.8369701987210297e-16,0.0,1.0,-0.9020987014301837,-0.43152975897147144,16.4875,16.833333333333332,23.570833333333336,71.79583333333333,37.90833333333333,34.96904761904762,35.30267857142857,38.48458333333333,20.864839628861162,Good
2022-09-06,70.24583333333332,93.6,102.70416666666668,1229.375,102.61666666666667,88.61666666666667,49.708333333333336,25.5875,32.2,19.6,71.58333333333333,19.504166666666663,0.0,0.0,1009.4666666666668,8.933333333333334,14.5,194.79166666666663,5.666666666666667,6350.0,2022,9,1,249,0,No Holiday,0,0,1,1,0,0,-1.0,-1.8369701987210297e-16,0.7818314824680298,0.6234898018587336,-0.9093882203647925,-0.4159483918249421,27.129166666666663,16.4875,16.833333333333332,23.85833333333333,32.0125,28.58809523809524,34.532738095238095,38.48652777777777,13.116687276864068,Moderate
2022-09-07,77.40416666666667,114.3,115.92916666666667,979.0416666666666,110.3125,79.18333333333334,38.0,26.308333333333334,31.4,21.2,69.79166666666667,19.70833333333333,0.0,0.0,1014.5041666666666,8.508333333333333,13.3,226.25,36.083333333333336,6181.0,2022,9,2,250,0,No Holiday,0,0,1,1,0,0,-1.0,-1.8369701987210297e-16,0.9749279121818236,-0.22252093395631434,-0.9164086366943458,-0.4002439388573056,70.24583333333332,27.129166666666663,16.4875,39.6625,21.8,35.21488095238095,37.26369047619047,40.13152777777778,20.157221137550064,Unhealthy for Sensitive Groups
2022-09-08,77.89999999999999,109.2,118.0,639.8333333333334,77.44166666666666,62.325,61.04166666666666,24.933333333333334,28.5,22.3,78.66666666666667,20.695833333333333,0.0,0.0,1015.9833333333332,9.6875,12.7,36.583333333333336,74.875,3536.0,2022,9,3,251,0,No Holiday,0,0,1,1,0,0,-1.0,-1.8369701987210297e-16,0.43388373911755823,-0.900968867902419,-0.9231578729647039,-0.38442104726885545,77.40416666666667,70.24583333333332,27.129166666666663,52.575,37.97083333333333,40.60654761904761,41.235416666666666,41.77569444444444,25.802278360984413,Unhealthy for Sensitive Groups
2022-09-09,32.65833333333333,52.4,50.16666666666666,340.5,62.208333333333336,45.45416666666667,28.5,24.666666666666668,29.0,21.1,66.5,17.3125,0.0,0.0,1015.1333333333332,9.458333333333334,14.1,62.25,68.66666666666667,5366.0,2022,9,4,252,0,No Holiday,0,1,1,1,1,0,-1.0,-1.8369701987210297e-16,-0.433883739117558,-0.9009688679024191,-0.9296339319682695,-0.3684843993077793,77.89999999999999,77.40416666666667,70.24583333333332,23.570833333333336,55.075,44.22440476190476,44.0875,43.38291666666667,29.298694275964834,Good
2022-09-10,31.45,45.2,46.50416666666666,415.8333333333333,67.75,65.96666666666667,22.25,23.28333333333333,27.9,18.5,65.83333333333333,16.087500000000002,0.0,0.0,1013.2625,8.7125,13.4,60.29166666666666,60.25,5222.0,2022,9,5,253,1,Mid-Autumn Festival,1,1,0,1,1,0,-1.0,-1.8369701987210297e-16,-0.9749279121818236,-0.2225209339563146,-0.9358348973349941,-0.35243871088460327,32.65833333333333,77.89999999999999,77.40416666666667,16.833333333333332,40.52916666666666,45.522619047619045,42.48630952380952,42.86555555555556,28.419146688084,Good
2022-09-11,34.37083333333333,55.2,51.8,446.9166666666667,71.97083333333333,60.99583333333334,37.04166666666666,24.4375,28.9,19.9,69.5,18.0,0.1,0.1,1011.225,7.341666666666666,13.1,48.54166666666666,15.25,5476.0,2022,9,6,254,1,Mid-Autumn Festival,1,1,0,1,1,0,-1.0,-1.8369701987210297e-16,-0.7818314824680299,0.6234898018587334,-0.9417589340994617,-0.33628873017668287,31.45,32.65833333333333,77.89999999999999,16.4875,24.15833333333333,47.61071428571427,41.83779761904761,42.08486111111111,26.42703757793337,Good
2022-09-12,27.17083333333333,41.4,40.62083333333333,310.7916666666667,64.8625,42.23333333333333,41.04166666666666,24.816666666666663,30.4,20.1,69.79166666666667,18.341666666666665,0.0,0.0,1010.2916666666666,9.8625,14.8,44.458333333333336,11.416666666666666,5506.0,2022,9,0,255,0,Mid-Autumn Festival,1,1,0,1,1,0,-1.0,-1.8369701987210297e-16,0.0,1.0,-0.9474042892438845,-0.32003923622313857,34.37083333333333,31.45,32.65833333333333,27.129166666666663,71.79583333333333,50.165476190476184,42.5672619047619,42.07749999999999,23.633599712773286,Good
2022-09-13,20.1125,23.9,29.945833333333336,258.75,57.9,33.71666666666667,11.875,23.704166666666666,27.0,20.9,81.79166666666667,20.241666666666667,0.5,0.5,1011.0666666666666,14.558333333333332,19.6,40.583333333333336,78.08333333333333,3510.0,2022,9,1,256,0,No Holiday,0,1,1,1,1,0,-1.0,-1.8369701987210297e-16,0.7818314824680298,0.6234898018587336,-0.9527692922168511,-0.30369503751065885,27.17083333333333,34.37083333333333,31.45,70.24583333333332,23.85833333333333,50.17142857142857,39.3797619047619,41.80013888888889,23.6268350537283,Good
2022-09-14,15.375,19.2,22.42083333333333,274.4166666666667,52.85833333333333,27.08333333333333,16.958333333333332,23.508333333333336,25.8,21.5,83.625,20.5125,1.8,1.8,1007.7708333333334,20.59583333333333,24.9,182.08333333333331,100.0,2845.0,2022,9,2,257,0,No Holiday,0,0,1,1,0,0,-1.0,-1.8369701987210297e-16,0.9749279121818236,-0.22252093395631434,-0.9578523554276669,-0.28726097055059635,20.1125,27.17083333333333,34.37083333333333,77.40416666666667,39.6625,43.009523809523806,39.11220238095238,41.184444444444445,24.12077703807725,Good
2022-09-15,16.504166666666666,36.1,23.7125,430.5416666666667,45.52916666666667,26.65833333333333,15.75,22.05,23.5,20.6,91.0,20.495833333333334,18.6,18.6,1001.8791666666666,20.254166666666663,28.0,290.1666666666667,100.0,1530.0,2022,9,3,258,0,No Holiday,0,0,1,1,0,0,-1.0,-1.8369701987210297e-16,0.43388373911755823,-0.900968867902419,-0.9626519747161487,-0.2707418984477642,15.375,20.1125,27.17083333333333,77.89999999999999,52.575,34.14821428571428,37.37738095238095,40.55375,20.501573570075205,Good
2022-09-16,35.86666666666667,51.6,51.4,634.5833333333334,57.81666666666666,46.5375,19.375,23.541666666666668,26.8,21.4,82.625,20.25,0.6000000000000001,0.6000000000000001,1004.4791666666666,8.804166666666667,12.3,225.20833333333331,61.79166666666666,3270.0,2022,9,4,259,0,No Holiday,0,0,1,1,0,0,-1.0,-1.8369701987210297e-16,-0.433883739117558,-0.9009688679024191,-0.9671667297977312,-0.2541427094613622,16.504166666666666,15.375,20.1125,32.65833333333333,23.570833333333336,25.377380952380953,34.80089285714285,39.74083333333333,7.963334255217315,Moderate
2022-09-17,45.5125,89.2,65.20833333333333,554.8333333333334,74.21249999999999,68.29166666666667,27.166666666666668,23.75,27.8,19.9,84.83333333333333,20.904166666666665,1.0,1.0,1006.475,7.045833333333333,12.8,127.91666666666669,19.791666666666668,5032.0,2022,9,5,260,1,No Holiday,0,0,0,1,0,0,-1.0,-1.8369701987210297e-16,-0.9749279121818236,-0.2225209339563146,-0.97139528468375,-0.23746831555846842,35.86666666666667,16.504166666666666,15.375,31.45,16.833333333333332,25.83571428571429,35.67916666666666,39.85041666666666,8.524772879408737,Moderate
2022-09-18,33.2125,47.5,48.7625,431.4583333333333,69.99583333333334,43.025,28.791666666666668,23.96666666666667,28.4,20.5,79.5,19.8875,0.0,0.0,1006.675,9.295833333333333,15.0,90.0,22.541666666666668,4907.0,2022,9,6,261,1,No Holiday,0,0,0,1,0,0,-1.0,-1.8369701987210297e-16,-0.7818314824680299,0.6234898018587334,-0.9753363880767837,-0.2207236509605022,45.5125,35.86666666666667,16.504166666666666,34.37083333333333,16.4875,27.844642857142855,37.72767857142857,39.23027777777778,11.280038783928504,Good
2022-09-19,31.65,54.8,46.43333333333334,385.7916666666667,43.89166666666667,52.55,50.79166666666666,22.79583333333333,26.6,19.3,65.95833333333333,15.5875,0.0,0.0,1010.3375,15.529166666666669,22.7,86.29166666666667,2.5416666666666665,6009.0,2022,9,0,262,0,No Holiday,0,0,1,1,0,0,-1.0,-1.8369701987210297e-16,0.0,1.0,-0.9789888737409319,-0.20391367068311472,33.2125,45.5125,35.86666666666667,27.17083333333333,27.129166666666663,27.67916666666667,38.92232142857142,38.19013888888889,11.17636420747589,Good
2022-09-20,23.004166666666663,30.2,35.6875,270.9583333333333,38.30833333333333,52.85,31.45833333333333,20.116666666666667,23.1,17.5,69.0,14.141666666666666,0.0,0.0,1015.0625,12.6875,18.6,21.95833333333333,74.08333333333333,3442.0,2022,9,1,263,0,No Holiday,0,0,1,1,0,0,-1.0,-1.8369701987210297e-16,0.7818314824680298,0.6234898018587336,-0.9823516608469237,-0.18704334906991657,31.65,33.2125,45.5125,20.1125,70.24583333333332,28.31904761904762,39.2452380952381,37.233194444444436,11.270238703030229,Good
2022-09-21,30.175,47.8,45.94583333333333,279.75,46.72916666666666,68.19583333333334,20.166666666666668,19.966666666666665,23.4,17.0,68.75,13.891666666666666,0.0,0.0,1015.1708333333332,9.041666666666666,11.9,68.04166666666667,85.29166666666667,4055.0,2022,9,2,264,0,No Holiday,0,0,1,1,0,0,-1.0,-1.8369701987210297e-16,0.9749279121818236,-0.22252093395631434,-0.9854237542919524,-0.17011767832049052,23.004166666666663,31.65,33.2125,15.375,77.40416666666667,28.732142857142858,35.87083333333333,36.46013888888889,10.968254833258644,Good
2022-09-22,52.15416666666667,91.7,77.32916666666667,906.2083333333334,67.37083333333334,110.2625,11.416666666666666,21.20416666666667,26.3,16.4,72.875,15.820833333333333,0.0,0.0,1011.9916666666668,5.229166666666667,7.7,174.29166666666666,68.91666666666667,5156.0,2022,9,3,265,0,No Holiday,0,0,1,1,0,0,-1.0,-1.8369701987210297e-16,0.43388373911755823,-0.900968867902419,-0.9882042449941422,-0.15314166701312007,30.175,23.004166666666663,31.65,16.504166666666666,77.89999999999999,30.846428571428568,32.497321428571425,36.20236111111112,9.257364882270336,Moderate
2022-09-23,70.13333333333334,156.5,102.8875,984.5833333333334,61.19583333333333,90.6625,21.20833333333333,20.70833333333333,24.7,17.2,61.66666666666666,12.741666666666667,0.0,0.0,1015.7041666666668,12.0375,22.7,153.33333333333334,88.70833333333333,4739.0,2022,9,4,266,0,No Holiday,0,0,1,1,0,0,-1.0,-1.8369701987210297e-16,-0.433883739117558,-0.9009688679024191,-0.9906923101615609,-0.13612033862266704,52.15416666666667,30.175,23.004166666666663,35.86666666666667,32.65833333333333,35.93928571428571,30.658333333333335,36.87375,9.839983878955044,Moderate
2022-09-24,30.71666666666667,43.8,46.270833333333336,344.2083333333333,53.32916666666667,42.42916666666667,17.708333333333332,19.125,22.0,15.1,65.04166666666667,12.291666666666666,0.7,0.7,1017.2541666666666,9.091666666666669,12.7,60.79166666666666,98.79166666666669,2680.0,2022,9,5,267,1,No Holiday,0,0,0,1,0,0,-1.0,-1.8369701987210297e-16,-0.9749279121818236,-0.2225209339563146,-0.9928872135356962,-0.11905873003404988,70.13333333333334,52.15416666666667,30.175,45.5125,31.45,40.83452380952381,33.335119047619045,38.48486111111111,16.240052459955795,Good
2022-09-25,28.6125,45.1,44.2125,366.3333333333333,55.34166666666667,55.34166666666667,16.833333333333332,20.558333333333334,24.6,15.8,68.95833333333333,14.395833333333334,0.0,0.0,1014.7125,6.291666666666667,9.4,93.45833333333331,93.95833333333331,3386.0,2022,9,6,268,1,No Holiday,0,0,0,1,0,0,-1.0,-1.8369701987210297e-16,-0.7818314824680299,0.6234898018587334,-0.994788305609327,-0.10196189005174576,30.71666666666667,70.13333333333334,52.15416666666667,33.2125,34.37083333333333,38.72083333333334,33.282738095238095,38.24305555555555,16.49065181314014,Good
2022-09-26,26.925,33.9,40.6875,376.7916666666667,55.19166666666666,52.62083333333334,23.58333333333333,20.7125,24.5,17.8,70.91666666666667,15.070833333333333,0.0,0.0,1014.5875,8.066666666666666,12.5,98.04166666666669,54.54166666666666,4264.0,2022,9,0,269,0,No Holiday,0,0,1,1,0,0,-1.0,-1.8369701987210297e-16,0.0,1.0,-0.9963950238187231,-0.08483487790576538,28.6125,30.71666666666667,70.13333333333334,31.65,27.17083333333333,38.06369047619047,32.871428571428574,37.36097222222222,16.834802210783185,Good
2022-09-27,29.96666666666667,37.7,44.90416666666667,397.375,66.80416666666666,58.4375,19.916666666666668,21.329166666666666,25.4,17.0,76.75,16.8875,0.0,0.0,1013.6208333333334,10.0375,13.8,71.5,90.20833333333331,3083.0,2022,9,1,270,0,No Holiday,0,0,1,1,0,0,-1.0,-1.8369701987210297e-16,0.7818314824680298,0.6234898018587336,-0.9977068927101168,-0.06768276175455162,26.925,28.6125,30.71666666666667,23.004166666666663,20.1125,37.38869047619048,32.85386904761905,36.9075,17.225025485501913,Good
2022-09-28,34.37916666666667,44.0,51.97916666666666,471.0,76.875,75.89583333333333,9.208333333333334,20.245833333333334,22.2,18.6,80.95833333333333,16.82916666666667,0.4,0.4,1012.0625,8.237499999999999,9.9,85.625,84.125,1786.0,2022,9,2,271,0,No Holiday,0,0,1,1,0,0,-1.0,-1.8369701987210297e-16,0.9749279121818236,-0.22252093395631434,-0.9987235240803972,-0.050510617185222886,29.96666666666667,26.925,28.6125,30.175,15.375,38.38333333333333,33.55773809523809,37.10111111111111,16.439057805354224,Good
2022-09-29,36.4125,47.0,53.03333333333333,473.2083333333333,62.1125,72.44583333333334,16.666666666666668,21.35833333333333,26.5,16.6,77.91666666666667,17.045833333333334,0.0,0.0,1012.5,8.075000000000001,11.8,82.66666666666667,41.083333333333336,4337.0,2022,9,3,272,0,No Holiday,0,0,1,1,0,0,-1.0,-1.8369701987210297e-16,0.43388373911755823,-0.900968867902419,-0.9994446170919858,-0.033323525711631344,34.37916666666667,29.96666666666667,26.925,52.15416666666667,16.504166666666666,38.98392857142858,34.91517857142857,35.853888888888896,16.163680177431957,Moderate
2022-09-30,46.30416666666667,60.1,67.25,928.4583333333334,77.1125,93.84166666666664,22.83333333333333,23.98333333333333,29.8,19.4,78.625,19.73333333333333,0.0,0.0,1012.0416666666666,9.483333333333333,16.3,92.29166666666669,40.41666666666666,4724.0,2022,9,4,273,0,No Holiday,0,1,1,1,1,0,-1.0,-1.8369701987210297e-16,-0.433883739117558,-0.9009688679024191,-0.9998699583618592,-0.016126573270657762,36.4125,34.37916666666667,29.96666666666667,70.13333333333334,35.86666666666667,36.73511904761905,36.337202380952384,36.27236111111111,15.08500582676887,Moderate
2022-10-01,55.71666666666667,75.9,80.97916666666667,896.0833333333334,78.23333333333333,91.725,25.125,26.883333333333336,32.7,22.2,80.33333333333333,22.875,0.0,0.0,1010.7833333333332,12.245833333333332,17.4,115.95833333333331,35.166666666666664,4999.0,2022,10,5,274,1,National Day Golden Week,1,1,0,1,1,0,-0.8660254037844386,0.5000000000000001,-0.9749279121818236,-0.2225209339563146,-0.9999994220246925,0.001075151282798226,46.30416666666667,36.4125,34.37916666666667,30.71666666666667,45.5125,33.33095238095238,37.08273809523809,36.49375,6.587259227249533,Moderate
2022-10-02,44.05416666666667,66.1,64.19166666666666,594.875,63.35833333333333,46.6625,31.0,29.929166666666664,35.5,25.0,65.41666666666667,22.1125,0.0,0.0,1008.5,12.0,19.1,179.04166666666666,16.083333333333332,4993.0,2022,10,6,275,1,National Day Golden Week,1,1,0,1,1,0,-0.8660254037844386,0.5000000000000001,-0.7818314824680299,0.6234898018587334,-0.999832969770105,0.018276557681691223,55.71666666666667,46.30416666666667,36.4125,28.6125,33.2125,36.90238095238096,37.81160714285714,36.59847222222222,10.530526298670166,Moderate
2022-10-03,44.31666666666666,71.0,64.39166666666667,692.0833333333334,73.92083333333333,56.020833333333336,18.75,30.4125,36.3,25.7,64.0,22.441666666666663,0.0,0.0,1008.8541666666666,9.954166666666667,19.7,212.25,29.33333333333333,4746.0,2022,10,0,276,0,National Day Golden Week,1,1,0,1,1,0,-0.8660254037844386,0.5000000000000001,0.0,1.0,-0.9993706508539969,0.03547255575312556,44.05416666666667,55.71666666666667,46.30416666666667,26.925,31.65,39.108333333333334,38.586011904761904,37.28125,10.113639602957893,Moderate
2022-10-04,15.220833333333331,42.0,22.20833333333333,275.75,37.78333333333333,24.291666666666668,25.291666666666668,18.97083333333333,26.8,14.6,76.16666666666667,14.633333333333333,1.6,1.6,1019.2125,23.104166666666668,28.1,34.791666666666664,99.70833333333331,1092.0,2022,10,1,277,0,National Day Golden Week,1,1,0,1,1,0,-0.8660254037844386,0.5000000000000001,0.7818314824680298,0.6234898018587336,-0.9986126020839734,0.052658056924614005,44.31666666666666,44.05416666666667,55.71666666666667,29.96666666666667,23.004166666666663,41.59285714285714,39.490773809523816,38.197361111111114,8.652527098970122,Good
2022-10-05,16.0625,22.1,24.02916666666667,243.16666666666663,44.07916666666667,26.45833333333333,16.666666666666668,14.316666666666668,16.0,12.4,81.08333333333333,11.05,30.2,30.2,1023.0833333333334,17.754166666666666,21.7,37.75,99.95833333333331,1220.0,2022,10,2,278,0,National Day Golden Week,1,1,0,1,1,0,-0.8660254037844386,0.5000000000000001,0.9749279121818236,-0.22252093395631434,-0.9975590477788613,0.06982797572987089,15.220833333333331,44.31666666666666,44.05416666666667,34.37916666666667,30.175,39.48630952380953,38.934821428571425,38.15513888888889,12.77008147920167,Good
2022-10-06,20.25,23.9,29.879166666666663,288.5833333333333,48.9125,26.625,11.625,13.1,14.1,12.2,91.5,11.729166666666666,35.0,35.0,1022.6333333333332,14.820833333333333,17.0,28.70833333333333,100.0,610.0,2022,10,3,279,0,National Day Golden Week,1,1,0,1,1,0,-0.8660254037844386,0.5000000000000001,0.43388373911755823,-0.900968867902419,-0.9962102997023297,0.0869772313136861,16.0625,15.220833333333331,44.31666666666666,36.4125,52.15416666666667,36.86964285714286,37.926785714285714,37.786249999999995,15.562311413829411,Good
2022-10-07,34.05833333333333,55.9,50.37083333333334,429.75,48.575,37.575,14.125,14.683333333333332,18.1,11.6,77.66666666666667,10.604166666666666,2.7,2.7,1023.3,8.7125,14.3,37.41666666666666,93.875,2826.0,2022,10,4,280,0,National Day Golden Week,1,1,0,1,1,0,-0.8660254037844386,0.5000000000000001,-0.433883739117558,-0.9009688679024191,-0.9945667569706337,0.1041007489354256,20.25,16.0625,15.220833333333331,46.30416666666667,70.13333333333334,34.56071428571429,35.64791666666667,36.11972222222222,16.791856708523234,Good
2022-10-08,42.18333333333333,64.0,63.49166666666667,538.4583333333334,60.22916666666666,60.675,10.125,15.633333333333333,18.6,13.2,78.41666666666667,11.6875,2.5,2.5,1021.6166666666668,5.916666666666667,10.8,102.66666666666669,99.91666666666669,1993.0,2022,10,5,281,1,No Holiday,0,1,0,1,1,0,-0.8660254037844386,0.5000000000000001,-0.9749279121818236,-0.2225209339563146,-0.9926289059345095,0.121193461470736,34.05833333333333,20.25,16.0625,55.71666666666667,30.71666666666667,32.81130952380953,33.071130952380955,34.67486111111111,15.98290495064573,Moderate
2022-10-09,31.34583333333333,47.4,45.77916666666667,545.9166666666666,54.82916666666667,47.87916666666666,13.0,15.675,19.4,12.2,68.29166666666667,9.120833333333334,2.6,2.6,1022.0666666666666,13.220833333333331,26.2,303.25,74.95833333333333,3676.0,2022,10,6,282,1,No Holiday,0,0,0,1,0,0,-0.8660254037844386,0.5000000000000001,-0.7818314824680299,0.6234898018587334,-0.9903973200352558,0.1382503109109819,42.18333333333333,34.05833333333333,20.25,44.05416666666667,28.6125,30.877976190476186,33.89017857142857,33.48430555555555,13.352493549697343,Good
2022-10-10,26.90416666666667,56.7,38.54583333333333,571.875,40.86666666666667,41.45,21.375,12.141666666666666,16.0,8.6,51.875,2.1,0.0,0.0,1025.3208333333334,13.1125,21.4,320.2916666666667,29.416666666666668,5215.0,2022,10,0,283,0,No Holiday,0,0,1,1,0,0,-0.8660254037844386,0.5000000000000001,0.0,1.0,-0.9878726596350429,0.15526624985999563,31.34583333333333,42.18333333333333,34.05833333333333,44.31666666666666,26.925,29.062499999999996,34.08541666666667,33.440555555555555,12.064201328878093,Good
2022-10-11,58.15833333333333,92.7,83.82083333333334,1065.5833333333333,62.2875,83.30416666666666,15.875,13.125,17.8,9.1,62.875,5.679166666666667,0.0,0.0,1024.5375,5.904166666666666,10.9,152.625,45.083333333333336,5033.0,2022,10,1,284,0,No Holiday,0,0,1,1,0,0,-0.8660254037844386,0.5000000000000001,0.7818314824680298,0.6234898018587336,-0.9850556718215013,0.172236243027682,26.90416666666667,31.34583333333333,42.18333333333333,15.220833333333331,29.96666666666667,26.574999999999996,34.08392857142857,33.289027777777775,10.016028242734723,Moderate
2022-10-12,47.525,86.4,69.95,595.1666666666666,56.80416666666667,62.91666666666666,21.95833333333333,14.616666666666667,20.2,9.6,70.95833333333333,9.029166666666669,0.0,0.0,1023.8708333333334,9.604166666666666,15.2,82.25,28.08333333333333,4701.0,2022,10,2,285,0,No Holiday,0,0,1,1,0,0,-0.8660254037844386,0.5000000000000001,0.9749279121818236,-0.22252093395631434,-0.981947190186646,0.18915526872004093,58.15833333333333,26.90416666666667,31.34583333333333,16.0625,34.37916666666667,32.708928571428565,36.09761904761905,34.081944444444446,14.184141474841082,Moderate
2022-10-13,27.558333333333334,40.3,42.65,338.5833333333333,57.92083333333333,39.54166666666666,23.5,15.341666666666669,20.6,10.6,75.125,10.691666666666668,0.0,0.0,1021.7541666666666,10.091666666666669,14.7,71.75,14.0,4712.0,2022,10,3,286,0,No Holiday,0,0,1,1,0,0,-0.8660254037844386,0.5000000000000001,0.43388373911755823,-0.900968867902419,-0.9785481345802031,0.20601832032517084,47.525,58.15833333333333,26.90416666666667,20.25,36.4125,37.20357142857142,37.036607142857136,34.760416666666664,12.962374420927162,Good
2022-10-14,34.22083333333333,52.3,52.69583333333333,436.4583333333333,65.48333333333333,44.29166666666666,23.25,16.349999999999998,21.8,11.5,76.20833333333333,11.7875,0.0,0.0,1018.5708333333332,8.408333333333333,12.4,58.125,23.08333333333333,4001.0,2022,10,4,287,0,No Holiday,0,0,1,1,0,0,-0.8660254037844386,0.5000000000000001,-0.433883739117558,-0.9009688679024191,-0.9748595108374125,0.22282040779479959,27.558333333333334,47.525,58.15833333333333,34.05833333333333,46.30416666666667,38.24761904761904,36.40416666666666,35.008611111111115,11.591057540795017,Good
2022-10-15,37.475,51.7,56.71666666666667,472.7916666666667,67.53750000000001,47.74583333333334,22.75,16.283333333333335,21.5,11.6,79.58333333333333,12.445833333333333,0.0,0.0,1018.0125,7.716666666666666,11.1,51.083333333333336,2.375,4624.0,2022,10,5,288,1,No Holiday,0,0,0,1,0,0,-0.8660254037844386,0.5000000000000001,-0.9749279121818236,-0.2225209339563146,-0.9708824104813836,0.23955655912092708,34.22083333333333,27.558333333333334,47.525,42.18333333333333,55.71666666666667,38.27083333333333,35.54107142857143,35.63680555555556,11.581427700961243,Moderate
2022-10-16,35.875,54.5,55.6875,430.9166666666667,72.30833333333334,50.583333333333336,14.75,17.033333333333335,22.8,11.5,76.08333333333333,12.3625,0.0,0.0,1018.7416666666668,8.791666666666666,15.9,33.416666666666664,6.0,4622.0,2022,10,6,289,1,No Holiday,0,0,0,1,0,0,-0.8660254037844386,0.5000000000000001,-0.7818314824680299,0.6234898018587334,-0.9666180104000972,0.2562218218071163,37.475,34.22083333333333,27.558333333333334,31.34583333333333,44.05416666666667,37.598214285714285,34.23809523809524,36.33583333333333,11.452332988795046,Moderate
2022-10-17,32.3875,56.7,51.72083333333333,349.625,45.87916666666666,34.737500000000004,29.83333333333333,16.741666666666667,20.1,11.4,61.0,8.695833333333333,0.0,0.0,1023.8541666666666,15.945833333333333,23.2,26.5,25.5,4604.0,2022,10,0,290,0,No Holiday,0,0,1,1,0,0,-0.8660254037844386,0.5000000000000001,0.0,1.0,-0.9620675724981452,0.27281126433401914,35.875,37.475,34.22083333333333,26.90416666666667,44.31666666666666,38.2452380952381,33.65386904761905,36.33611111111111,11.16454437454882,Good
2022-10-18,30.070833333333336,43.8,43.89166666666667,429.5833333333333,48.84166666666667,46.9375,15.666666666666666,12.591666666666669,17.4,8.8,60.375,4.783333333333333,0.0,0.0,1025.6833333333334,8.495833333333334,12.0,44.79166666666666,0.7083333333333334,4767.0,2022,10,1,291,0,No Holiday,0,0,1,1,0,0,-0.8660254037844386,0.5000000000000001,0.7818314824680298,0.6234898018587336,-0.957232443323312,0.28931997761869527,32.3875,35.875,37.475,58.15833333333333,15.220833333333331,39.028571428571425,32.801785714285714,35.89861111111111,10.402565574689453,Good
2022-10-19,36.74583333333333,56.0,54.01666666666667,440.75,55.5625,55.8625,18.916666666666668,13.425,19.0,8.2,65.54166666666667,6.4125000000000005,0.0,0.0,1025.3625,9.204166666666667,13.5,79.58333333333333,0.0833333333333333,4715.0,2022,10,2,292,0,No Holiday,0,0,1,1,0,0,-0.8660254037844386,0.5000000000000001,0.9749279121818236,-0.22252093395631434,-0.9521140536681102,0.3057430764672831,30.070833333333336,32.3875,35.875,47.525,16.0625,35.01607142857143,33.8625,35.793888888888894,6.466225208912922,Moderate
2022-10-20,29.53333333333333,36.0,47.49583333333334,442.75,55.39166666666667,57.59583333333333,25.291666666666668,15.595833333333331,21.0,10.1,64.375,8.579166666666667,0.0,0.0,1023.4083333333332,14.4625,20.3,115.16666666666669,43.875,4518.0,2022,10,3,293,0,No Holiday,0,0,1,1,0,0,-0.8660254037844386,0.5000000000000001,0.43388373911755823,-0.900968867902419,-0.9467139181463862,0.3220757010206104,36.74583333333333,30.070833333333336,32.3875,27.558333333333334,20.25,33.476190476190474,35.33988095238095,35.96375,3.669526752498431,Good
2022-10-21,46.8,71.9,70.91250000000001,852.375,67.87083333333334,76.16250000000001,11.625,16.504166666666666,20.3,12.8,75.375,11.9625,0.0,0.0,1020.5375,6.7375,12.7,183.66666666666663,88.83333333333333,1761.0,2022,10,4,294,0,No Holiday,0,0,1,1,0,0,-0.8660254037844386,0.5000000000000001,-0.433883739117558,-0.9009688679024191,-0.9410336347451197,0.3383130181923076,29.53333333333333,36.74583333333333,30.070833333333336,34.22083333333333,34.05833333333333,33.75833333333333,36.00297619047619,36.18138888888889,3.18225330718835,Moderate
2022-10-22,65.3875,85.9,96.02916666666664,1011.625,72.125,73.1125,16.375,16.783333333333335,23.4,11.6,78.83333333333333,12.65,0.0,0.0,1020.4541666666668,8.299999999999999,12.2,197.45833333333331,0.2083333333333333,4415.0,2022,10,5,295,1,No Holiday,0,0,0,1,0,0,-0.8660254037844386,0.5000000000000001,-0.9749279121818236,-0.2225209339563146,-0.9350748843515574,0.3544502230989869,46.8,29.53333333333333,36.74583333333333,37.475,42.18333333333333,35.55535714285714,36.91309523809524,36.735555555555564,5.888215885098288,Moderate
2022-10-23,51.95416666666667,81.0,81.58333333333333,609.0416666666666,68.0125,53.90416666666667,25.041666666666668,16.829166666666666,22.7,13.1,72.29166666666667,11.095833333333331,0.0,0.0,1022.1708333333332,9.795833333333333,18.2,42.54166666666666,5.166666666666667,4288.0,2022,10,6,296,1,No Holiday,0,0,0,1,0,0,-0.8660254037844386,0.5000000000000001,-0.7818314824680299,0.6234898018587334,-0.9288394302558068,0.3704825404820963,65.3875,46.8,29.53333333333333,35.875,31.34583333333333,39.542857142857144,38.57053571428571,37.17666666666666,12.799720979101734,Moderate
2022-10-24,33.72083333333333,55.3,52.67916666666667,478.1666666666667,62.5125,49.54583333333333,19.541666666666668,15.475,22.0,8.9,58.708333333333336,6.533333333333334,0.0,0.0,1023.5458333333332,7.929166666666667,12.0,105.91666666666669,45.333333333333336,4391.0,2022,10,0,297,0,No Holiday,0,0,1,1,0,0,-0.8660254037844386,0.5000000000000001,0.0,1.0,-0.9223291176290545,0.3864052261209853,51.95416666666667,65.3875,46.8,32.3875,26.90416666666667,41.83988095238095,40.04255952380952,36.57069444444444,13.457651740812137,Good
2022-10-25,26.40416666666667,39.8,41.61666666666667,415.5833333333333,60.2,52.46666666666667,20.83333333333333,16.5125,21.2,12.6,60.41666666666666,8.2875,0.0,0.0,1023.6333333333332,13.3875,18.7,108.125,70.66666666666667,4326.0,2022,10,1,298,0,No Holiday,0,0,1,1,0,0,-0.8660254037844386,0.5000000000000001,0.7818314824680298,0.6234898018587336,-0.9155458729775467,0.40221356823680365,33.72083333333333,51.95416666666667,65.3875,30.070833333333336,58.15833333333333,42.03035714285715,40.52946428571429,36.670833333333334,13.310195356563854,Good
2022-10-26,29.6,43.1,45.55,691.0833333333334,77.92916666666666,81.82916666666667,3.333333333333333,15.133333333333333,16.7,14.3,79.25,11.470833333333331,3.9,3.9,1021.1375,11.55,16.6,85.5,100.0,769.0,2022,10,2,299,0,No Holiday,0,0,1,1,0,0,-0.8660254037844386,0.5000000000000001,0.9749279121818236,-0.22252093395631434,-0.9084917035725082,0.41790288888678667,26.40416666666667,33.72083333333333,51.95416666666667,36.74583333333333,47.525,41.506547619047616,38.26130952380952,36.597222222222214,13.917583522929716,Good
2022-10-27,16.575,22.4,25.004166666666663,287.9166666666667,57.025,35.579166666666666,17.875,16.495833333333334,19.2,14.4,85.08333333333333,13.866666666666667,4.2,4.2,1022.7708333333334,13.583333333333334,18.5,57.79166666666666,99.875,865.0,2022,10,3,300,0,No Holiday,0,0,1,1,0,0,-0.8660254037844386,0.5000000000000001,0.43388373911755823,-0.900968867902419,-0.9011686968561569,0.4334685453485363,29.6,26.40416666666667,33.72083333333333,29.53333333333333,27.558333333333334,40.48571428571428,36.98095238095238,36.68638888888889,14.571670903615697,Good
2022-10-28,23.875,37.7,39.458333333333336,298.1666666666667,50.333333333333336,28.991666666666664,31.95833333333333,16.787499999999998,21.0,13.1,68.375,10.558333333333334,0.0,0.0,1024.8875,14.9875,22.5,60.708333333333336,69.5,2689.0,2022,10,4,301,0,No Holiday,0,0,1,1,0,0,-0.8660254037844386,0.5000000000000001,-0.433883739117558,-0.9009688679024191,-0.8935790198239952,0.4489059314938798,16.575,29.6,26.40416666666667,46.8,34.22083333333333,38.634523809523806,36.19642857142858,36.24,16.841322312557576,Good
2022-10-29,29.8875,43.5,47.75,407.9583333333333,49.725,41.458333333333336,21.875,15.5125,19.5,13.1,68.29166666666667,9.454166666666667,0.0,0.0,1023.85,11.445833333333333,14.8,52.0,34.916666666666664,3987.0,2022,10,5,302,1,No Holiday,0,0,0,1,0,0,-0.8660254037844386,0.5000000000000001,-0.9749279121818236,-0.2225209339563146,-0.8857249183835637,0.4642104791518923,23.875,16.575,29.6,65.3875,37.475,35.35952380952381,35.45744047619048,35.88986111111112,17.213705731574112,Good
2022-10-30,31.60833333333333,50.6,49.4,454.9583333333333,63.42916666666667,52.875,15.458333333333334,15.845833333333331,21.8,10.8,74.375,10.854166666666666,0.2,0.2,1021.45,7.804166666666667,10.5,57.708333333333336,42.91666666666666,3612.0,2022,10,6,303,1,No Holiday,0,0,0,1,0,0,-0.8660254037844386,0.5000000000000001,-0.7818314824680299,0.6234898018587334,-0.8776087166898392,0.4793776594606945,29.8875,23.875,16.575,51.95416666666667,35.875,30.28809523809524,34.91547619047619,35.6723611111111,11.000742143675593,Good
2022-10-31,37.079166666666666,49.0,57.41666666666666,521.5833333333334,62.84166666666667,56.35416666666666,12.958333333333334,17.358333333333334,22.0,13.9,76.70833333333333,12.8125,0.1,0.1,1021.1875,7.316666666666666,12.5,43.04166666666666,35.041666666666664,3103.0,2022,10,0,304,0,No Holiday,0,0,1,1,0,0,-0.8660254037844386,0.5000000000000001,0.0,1.0,-0.8692328164574792,0.49440298420761813,31.60833333333333,29.8875,23.875,33.72083333333333,32.3875,27.381547619047616,34.61071428571429,35.1825,5.763190816400535,Moderate
2022-11-01,46.583333333333336,58.9,72.03750000000001,510.2916666666667,63.35,45.770833333333336,26.916666666666668,16.354166666666668,21.3,12.6,73.25,11.070833333333333,0.0,0.0,1021.9416666666666,11.7625,18.7,45.91666666666666,12.666666666666666,3655.0,2022,11,1,305,0,No Holiday,0,0,1,1,0,1,-0.5000000000000004,0.8660254037844384,0.7818314824680298,0.6234898018587336,-0.8605996962501181,0.5092820071573356,37.079166666666666,31.60833333333333,29.8875,26.40416666666667,30.070833333333336,27.86130952380952,34.94583333333333,34.561249999999994,6.4747236973999165,Moderate
2022-11-02,37.85416666666666,52.5,59.85833333333333,456.5416666666667,60.4125,54.333333333333336,23.20833333333333,14.520833333333334,20.0,9.6,69.08333333333333,8.616666666666667,0.0,0.0,1019.4458333333332,8.541666666666666,11.4,74.0,0.3333333333333333,4092.0,2022,11,2,306,0,No Holiday,0,0,1,1,0,1,-0.5000000000000004,0.8660254037844384,0.9749279121818236,-0.22252093395631434,-0.8517119107469189,0.5240103253675756,46.583333333333336,37.079166666666666,31.60833333333333,29.6,36.74583333333333,30.744047619047617,36.12529761904762,34.64555555555555,9.50220973847774,Moderate
2022-11-03,38.62916666666667,54.1,59.25,475.7916666666667,66.32916666666667,86.04583333333333,17.0,14.658333333333331,20.4,10.2,71.16666666666667,9.095833333333331,0.0,0.0,1019.575,9.916666666666666,17.6,56.708333333333336,10.958333333333334,3749.0,2022,11,3,307,0,No Holiday,0,0,1,1,0,1,-0.5000000000000004,0.8660254037844384,0.43388373911755823,-0.900968867902419,-0.8425720899866032,0.5385835804920232,37.85416666666666,46.583333333333336,37.079166666666666,16.575,29.53333333333333,31.923214285714284,36.20446428571429,34.43013888888889,9.84262709854733,Moderate
2022-11-04,26.558333333333334,38.1,42.1375,398.7916666666667,43.175,52.78333333333333,25.83333333333333,14.0,17.4,11.5,64.04166666666667,6.9,0.0,0.0,1025.6458333333333,13.5125,20.0,38.625,67.70833333333333,3549.0,2022,11,4,308,0,No Holiday,0,0,1,1,0,1,-0.5000000000000004,0.8660254037844384,-0.433883739117558,-0.9009688679024191,-0.8331829385891785,0.5529974600700271,38.62916666666667,37.85416666666666,46.583333333333336,23.875,46.8,35.07380952380952,36.854166666666664,35.21041666666667,7.316445087399427,Good
2022-11-05,42.87083333333334,65.9,63.53333333333333,583.1666666666666,57.72916666666666,53.61666666666667,17.208333333333332,12.225,17.4,7.3,61.333333333333336,4.304166666666666,0.0,0.0,1026.325,7.7,10.9,77.125,56.375,3790.0,2022,11,5,309,1,No Holiday,0,0,0,1,0,1,-0.5000000000000004,0.8660254037844384,-0.9749279121818236,-0.2225209339563146,-0.8235472349556007,0.5672476988027229,26.558333333333334,38.62916666666667,37.85416666666666,29.8875,65.3875,35.457142857142856,35.40833333333334,35.56027777777778,6.67399931563372,Moderate
2022-11-06,41.86666666666667,58.1,65.9375,707.9583333333334,60.29583333333333,74.50416666666666,19.70833333333333,13.904166666666669,19.9,9.1,65.25,7.241666666666667,0.0,0.0,1021.6666666666666,13.0625,17.8,128.70833333333334,48.875,3650.0,2022,11,6,310,1,No Holiday,0,0,0,1,0,1,-0.5000000000000004,0.8660254037844384,-0.7818314824680299,0.6234898018587334,-0.8136678304455991,0.5813300798152042,42.87083333333334,26.558333333333334,38.62916666666667,31.60833333333333,51.95416666666667,37.31190476190476,33.8,36.314305555555556,6.67226216071205,Moderate
2022-11-07,58.3,115.9,87.05833333333334,885.6666666666666,66.7625,77.3,22.25,15.1125,21.5,9.6,68.25,8.674999999999999,0.0,0.0,1019.9333333333334,6.145833333333333,11.9,125.625,0.4166666666666667,3821.0,2022,11,0,311,0,No Holiday,0,0,1,1,0,1,-0.5000000000000004,0.8660254037844384,0.0,1.0,-0.8035476485339116,0.5952404359043674,41.86666666666667,42.87083333333334,26.558333333333334,37.079166666666666,33.72083333333333,38.77738095238095,33.07946428571429,36.57458333333333,6.3284579448960105,Moderate
2022-11-08,76.92083333333333,103.4,113.65833333333336,1266.9166666666667,85.94166666666666,124.32083333333333,6.666666666666667,15.725,22.2,10.8,74.875,10.829166666666666,0.0,0.0,1021.35,8.554166666666667,13.4,64.375,1.75,3740.0,2022,11,1,312,0,No Holiday,0,0,1,1,0,1,-0.5000000000000004,0.8660254037844384,0.7818314824680298,0.6234898018587336,-0.7931896839451843,0.6089746507720486,58.3,41.86666666666667,42.87083333333334,46.583333333333336,26.40416666666667,41.808928571428574,34.835119047619045,37.11180555555555,9.610870891116695,Unhealthy for Sensitive Groups
2022-11-09,41.68333333333333,78.2,63.020833333333336,1015.0416666666666,76.66666666666667,75.32916666666667,13.958333333333334,17.291666666666668,22.7,13.1,78.875,13.329166666666666,0.2,0.2,1019.0875,9.691666666666666,12.9,117.08333333333331,38.91666666666666,3222.0,2022,11,2,313,0,No Holiday,0,0,1,1,0,1,-0.5000000000000004,0.8660254037844384,0.9749279121818236,-0.22252093395631434,-0.7825970017677834,0.6225286602431057,76.92083333333333,58.3,41.86666666666667,37.85416666666666,29.6,46.142857142857146,38.44345238095237,38.63097222222222,16.496380374985005,Moderate
2022-11-10,51.7125,69.6,75.75833333333334,1063.9166666666667,83.90416666666667,72.88333333333334,7.583333333333333,18.816666666666663,25.4,12.9,81.20833333333333,15.175,0.0,0.0,1018.2583333333332,8.691666666666666,14.3,81.41666666666667,1.9166666666666667,3585.0,2022,11,3,314,0,No Holiday,0,0,1,1,0,1,-0.5000000000000004,0.8660254037844384,0.43388373911755823,-0.900968867902419,-0.7717727365467836,0.6358984534680745,41.68333333333333,76.92083333333333,58.3,38.62916666666667,16.575,46.68988095238095,39.30654761904761,39.12361111111111,16.237167806801878,Moderate
2022-11-11,24.825,31.1,36.3375,764.375,78.66666666666667,97.76666666666668,8.0,19.891666666666666,23.6,16.9,87.91666666666667,17.666666666666668,0.3,0.3,1017.4583333333334,14.975,20.1,106.95833333333331,77.83333333333333,1736.0,2022,11,4,315,0,No Holiday,0,0,1,1,0,1,-0.5000000000000004,0.8660254037844384,-0.433883739117558,-0.9009688679024191,-0.7607200913564104,0.6490800741100398,51.7125,41.68333333333333,76.92083333333333,26.558333333333334,23.875,48.55892857142857,41.81636904761905,38.908750000000005,15.904254800750511,Good
2022-11-12,27.6125,38.9,39.7,622.5,54.31666666666666,46.50833333333333,17.375,19.73333333333333,24.0,15.4,87.83333333333333,17.533333333333335,2.5,2.5,1014.3291666666668,14.129166666666668,20.6,236.66666666666663,86.91666666666667,2315.0,2022,11,5,316,1,No Holiday,0,0,0,1,0,1,-0.5000000000000004,0.8660254037844384,-0.9749279121818236,-0.2225209339563146,-0.7494423368521954,0.6620696215153815,24.825,51.7125,41.68333333333333,42.87083333333334,29.8875,48.31130952380952,41.88422619047619,38.15208333333333,16.312142169036445,Good
2022-11-13,14.608333333333334,28.8,21.02083333333333,339.9583333333333,42.60416666666666,35.62916666666667,18.08333333333333,12.075,15.2,9.2,69.375,6.529166666666668,1.1,1.1,1023.1875,16.25,21.7,66.70833333333333,100.0,1614.0,2022,11,6,317,1,No Holiday,0,0,0,1,0,1,-0.5000000000000004,0.8660254037844384,-0.7818314824680299,0.6234898018587334,-0.7379428103031386,0.6748632518680403,27.6125,24.825,51.7125,41.86666666666667,31.60833333333333,46.131547619047616,41.72172619047619,38.15388888888889,18.083594285294396,Good
2022-11-14,39.84583333333333,67.3,57.275,767.1666666666666,47.78333333333333,88.4375,4.958333333333333,9.6125,11.0,7.8,77.125,5.741666666666667,2.1,2.1,1022.5083333333332,6.25,10.9,307.4583333333333,73.45833333333333,1086.0,2022,11,0,318,0,No Holiday,0,0,1,1,0,1,-0.5000000000000004,0.8660254037844384,0.0,1.0,-0.7262249146041543,0.6874571793269664,14.608333333333334,27.6125,24.825,58.3,37.079166666666666,42.2375,40.507440476190474,37.500138888888884,21.723554324741606,Moderate
2022-11-15,76.83333333333333,112.0,110.0625,1896.4583333333333,62.87083333333334,128.92083333333332,9.833333333333334,9.416666666666666,14.6,5.6,76.41666666666667,5.0625,0.0,0.0,1020.1125,6.379166666666666,9.8,251.95833333333331,10.791666666666666,3683.0,2022,11,1,319,0,No Holiday,0,0,1,1,0,1,-0.5000000000000004,0.8660254037844384,0.7818314824680298,0.6234898018587336,-0.7142921172691032,0.699847677146407,39.84583333333333,14.608333333333334,27.6125,76.92083333333333,46.583333333333336,39.601190476190474,40.70505952380952,37.579166666666666,20.53672378471122,Unhealthy for Sensitive Groups
2022-11-16,82.11666666666666,113.6,118.82916666666668,1475.875,74.80416666666666,173.5,8.125,12.066666666666668,17.0,6.1,68.58333333333333,6.070833333333333,0.4,0.4,1019.1375,8.979166666666666,13.4,97.95833333333331,81.75,2689.0,2022,11,2,320,0,No Holiday,0,0,1,1,0,1,-0.5000000000000004,0.8660254037844384,0.9749279121818236,-0.22252093395631434,-0.7021479494046978,0.7120310787787131,76.83333333333333,39.84583333333333,14.608333333333334,41.68333333333333,37.85416666666666,39.58869047619048,42.86577380952381,38.94444444444444,20.51023227504238,Unhealthy for Sensitive Groups
2022-11-17,37.25833333333333,75.0,55.958333333333336,889.5,80.9875,84.29166666666667,6.541666666666667,13.2,14.2,12.4,91.25,11.783333333333331,10.7,10.7,1017.9375,10.520833333333334,14.8,85.04166666666667,100.0,390.0,2022,11,3,321,0,No Holiday,0,0,1,1,0,1,-0.5000000000000004,0.8660254037844384,0.43388373911755823,-0.900968867902419,-0.6897960046655887,0.7240037789593305,82.11666666666666,76.83333333333333,39.84583333333333,51.7125,38.62916666666667,45.36488095238095,46.02738095238095,40.60208333333333,26.123770666754943,Moderate
2022-11-18,24.579166666666666,32.8,37.35833333333333,454.4166666666667,57.3375,91.325,17.166666666666668,14.891666666666666,17.6,12.4,89.16666666666667,13.095833333333331,1.6,1.6,1019.9791666666666,11.291666666666666,16.1,77.95833333333333,99.0,921.0,2022,11,4,322,0,No Holiday,0,0,1,1,0,1,-0.5000000000000004,0.8660254037844384,-0.433883739117558,-0.9009688679024191,-0.6772399381909491,0.7357622347736527,37.25833333333333,82.11666666666666,76.83333333333333,24.825,26.558333333333334,43.300000000000004,45.92946428571429,40.84166666666667,26.109660014347458,Good
2022-11-19,31.391666666666666,57.4,46.083333333333336,811.9166666666666,62.65,94.375,2.9166666666666665,15.895833333333334,17.9,14.3,88.58333333333333,13.983333333333334,2.6,2.6,1017.9833333333332,7.383333333333333,11.4,271.4166666666667,96.75,1095.0,2022,11,5,323,1,No Holiday,0,0,0,1,0,1,-0.5000000000000004,0.8660254037844384,-0.9749279121818236,-0.2225209339563146,-0.6644834655228552,0.7473029667054296,24.579166666666666,37.25833333333333,82.11666666666666,27.6125,42.87083333333334,43.264880952380956,45.78809523809524,40.43611111111111,26.138800720546943,Good
2022-11-20,49.45416666666667,98.0,71.27499999999999,963.375,60.10833333333333,121.49166666666667,8.208333333333334,15.045833333333334,18.9,12.4,80.58333333333333,11.4875,0.1,0.1,1017.6,6.129166666666666,8.7,226.33333333333331,68.33333333333333,2272.0,2022,11,6,324,1,No Holiday,0,0,0,1,0,1,-0.5000000000000004,0.8660254037844384,-0.7818314824680299,0.6234898018587334,-0.6515303615068021,0.75862255966641,31.391666666666666,24.579166666666666,37.25833333333333,14.608333333333334,41.86666666666667,43.804761904761904,44.96815476190476,40.49805555555555,25.79844086551103,Moderate
2022-11-21,55.6,78.9,79.92083333333333,869.8333333333334,68.07916666666667,122.67083333333332,8.375,14.7875,19.2,9.9,84.58333333333333,11.945833333333333,3.4,3.4,1017.7125,8.608333333333333,15.0,70.75,80.58333333333333,2206.0,2022,11,0,325,0,No Holiday,0,0,1,1,0,1,-0.5000000000000004,0.8660254037844384,0.0,1.0,-0.6383844591746642,0.7697176640069211,49.45416666666667,31.391666666666666,24.579166666666666,39.84583333333333,58.3,48.78273809523809,45.51011904761905,40.586527777777775,22.358368719245018,Moderate
2022-11-22,19.33333333333333,33.2,28.02083333333333,494.75,64.9375,36.72916666666666,7.166666666666667,15.241666666666667,17.3,13.2,88.45833333333333,13.291666666666666,11.6,11.6,1016.1458333333334,12.033333333333331,16.7,98.33333333333331,93.20833333333331,1237.0,2022,11,1,326,0,No Holiday,0,0,1,1,0,1,-0.5000000000000004,0.8660254037844384,0.7818314824680298,0.6234898018587336,-0.6250496486104377,0.7805849965070866,55.6,49.45416666666667,31.391666666666666,76.83333333333333,76.92083333333333,51.03333333333334,45.3172619047619,40.26027777777778,22.10026565220762,Good
2022-11-23,40.575,90.6,58.95,1107.6666666666667,54.49166666666667,71.39999999999999,9.625,13.883333333333333,16.5,12.2,85.5,11.404166666666669,0.5,0.5,1020.0291666666668,6.1125,12.1,217.16666666666663,93.33333333333331,1623.0,2022,11,2,327,0,No Holiday,0,0,1,1,0,1,-0.5000000000000004,0.8660254037844384,0.9749279121818236,-0.22252093395631434,-0.6115298757991053,0.7912213413483807,19.33333333333333,55.6,49.45416666666667,82.11666666666666,41.68333333333333,42.819047619047616,41.203869047619044,39.172916666666666,21.592664737581057,Moderate
2022-11-24,50.65833333333333,90.3,74.19166666666666,1310.2916666666667,67.60416666666667,96.0,9.75,14.670833333333334,19.0,11.6,80.875,11.195833333333333,0.3,0.3,1018.9541666666668,7.533333333333334,11.6,120.33333333333331,60.66666666666666,2717.0,2022,11,3,328,0,No Holiday,0,0,1,1,0,1,-0.5000000000000004,0.8660254037844384,0.43388373911755823,-0.900968867902419,-0.5978291414589552,0.801623551065242,40.575,19.33333333333333,55.6,37.25833333333333,51.7125,36.884523809523806,41.12470238095238,39.40138888888889,12.985003528439927,Moderate
2022-11-25,54.020833333333336,82.0,79.22083333333333,1535.0,80.19583333333334,91.00416666666666,9.708333333333334,15.1375,20.1,11.4,81.29166666666667,11.745833333333332,0.0,0.0,1015.5833333333334,7.574999999999999,11.7,228.70833333333331,42.083333333333336,3130.0,2022,11,4,329,0,No Holiday,0,0,1,1,0,1,-0.5000000000000004,0.8660254037844384,-0.433883739117558,-0.9009688679024191,-0.5839514998576998,0.8117885474764613,50.65833333333333,40.575,19.33333333333333,24.579166666666666,24.825,38.79880952380953,41.04940476190477,40.20986111111111,13.997550776643338,Moderate
2022-11-26,81.00416666666666,176.0,116.25416666666666,2173.208333333333,80.44166666666666,102.61666666666667,19.45833333333333,15.670833333333334,19.8,12.0,78.875,11.729166666666666,0.0,0.0,1016.5416666666666,8.570833333333333,19.2,122.58333333333331,60.625,2589.0,2022,11,5,330,1,No Holiday,0,0,0,1,0,1,-0.5000000000000004,0.8660254037844384,-0.9749279121818236,-0.2225209339563146,-0.5699010576127624,0.8217133225960589,54.020833333333336,50.65833333333333,40.575,31.391666666666666,27.6125,43.0047619047619,43.13482142857142,41.02388888888889,13.424294421715402,Unhealthy for Sensitive Groups
2022-11-27,44.74166666666667,63.8,66.45416666666667,1203.7916666666667,70.46249999999999,87.2,14.875,15.991666666666667,20.1,13.2,82.125,12.841666666666669,0.1,0.1,1010.8958333333334,16.470833333333335,20.3,143.08333333333334,53.0,2077.0,2022,11,6,331,1,No Holiday,0,0,0,1,0,1,-0.5000000000000004,0.8660254037844384,-0.7818314824680299,0.6234898018587334,-0.5556819724760489,0.8313949395234058,81.00416666666666,54.020833333333336,50.65833333333333,49.45416666666667,14.608333333333334,50.09226190476191,46.94851190476191,43.171527777777776,18.43335867309318,Moderate
2022-11-28,44.09166666666667,59.5,63.41666666666666,1160.875,61.65,52.67083333333333,4.666666666666667,16.091666666666665,19.2,13.1,89.125,14.275,11.0,11.0,1009.2375,11.033333333333331,22.6,235.0,88.54166666666667,1173.0,2022,11,0,332,0,No Holiday,0,0,1,1,0,1,-0.5000000000000004,0.8660254037844384,0.0,1.0,-0.5412984521036173,0.8408305333122887,44.74166666666667,81.00416666666666,54.020833333333336,55.6,39.84583333333333,49.41904761904762,49.10089285714286,43.86708333333333,18.546255027961017,Moderate
2022-11-29,18.6375,27.8,28.15416666666667,542.9583333333334,40.90416666666667,30.183333333333334,12.0,8.595833333333333,13.5,2.2,78.41666666666667,4.916666666666667,9.6,9.6,1022.975,23.916666666666668,30.3,36.0,100.0,510.0,2022,11,1,333,0,No Holiday,0,0,1,1,0,1,-0.5000000000000004,0.8660254037844384,0.7818314824680298,0.6234898018587336,-0.5267547528105542,0.8500173118187018,44.09166666666667,44.74166666666667,81.00416666666666,19.33333333333333,76.83333333333333,47.775,49.40416666666666,44.340555555555554,18.41665016967587,Good
2022-11-30,19.98333333333333,26.4,30.0,324.3333333333333,36.391666666666666,41.90833333333333,23.70833333333333,0.1999999999999999,2.2,-1.5,41.04166666666666,-11.6875,0.0,0.0,1036.4,19.741666666666667,28.8,138.375,93.25,865.0,2022,11,2,334,0,No Holiday,0,0,1,1,0,1,-0.5000000000000004,0.8660254037844384,0.9749279121818236,-0.22252093395631434,-0.5120551783114646,0.8589525565270845,18.6375,44.09166666666667,44.74166666666667,40.575,82.11666666666666,47.67559523809524,45.247321428571425,43.90819444444445,18.59674861886135,Good
2022-12-01,30.808333333333334,44.2,44.77916666666667,488.125,43.70416666666667,64.32083333333334,13.791666666666666,1.2416666666666667,3.8,-1.2,45.708333333333336,-9.3375,0.0,0.0,1034.3041666666666,11.429166666666667,16.6,165.33333333333334,93.66666666666669,2990.0,2022,12,3,335,0,No Holiday,0,0,1,1,0,1,-2.4492935982947064e-16,1.0,0.43388373911755823,-0.900968867902419,-0.4972040784469378,0.8676336233547726,19.98333333333333,18.6375,44.09166666666667,50.65833333333333,37.25833333333333,44.73392857142857,40.80922619047619,43.33833333333333,21.334258257479334,Good
2022-12-02,41.9125,76.8,60.09166666666667,873.3333333333334,55.03333333333333,83.21249999999999,12.541666666666666,2.25,6.2,-1.9,55.583333333333336,-6.008333333333333,0.0,0.0,1028.5916666666667,6.908333333333334,8.9,78.20833333333333,27.20833333333333,3234.0,2022,12,4,336,0,No Holiday,0,0,1,1,0,1,-2.4492935982947064e-16,1.0,-0.433883739117558,-0.9009688679024191,-0.4822058478963526,0.8760579434344281,30.808333333333334,19.98333333333333,18.6375,54.020833333333336,24.579166666666666,41.89821428571429,40.3485119047619,42.8125,21.731076652120045,Moderate
2022-12-03,67.06666666666666,88.0,96.5625,1589.5416666666667,57.725,102.675,0.4166666666666667,3.6791666666666663,5.8,0.5,79.08333333333333,0.2791666666666666,1.9,1.9,1025.125,8.737499999999999,15.0,119.83333333333331,77.95833333333333,727.0,2022,12,5,337,1,No Holiday,0,0,0,1,0,1,-2.4492935982947064e-16,1.0,-0.9749279121818236,-0.2225209339563146,-0.46706492487743034,0.8842230238742036,41.9125,30.808333333333334,19.98333333333333,81.00416666666666,31.391666666666666,40.16845238095238,41.58660714285714,42.94777777777778,21.077380974794124,Moderate
2022-12-04,33.85,58.6,54.92083333333333,559.4166666666666,46.84583333333333,32.8875,7.833333333333333,5.145833333333333,5.8,3.6,86.375,3.0500000000000003,6.4,6.4,1029.9583333333333,16.525000000000002,21.5,26.0,99.95833333333331,413.0,2022,12,6,338,1,No Holiday,0,0,0,1,0,1,-2.4492935982947064e-16,1.0,-0.7818314824680299,0.6234898018587334,-0.451785789832884,0.8921264484954345,67.06666666666666,41.9125,30.808333333333334,44.74166666666667,49.45416666666667,38.17738095238095,44.134821428571435,43.895694444444445,16.801506604268553,Good
2022-12-05,41.62083333333333,73.8,62.12083333333334,900.2083333333334,47.02916666666667,46.583333333333336,10.958333333333334,4.366666666666666,9.1,0.3,76.625,0.3166666666666666,1.3,1.3,1030.4458333333334,10.55,16.3,89.375,48.0,2702.0,2022,12,0,339,0,No Holiday,0,0,1,1,0,1,-2.4492935982947064e-16,1.0,0.0,1.0,-0.4363729641045924,0.8997658785476209,33.85,67.06666666666666,41.9125,44.09166666666667,55.6,36.62142857142857,43.02023809523809,44.138749999999995,16.595346784191207,Moderate
2022-12-06,78.2375,153.7,113.67083333333332,1917.8333333333333,71.8625,114.275,12.833333333333334,4.125,9.7,-0.8,72.41666666666667,-0.8333333333333334,0.0,0.0,1026.8625,6.25,9.3,98.875,40.708333333333336,3122.0,2022,12,1,340,0,No Holiday,0,0,1,1,0,1,-2.4492935982947064e-16,1.0,0.7818314824680298,0.6234898018587336,-0.42083100859565564,0.9071390534005044,41.62083333333333,33.85,67.06666666666666,18.6375,19.33333333333333,36.26845238095238,42.021726190476194,44.09708333333333,16.435483233753228,Unhealthy for Sensitive Groups
2022-12-07,93.55833333333334,140.2,137.05416666666667,1800.9166666666667,68.02499999999999,134.55416666666667,0.5833333333333334,6.420833333333333,10.4,0.6,73.58333333333333,1.8833333333333333,0.0,0.0,1024.9208333333331,7.7625,10.6,81.16666666666667,70.625,1325.0,2022,12,2,341,0,No Holiday,0,0,1,1,0,1,-2.4492935982947064e-16,1.0,0.9749279121818236,-0.22252093395631434,-0.4051645224207563,0.9142437912130223,78.2375,41.62083333333333,33.85,19.98333333333333,40.575,44.78273809523809,46.229166666666664,45.309444444444445,20.671436421549384,Unhealthy for Sensitive Groups
2022-12-08,84.7625,138.3,133.60416666666666,2327.583333333333,92.4375,158.275,0.5833333333333334,8.833333333333334,10.8,7.3,84.08333333333333,6.208333333333333,0.7000000000000001,0.7000000000000001,1022.8791666666666,4.891666666666667,9.0,135.54166666666666,100.0,676.0,2022,12,3,342,0,No Holiday,0,0,1,1,0,1,-2.4492935982947064e-16,1.0,0.43388373911755823,-0.900968867902419,-0.3893781415452015,0.9210779895789526,93.55833333333334,78.2375,41.62083333333333,30.808333333333334,50.65833333333333,55.29345238095238,50.01369047619048,46.484722222222224,24.339857960059526,Unhealthy for Sensitive Groups
2022-12-09,77.77916666666667,102.9,115.95,1771.0,77.60000000000001,86.67916666666667,0.7916666666666666,9.25,11.1,8.1,93.08333333333331,8.154166666666667,1.1,1.1,1020.9458333333332,5.5625,11.7,279.2083333333333,100.0,787.0,2022,12,4,343,0,No Holiday,0,0,1,1,0,1,-2.4492935982947064e-16,1.0,-0.433883739117558,-0.9009688679024191,-0.37347653741307074,0.9276396261490467,84.7625,93.55833333333334,78.2375,41.9125,54.020833333333336,63.00119047619047,52.449702380952374,46.74611111111111,23.83139120319866,Unhealthy for Sensitive Groups
2022-12-10,64.71249999999999,92.2,94.64166666666668,1511.0416666666667,74.51666666666667,79.2,3.333333333333333,8.991666666666667,11.3,6.2,86.08333333333333,6.729166666666667,1.0,1.0,1021.7208333333332,13.208333333333334,22.3,256.4583333333333,98.54166666666669,1320.0,2022,12,5,344,1,No Holiday,0,0,0,1,0,1,-2.4492935982947064e-16,1.0,-0.9749279121818236,-0.2225209339563146,-0.3574644155648614,0.9339267592294762,77.77916666666667,84.7625,93.55833333333334,67.06666666666666,81.00416666666666,68.125,54.146726190476194,47.94930555555556,22.351334733117223,Moderate
2022-12-11,30.995833333333334,51.3,45.712500000000006,693.0416666666666,46.2625,46.22083333333333,17.708333333333332,3.9625,7.1,0.5,67.70833333333333,-1.6333333333333335,0.0,0.0,1027.1375,12.470833333333331,18.4,100.45833333333331,66.54166666666667,2560.0,2022,12,6,345,1,No Holiday,0,0,0,1,0,1,-2.4492935982947064e-16,1.0,-0.7818314824680299,0.6234898018587334,-0.34134651424503615,0.9399375283564133,64.71249999999999,77.77916666666667,84.7625,33.85,44.74166666666667,67.78869047619048,52.98303571428571,48.382638888888884,22.387594571719234,Good
2022-12-12,59.34166666666667,94.5,85.53750000000001,1652.4583333333333,56.2125,70.78333333333333,12.708333333333334,3.2125,8.7,-0.6,73.20833333333333,-1.5458333333333334,0.0,0.0,1024.8916666666669,9.441666666666666,16.2,279.25,37.54166666666666,2958.0,2022,12,0,346,0,No Holiday,0,0,1,1,0,1,-2.4492935982947064e-16,1.0,0.0,1.0,-0.3251276029999093,0.9456701548465688,30.995833333333334,64.71249999999999,77.77916666666667,41.62083333333333,44.09166666666667,67.38095238095238,52.00119047619047,48.58833333333334,23.122652015076426,Moderate
2022-12-13,55.93333333333334,98.7,81.30833333333334,1344.3333333333333,50.645833333333336,94.04166666666669,14.625,3.9791666666666665,10.9,-0.9,63.125,-3.108333333333333,0.0,0.0,1026.2708333333333,10.558333333333334,16.2,277.1666666666667,12.166666666666666,3181.0,2022,12,1,347,0,No Holiday,0,0,1,1,0,1,-2.4492935982947064e-16,1.0,0.7818314824680298,0.6234898018587336,-0.30881248126625377,0.9511229423235357,59.34166666666667,30.995833333333334,64.71249999999999,78.2375,18.6375,69.9125,53.09047619047619,49.64597222222222,20.672556144470782,Moderate
2022-12-14,0.9375,1.0,1.35,59.29166666666666,0.0,0.725,27.0,2.2291666666666665,6.7,-2.5,49.375,-7.758333333333333,0.0,0.0,1029.9875,8.633333333333333,14.9,84.70833333333333,0.0416666666666666,3219.0,2022,12,2,348,0,No Holiday,0,0,1,1,0,1,-2.4492935982947064e-16,1.0,0.9749279121818236,-0.22252093395631434,-0.29240597695107734,0.9562942772197719,55.93333333333334,59.34166666666667,30.995833333333334,93.55833333333334,19.98333333333333,66.72619047619047,55.754464285714285,51.02347222222223,20.893264314532843,Good
2022-12-15,0.6916666666666668,0.9,0.9875,62.125,0.0,0.3583333333333333,32.791666666666664,5.645833333333333,12.6,-0.6,54.583333333333336,-2.920833333333333,0.0,0.0,1022.7916666666666,8.795833333333333,13.7,121.58333333333331,30.20833333333333,3144.0,2022,12,3,349,0,No Holiday,0,0,1,1,0,1,-2.4492935982947064e-16,1.0,0.43388373911755823,-0.900968867902419,-0.27591294500296043,0.9611826292540837,0.9375,55.93333333333334,59.34166666666667,84.7625,30.808333333333334,53.49464285714286,54.39404761904762,49.72652777777777,28.8728300766239,Good
2022-12-16,13.3125,24.1,20.183333333333334,428.7916666666667,31.829166666666666,26.20833333333333,14.916666666666666,3.8708333333333336,6.4,1.0,83.66666666666667,1.2875,2.6,2.6,1029.5458333333331,18.02083333333333,20.7,62.583333333333336,98.91666666666669,544.0,2022,12,4,350,0,No Holiday,0,0,1,1,0,1,-2.4492935982947064e-16,1.0,-0.433883739117558,-0.9009688679024191,-0.2593382659754056,0.9657865518844574,0.6916666666666668,0.9375,55.93333333333334,77.77916666666667,41.9125,41.48452380952381,52.24285714285715,47.188472222222224,31.098275909610546,Good
2022-12-17,35.083333333333336,65.9,51.35,709.8333333333334,44.6,52.7125,18.291666666666668,-0.9833333333333334,1.8,-4.2,54.91666666666666,-9.9875,0.0,0.0,1035.6791666666666,16.125,26.5,307.2916666666667,37.04166666666666,3156.0,2022,12,5,351,1,No Holiday,0,0,0,1,0,1,-2.4492935982947064e-16,1.0,-0.9749279121818236,-0.2225209339563146,-0.2426868445825954,0.9701046827361175,13.3125,0.6916666666666668,0.9375,64.71249999999999,67.06666666666666,32.275,50.2,44.895,27.944203665850225,Moderate
2022-12-18,34.11666666666667,46.7,48.82916666666667,972.75,54.25833333333333,63.9375,8.25,-0.6250000000000001,5.1,-4.9,46.375,-11.425,0.0,0.0,1029.7125,11.104166666666666,17.4,240.54166666666663,0.0,3259.0,2022,12,6,352,1,No Holiday,0,0,0,1,0,1,-2.4492935982947064e-16,1.0,-0.7818314824680299,0.6234898018587334,-0.22596360824801906,0.974135744004672,35.083333333333336,13.3125,0.6916666666666668,30.995833333333334,33.85,28.042261904761908,47.915476190476184,44.8225,24.205901272527377,Good
2022-12-19,48.8375,89.2,69.81666666666666,1220.25,59.675,81.71249999999999,4.416666666666667,1.6208333333333331,9.2,-2.9,55.375,-7.141666666666667,0.0,0.0,1024.6625,9.704166666666667,13.0,178.70833333333334,0.0,3249.0,2022,12,0,353,0,No Holiday,0,0,1,1,0,1,-2.4492935982947064e-16,1.0,0.0,1.0,-0.20917350564635637,0.9778785428342386,34.11666666666667,35.083333333333336,13.3125,59.34166666666667,41.62083333333333,28.48809523809524,47.93452380952381,45.14041666666667,24.29793330029002,Moderate
2022-12-20,68.86666666666666,114.3,98.40416666666664,1975.5833333333333,70.94583333333334,86.67916666666666,4.291666666666667,4.083333333333333,10.6,-2.3,68.08333333333333,-1.5125,0.0,0.0,1021.325,8.049999999999999,12.7,186.25,70.41666666666667,2523.0,2022,12,1,354,0,No Holiday,0,0,1,1,0,1,-2.4492935982947064e-16,1.0,0.7818314824680298,0.6234898018587336,-0.19232150523909483,0.9813319716704275,48.8375,34.11666666666667,35.083333333333336,55.93333333333334,78.2375,26.987500000000004,48.449999999999996,45.721944444444446,22.318640481959505,Moderate
2022-12-21,70.64583333333333,143.0,101.98333333333332,2254.458333333333,58.69583333333333,85.80416666666667,12.625,4.625,10.3,0.4,59.0,-3.3083333333333336,0.0,0.0,1016.925,12.4125,18.9,253.08333333333331,11.75,3216.0,2022,12,2,355,0,No Holiday,0,0,1,1,0,1,-2.4492935982947064e-16,1.0,0.9749279121818236,-0.22252093395631434,-0.17541259380427843,0.9844950085880858,68.86666666666666,48.8375,34.11666666666667,0.9375,93.55833333333334,28.83511904761905,47.78065476190476,46.36902777777778,25.4323866296999,Moderate
2022-12-22,43.4625,139.7,63.92916666666667,1301.5,52.6,63.24583333333334,16.583333333333332,1.1,3.6,-3.1,48.41666666666666,-9.433333333333334,0.0,0.0,1021.275,16.508333333333333,23.7,317.875,0.0,3253.0,2022,12,3,356,0,No Holiday,0,0,1,1,0,1,-2.4492935982947064e-16,1.0,0.43388373911755823,-0.900968867902419,-0.15845177496083632,0.9873667175937016,70.64583333333333,68.86666666666666,48.8375,0.6916666666666668,84.7625,38.79345238095238,46.14404761904762,46.870555555555555,26.320200098043653,Moderate
2022-12-23,65.82083333333334,162.1,94.50416666666666,2523.5416666666665,79.1875,126.5375,6.166666666666667,0.1041666666666667,5.0,-5.0,42.79166666666666,-11.9,0.0,0.0,1025.15,5.375,8.2,197.25,0.0,3241.0,2022,12,4,357,0,No Holiday,0,0,1,1,0,1,-2.4492935982947064e-16,1.0,-0.433883739117558,-0.9009688679024191,-0.14144406768794202,0.9899462489023779,43.4625,70.64583333333333,68.86666666666666,13.3125,77.77916666666667,44.903571428571425,43.19404761904762,47.67486111111111,20.269996903573976,Moderate
2022-12-24,68.8,172.8,98.5375,2486.708333333333,70.90416666666667,121.62083333333334,11.125,-1.0541666666666667,4.0,-4.0,53.16666666666666,-10.3875,0.0,0.0,1027.7958333333331,9.654166666666669,13.6,218.95833333333331,0.0,3278.0,2022,12,5,358,1,No Holiday,0,0,0,1,0,1,-2.4492935982947064e-16,1.0,-0.9749279121818236,-0.2225209339563146,-0.12439450483979998,0.9922328391893008,65.82083333333334,43.4625,70.64583333333333,35.083333333333336,64.71249999999999,52.40476190476191,42.33988095238095,48.51638888888888,15.868720219833207,Moderate
2022-12-25,83.17916666666666,144.4,119.48333333333332,2135.2916666666665,78.84583333333333,112.84583333333336,11.125,-0.3666666666666667,5.8,-4.4,63.5,-7.183333333333334,0.0,0.0,1028.6,7.104166666666667,11.2,124.25,8.583333333333334,3195.0,2022,12,6,359,1,No Holiday,0,0,0,1,0,1,-2.4492935982947064e-16,1.0,-0.7818314824680299,0.6234898018587334,-0.10730813165636247,0.9942258118156161,68.8,65.82083333333334,43.4625,34.11666666666667,30.995833333333334,57.22142857142857,42.631845238095245,49.121111111111105,14.817037988365852,Unhealthy for Sensitive Groups
2022-12-26,115.42916666666667,201.2,166.10416666666666,3070.2916666666665,103.60416666666669,148.95833333333334,4.333333333333333,1.5666666666666669,6.2,-1.9,72.625,-3.1125000000000003,0.0,0.0,1028.4875,4.825,8.4,160.91666666666666,72.0,1503.0,2022,12,0,360,0,No Holiday,0,0,1,1,0,1,-2.4492935982947064e-16,1.0,0.0,1.0,-0.09019000427034513,0.9959245770286599,83.17916666666666,68.8,65.82083333333334,48.8375,59.34166666666667,64.23035714285714,46.35922619047619,50.09305555555556,13.622079349360153,Unhealthy
2022-12-27,101.12916666666666,161.1,144.75416666666666,1986.6666666666667,86.73333333333333,115.9625,14.708333333333334,1.65,6.6,-3.1,71.66666666666667,-3.225,0.0,0.0,1030.3041666666666,6.583333333333333,10.1,156.5,34.791666666666664,3045.0,2022,12,1,361,0,No Holiday,0,0,1,1,0,1,-2.4492935982947064e-16,1.0,0.7818314824680298,0.6234898018587336,-0.07304518821104743,0.9973286321364752,115.42916666666667,83.17916666666666,68.8,68.86666666666666,55.93333333333334,73.74345238095238,50.36547619047618,51.24055555555556,21.848918559709908,Unhealthy for Sensitive Groups
2022-12-28,93.66666666666669,142.5,136.51250000000002,1746.5833333333333,71.7375,87.77083333333333,7.583333333333333,2.908333333333333,5.8,0.5,72.875,-1.6166666666666665,0.0,0.0,1032.45,7.691666666666666,10.1,202.95833333333331,98.5,1866.0,2022,12,2,362,0,No Holiday,0,0,1,1,0,1,-2.4492935982947064e-16,1.0,0.9749279121818236,-0.22252093395631434,-0.05587875690537313,0.9984375616565666,101.12916666666666,115.42916666666667,83.17916666666666,70.64583333333333,0.9375,78.35238095238095,53.59375,53.12013888888888,23.950470431611627,Unhealthy for Sensitive Groups
2022-12-29,89.05833333333334,126.2,131.29166666666666,1778.1666666666667,69.08333333333333,87.9875,6.25,1.525,6.1,-3.0,72.58333333333333,-3.141666666666667,0.0,0.0,1033.5958333333333,5.729166666666667,8.4,48.54166666666666,85.91666666666667,2224.0,2022,12,3,363,0,No Holiday,0,0,1,1,0,1,-2.4492935982947064e-16,1.0,0.43388373911755823,-0.900968867902419,-0.03869579017652689,0.9992510374388481,93.66666666666669,101.12916666666666,115.42916666666667,43.4625,0.6916666666666668,81.64107142857142,60.21726190476191,54.772638888888885,24.293957680768564,Unhealthy for Sensitive Groups
2022-12-30,114.59166666666664,169.0,165.00416666666666,2368.5,88.96666666666665,133.97083333333333,11.041666666666666,1.8458333333333328,7.6,-2.8,65.45833333333333,-4.4875,0.0,0.0,1033.1,5.925,10.1,117.70833333333331,25.291666666666668,3073.0,2022,12,4,364,0,No Holiday,0,0,1,1,0,1,-2.4492935982947064e-16,1.0,-0.433883739117558,-0.9009688679024191,-0.021501372740813793,0.999768818762748,89.05833333333334,93.66666666666669,101.12916666666666,65.82083333333334,13.3125,88.15476190476191,66.52916666666667,57.12,17.519482447025673,Unhealthy for Sensitive Groups
2022-12-31,125.69583333333333,224.9,180.4875,2891.833333333333,97.84166666666664,149.42083333333332,12.166666666666666,3.5666666666666664,9.9,-2.1,58.79166666666666,-4.575,0.0,0.0,1031.9166666666667,4.9375,9.2,127.25,56.54166666666666,2980.0,2022,12,5,365,1,No Holiday,0,1,0,1,1,1,-2.4492935982947064e-16,1.0,-0.9749279121818236,-0.2225209339563146,-0.004300592702981974,0.9999907524084426,114.59166666666664,89.05833333333334,93.66666666666669,68.8,35.083333333333336,95.12202380952382,73.76339285714286,60.273611111111116,16.841911956383136,Unhealthy
2023-01-01,104.06666666666666,139.2,149.67083333333332,2182.0416666666665,95.4125,138.11249999999998,3.6666666666666665,4.966666666666667,8.8,0.4,64.04166666666667,-1.4583333333333333,0.0,0.0,1030.8416666666667,7.058333333333334,9.8,77.0,92.16666666666669,1106.0,2023,1,6,1,1,New Year,1,1,0,0,1,1,0.49999999999999994,0.8660254037844387,-0.7818314824680299,0.6234898018587334,0.017201575418260506,0.9998520419557735,125.69583333333333,114.59166666666664,89.05833333333334,83.17916666666666,34.11666666666667,103.25,80.23571428571428,63.436527777777776,15.712844548212667,Unhealthy for Sensitive Groups
2023-01-02,86.55,112.9,141.61666666666667,1765.7916666666667,73.33749999999999,65.82916666666667,6.208333333333333,4.8375,8.8,1.2,74.04166666666667,0.2791666666666667,0.0,0.0,1032.6666666666667,8.308333333333334,11.2,36.66666666666666,70.08333333333333,2025.0,2023,1,0,2,0,New Year,1,1,0,0,1,1,0.49999999999999994,0.8660254037844387,0.0,1.0,0.03439806061360801,0.9994082116062598,104.06666666666666,125.69583333333333,114.59166666666664,115.42916666666667,48.8375,106.23392857142858,85.23214285714286,65.50833333333334,13.018337633840869,Unhealthy for Sensitive Groups
2023-01-03,56.90833333333333,103.4,86.61666666666667,1423.75,65.10416666666667,68.72083333333333,12.25,3.4875000000000003,9.4,-1.0,70.79166666666667,-1.7166666666666668,0.0,0.0,1031.7791666666667,6.029166666666666,9.3,87.375,11.625,3146.0,2023,1,1,3,0,No Holiday,0,1,1,0,1,1,0.49999999999999994,0.8660254037844387,0.7818314824680298,0.6234898018587336,0.051584366869408364,0.9986686402879997,86.55,104.06666666666666,125.69583333333333,101.12916666666666,68.86666666666666,102.10833333333332,87.92589285714287,66.15777777777778,14.145809605609303,Moderate
2023-01-04,63.55833333333334,85.7,95.79166666666669,1579.4583333333333,76.41666666666667,108.1375,1.9583333333333333,4.45,11.9,-2.0,64.95833333333333,-2.1125000000000003,0.0,0.0,1029.0166666666669,9.975,14.3,125.58333333333331,0.4166666666666667,3218.0,2023,1,2,4,0,No Holiday,0,0,1,0,0,1,0.49999999999999994,0.8660254037844387,0.9749279121818236,-0.22252093395631434,0.06875540848113941,0.9976335468520451,56.90833333333333,86.55,104.06666666666666,93.66666666666669,70.64583333333333,95.79107142857143,87.07172619047618,66.9263888888889,22.22367440071619,Moderate
2023-01-05,99.44166666666666,220.7,150.5875,2883.083333333333,111.525,133.38750000000002,9.5,6.445833333333334,12.5,2.7,74.75,1.9333333333333331,0.0,0.0,1027.8333333333333,6.066666666666666,8.1,158.33333333333334,23.416666666666668,3065.0,2023,1,3,5,0,No Holiday,0,0,1,0,0,1,0.49999999999999994,0.8660254037844387,0.43388373911755823,-0.900968867902419,0.08590610426133272,0.9963032375991965,63.55833333333334,56.90833333333333,86.55,89.05833333333334,43.4625,91.48988095238096,86.56547619047619,67.6576388888889,25.391221764456304,Unhealthy for Sensitive Groups
2023-01-06,119.9375,243.1,174.3166666666667,3533.4166666666665,98.97083333333336,108.78333333333336,22.666666666666668,6.466666666666666,14.6,0.2,72.20833333333333,1.0958333333333334,0.0,0.0,1025.1833333333334,12.3875,24.3,276.5,0.1666666666666666,3231.0,2023,1,4,6,0,No Holiday,0,0,1,0,0,1,0.49999999999999994,0.8660254037844387,-0.433883739117558,-0.9009688679024191,0.10303137904317879,0.9946781061893646,99.44166666666666,63.55833333333334,56.90833333333333,114.59166666666664,65.82083333333334,92.97321428571429,90.56398809523809,68.36444444444444,25.52842005794253,Unhealthy
2023-01-07,101.9625,143.4,146.95000000000002,2262.0,83.67916666666666,87.10416666666667,18.83333333333333,7.3875,16.3,0.5,70.08333333333333,1.6625,0.0,0.0,1022.2708333333334,9.979166666666666,14.8,185.58333333333331,0.0,3266.0,2023,1,5,7,1,No Holiday,0,0,0,0,0,1,0.49999999999999994,0.8660254037844387,-0.9749279121818236,-0.2225209339563146,0.1201261651823505,0.9927586335250793,119.9375,99.44166666666666,63.55833333333334,125.69583333333333,68.8,93.73690476190475,94.42946428571429,69.24375,26.349680714886393,Unhealthy for Sensitive Groups
2023-01-08,67.97083333333335,145.8,97.79583333333332,1812.5,73.26666666666667,78.29583333333333,20.875,9.1875,18.5,3.3,62.5,1.6458333333333333,0.0,0.0,1020.1708333333332,11.070833333333333,15.6,185.70833333333331,0.0,3380.0,2023,1,6,8,1,No Holiday,0,0,0,0,0,1,0.49999999999999994,0.8660254037844387,-0.7818314824680299,0.6234898018587334,0.13718540405660057,0.9905453876091833,101.9625,119.9375,99.44166666666666,104.06666666666666,83.17916666666666,90.34642857142858,96.79821428571428,69.81708333333333,22.846057437621983,Moderate
2023-01-09,108.16666666666669,190.9,159.09166666666667,2485.7916666666665,80.47916666666667,102.72083333333336,15.625,8.033333333333333,14.9,2.3,71.75,3.0083333333333333,0.0,0.0,1024.0958333333333,13.5625,19.9,85.58333333333333,3.625,3213.0,2023,1,0,9,0,No Holiday,0,0,1,0,0,1,0.49999999999999994,0.8660254037844387,0.0,1.0,0.1542040475626894,0.988039023376751,67.97083333333335,101.9625,119.9375,86.55,115.42916666666667,85.18988095238095,95.71190476190476,69.49013888888888,23.302169026706668,Unhealthy for Sensitive Groups
2023-01-10,29.129166666666663,48.4,44.5625,725.875,42.8125,40.775,15.333333333333334,5.658333333333334,11.2,1.2,76.33333333333333,1.4916666666666665,0.0,0.0,1026.7625,9.804166666666664,13.6,67.04166666666667,13.375,2887.0,2023,1,1,10,0,No Holiday,0,0,1,0,0,1,0.49999999999999994,0.8660254037844387,0.7818314824680298,0.6234898018587336,0.17117705961019986,0.985240282501282,108.16666666666669,67.97083333333335,101.9625,56.90833333333333,101.12916666666666,88.2779761904762,95.19315476190476,70.93861111111111,24.890677373382616,Good
2023-01-11,34.3125,44.4,51.9875,927.4583333333334,62.1625,63.13333333333333,9.458333333333334,7.904166666666666,14.4,2.6,83.33333333333333,5.029166666666667,0.0,0.0,1020.9708333333332,11.258333333333333,16.8,118.41666666666669,5.583333333333333,3201.0,2023,1,2,11,0,No Holiday,0,0,1,0,0,1,0.49999999999999994,0.8660254037844387,0.9749279121818236,-0.22252093395631434,0.18809941761179758,0.9821499931752291,29.129166666666663,108.16666666666669,67.97083333333335,63.55833333333334,93.66666666666669,84.30952380952382,90.05029761904761,70.87638888888888,31.94151372857098,Good
2023-01-12,44.2625,76.1,64.3875,966.375,67.96249999999999,76.43333333333334,10.458333333333334,13.116666666666667,20.2,8.4,86.45833333333333,10.641666666666667,1.9,1.9,1012.4625,11.116666666666667,17.3,150.33333333333334,51.54166666666666,2221.0,2023,1,3,12,0,No Holiday,0,0,1,0,0,1,0.49999999999999994,0.8660254037844387,0.43388373911755823,-0.900968867902419,0.20496611396949532,0.9787690698649216,34.3125,29.129166666666663,108.16666666666669,99.44166666666666,89.05833333333334,80.13154761904762,85.8107142857143,70.04208333333332,36.670751023871375,Moderate
2023-01-13,60.28333333333333,95.9,86.21249999999999,1222.4166666666667,73.18333333333334,85.03750000000001,4.541666666666667,13.8375,17.7,10.4,95.04166666666669,13.004166666666668,3.8,3.8,1009.9708333333332,9.054166666666667,20.3,129.0,92.33333333333331,1183.0,2023,1,4,13,0,No Holiday,0,0,1,0,0,1,0.49999999999999994,0.8660254037844387,-0.433883739117558,-0.9009688679024191,0.22177215755648186,0.975098513039961,44.2625,34.3125,29.129166666666663,119.9375,114.59166666666664,72.24880952380953,82.6110119047619,69.65305555555555,37.74301004655486,Moderate
2023-01-14,17.991666666666667,25.3,26.479166666666668,523.5,38.09583333333333,32.92916666666667,16.375,4.795833333333333,10.8,-0.6,86.5,2.720833333333333,24.8,24.2,1018.9083333333332,22.991666666666664,28.1,74.125,100.0,462.0,2023,1,5,14,1,No Holiday,0,0,0,0,0,1,0.49999999999999994,0.8660254037844387,-0.9749279121818236,-0.2225209339563146,0.23851257519407648,0.9711394088771653,60.28333333333333,44.2625,34.3125,101.9625,125.69583333333333,63.72678571428572,78.73184523809525,71.63125,31.378857098122516,Good
2023-01-15,25.1625,51.5,37.49166666666667,410.7083333333333,32.791666666666664,50.675,34.833333333333336,-1.9666666666666668,-0.2,-3.5,57.875,-9.3875,1.6,0.0,1029.45,17.8875,26.3,339.2083333333333,84.66666666666667,1319.0,2023,1,6,15,1,No Holiday,0,0,0,0,0,1,0.49999999999999994,0.8660254037844387,-0.7818314824680299,0.6234898018587334,0.2551824131233728,0.9668929289391521,17.991666666666667,60.28333333333333,44.2625,67.97083333333335,104.06666666666666,51.73095238095238,71.03869047619048,72.20791666666668,30.359587125375782,Good
2023-01-16,47.85833333333333,87.5,68.70416666666667,696.8333333333334,49.35416666666666,99.925,23.666666666666668,-1.625,2.2,-4.7,52.083333333333336,-10.408333333333331,0.0,0.0,1030.6416666666669,7.8625,15.6,284.875,17.125,3545.0,2023,1,0,16,0,No Holiday,0,0,1,0,0,1,0.49999999999999994,0.8660254037844387,0.0,1.0,0.2717767384711357,0.9623603298276545,25.1625,17.991666666666667,60.28333333333333,108.16666666666669,86.55,45.6154761904762,65.40267857142858,72.60291666666667,30.850669273823865,Moderate
2023-01-17,75.85416666666667,141.6,109.0375,1192.3333333333333,69.53750000000001,146.76250000000002,21.166666666666668,0.9375,5.8,-4.3,57.54166666666666,-6.908333333333334,0.0,0.0,1028.8833333333334,6.025,9.8,198.66666666666663,30.70833333333333,3514.0,2023,1,1,17,0,No Holiday,0,0,1,0,0,1,0.49999999999999994,0.8660254037844387,0.7818314824680298,0.6234898018587336,0.2882906407095177,0.9575429528116719,47.85833333333333,25.1625,17.991666666666667,29.129166666666663,56.90833333333333,37.0,62.638988095238105,73.02874999999999,14.625187953841401,Unhealthy for Sensitive Groups
2023-01-18,76.89583333333333,142.0,115.55833333333334,1887.4166666666667,68.40833333333333,108.00833333333333,18.041666666666668,1.2583333333333333,7.2,-3.5,62.125,-6.066666666666666,0.0,0.0,1028.575,7.45,10.7,265.375,16.0,3554.0,2023,1,2,18,0,No Holiday,0,0,1,0,0,1,0.49999999999999994,0.8660254037844387,0.9749279121818236,-0.22252093395631434,0.3047192331091634,0.9524422234305676,75.85416666666667,47.85833333333333,25.1625,34.3125,63.55833333333334,43.675000000000004,63.992261904761904,74.42000000000002,20.07977262118575,Unhealthy for Sensitive Groups
2023-01-19,84.14583333333333,125.7,122.66666666666669,2236.5416666666665,75.66666666666667,75.62083333333334,16.5,3.3625000000000003,11.0,-2.5,60.5,-4.1625000000000005,0.0,0.0,1025.1916666666666,10.004166666666666,15.1,219.375,3.458333333333333,3606.0,2023,1,3,19,0,No Holiday,0,0,1,0,0,1,0.49999999999999994,0.8660254037844387,0.43388373911755823,-0.900968867902419,0.321057654185271,0.9470596510722283,76.89583333333333,75.85416666666667,47.85833333333333,44.2625,99.44166666666666,49.75833333333333,64.94494047619048,75.35527777777777,23.007615989461417,Unhealthy for Sensitive Groups
2023-01-20,53.63333333333333,77.1,84.575,1043.9583333333333,52.175,42.4125,13.458333333333334,2.8000000000000003,8.1,-1.8,66.04166666666667,-3.270833333333333,0.0,0.0,1029.5208333333333,10.979166666666666,18.3,125.45833333333331,13.125,3560.0,2023,1,4,20,0,No Holiday,0,1,1,0,1,1,0.49999999999999994,0.8660254037844387,-0.433883739117558,-0.9009688679024191,0.3373010691361842,0.9413968285264122,84.14583333333333,76.89583333333333,75.85416666666667,60.28333333333333,119.9375,55.45595238095238,63.85238095238095,75.86458333333333,26.1443374801339,Moderate
2023-01-21,32.2625,37.3,51.88333333333333,798.9166666666666,59.5125,59.29583333333333,14.25,5.058333333333334,10.9,-0.6,67.41666666666667,-0.9291666666666668,2.4,2.4,1024.3708333333334,15.120833333333332,20.5,115.20833333333331,50.16666666666666,3531.0,2023,1,5,21,1,Spring Festival,1,1,0,0,1,1,0.49999999999999994,0.8660254037844387,-0.9749279121818236,-0.2225209339563146,0.3534446712740877,0.9354554315134164,53.63333333333333,84.14583333333333,76.89583333333333,17.991666666666667,101.9625,54.50595238095237,59.116369047619045,75.2975,26.060375819060816,Good
2023-01-22,25.804166666666664,30.2,37.35416666666666,871.4166666666666,62.12083333333334,47.2125,5.0,5.345833333333334,7.7,4.1,86.29166666666667,3.1791666666666667,2.6,2.6,1021.5916666666668,10.070833333333333,14.8,81.375,100.0,1074.0,2023,1,6,22,1,Spring Festival,1,1,0,0,1,1,0.49999999999999994,0.8660254037844387,-0.7818314824680299,0.6234898018587334,0.3694836834473831,0.9292372181882051,32.2625,53.63333333333333,84.14583333333333,25.1625,67.97083333333335,56.54464285714285,54.13779761904762,74.92416666666666,23.120133461189823,Good
2023-01-23,27.225,43.0,40.24166666666667,612.125,50.96666666666667,38.44166666666667,8.166666666666666,4.7875000000000005,8.1,-0.1,80.95833333333333,1.625,0.9,0.8,1025.2625,15.683333333333335,27.1,32.291666666666664,98.54166666666669,650.0,2023,1,0,23,0,Spring Festival,1,1,0,0,1,1,0.49999999999999994,0.8660254037844387,0.0,1.0,0.38541335945432564,0.9227440286201427,25.804166666666664,32.2625,53.63333333333333,47.85833333333333,108.16666666666669,56.63630952380952,51.12589285714286,73.59027777777777,22.97579376302388,Good
2023-01-24,23.979166666666668,38.4,35.800000000000004,502.4166666666667,34.06666666666667,38.6,39.79166666666666,-3.0375,-0.2,-6.2,50.66666666666666,-12.158333333333331,0.0,0.0,1038.025,17.25,25.9,258.0416666666667,33.958333333333336,3634.0,2023,1,1,24,0,Spring Festival,1,1,0,0,1,1,0.49999999999999994,0.8660254037844387,0.7818314824680298,0.6234898018587336,0.4012289854475009,0.9159777842484877,27.225,25.804166666666664,32.2625,75.85416666666667,29.129166666666663,53.68869047619047,45.34434523809524,72.20444444444443,25.47703426552889,Good
2023-01-25,39.67083333333333,50.3,56.80833333333334,642.5833333333334,47.57916666666667,48.75,23.625,-3.4291666666666667,1.6,-7.8,42.125,-15.245833333333332,0.0,0.0,1029.8375,8.35,12.3,122.0,53.583333333333336,3363.0,2023,1,2,25,0,Spring Festival,1,1,0,0,1,1,0.49999999999999994,0.8660254037844387,0.9749279121818236,-0.22252093395631434,0.4169258813287287,0.908940487313808,23.979166666666668,27.225,25.804166666666664,76.89583333333333,34.3125,46.27797619047619,44.976488095238096,70.23111111111112,25.499648090605312,Moderate
2023-01-26,58.25,83.1,83.58749999999999,1133.625,63.60833333333333,72.53333333333333,16.0,0.3291666666666666,7.1,-4.4,55.41666666666666,-8.279166666666667,0.0,0.0,1024.1416666666669,8.299999999999999,14.2,247.45833333333331,36.91666666666666,3576.0,2023,1,3,26,0,Spring Festival,1,1,0,0,1,1,0.49999999999999994,0.8660254037844387,0.43388373911755823,-0.900968867902419,0.4324994021339788,0.901634220265486,39.67083333333333,23.979166666666668,27.225,84.14583333333333,44.2625,40.960119047619045,45.35922619047619,67.70583333333333,21.639609689331653,Moderate
2023-01-27,51.04583333333333,71.0,74.20416666666667,1231.3333333333333,51.3875,62.70416666666667,22.33333333333333,-0.8583333333333334,4.0,-3.8,51.16666666666666,-10.55,0.0,0.0,1032.0875,11.3375,16.3,333.4166666666667,25.166666666666668,3858.0,2023,1,4,27,0,Spring Festival,1,1,0,0,1,1,0.49999999999999994,0.8660254037844387,-0.433883739117558,-0.9009688679024191,0.44794493940789115,0.8940611451454876,58.25,39.67083333333333,23.979166666666668,53.63333333333333,60.28333333333333,37.260714285714286,46.358333333333334,66.27652777777777,13.830950442594515,Moderate
2023-01-28,60.8625,93.1,88.10416666666667,1841.0416666666667,65.27083333333333,67.47500000000001,24.83333333333333,-0.3749999999999999,6.8,-5.8,49.91666666666666,-10.804166666666667,0.0,0.0,1028.2708333333333,10.033333333333331,16.5,265.4583333333333,0.0,3994.0,2023,1,5,28,1,No Holiday,0,1,0,0,1,1,0.49999999999999994,0.8660254037844387,-0.9749279121818236,-0.2225209339563146,0.4632579225674917,0.88622350294858,51.04583333333333,58.25,39.67083333333333,32.2625,17.991666666666667,36.89107142857143,45.69851190476191,64.85583333333334,13.346544762963601,Moderate
2023-01-29,62.725,122.0,90.425,1918.0833333333333,64.72916666666667,71.66666666666667,18.166666666666668,2.5,10.8,-3.8,51.66666666666666,-7.325,0.0,0.0,1024.1041666666667,11.870833333333332,20.6,252.5,6.541666666666667,3998.0,2023,1,6,29,1,No Holiday,0,0,0,0,0,1,0.49999999999999994,0.8660254037844387,-0.7818314824680299,0.6234898018587334,0.4784338202547012,0.8781236129591848,60.8625,51.04583333333333,58.25,25.804166666666664,25.1625,40.97678571428571,48.760714285714286,63.915972222222216,15.838433363041473,Moderate
2023-01-30,85.32083333333334,136.9,122.37916666666666,2207.875,77.8,92.20833333333331,17.708333333333332,4.083333333333333,12.6,-2.5,59.66666666666666,-3.9125,0.0,0.0,1022.3291666666668,9.595833333333331,13.8,180.29166666666663,0.0,3976.0,2023,1,0,30,0,No Holiday,0,0,1,0,0,1,0.49999999999999994,0.8660254037844387,0.0,1.0,0.49346814167723735,0.8697638720650646,62.725,60.8625,51.04583333333333,27.225,47.85833333333333,46.25119047619047,51.44375,62.187083333333334,16.08921411525632,Unhealthy for Sensitive Groups
2023-01-31,76.47500000000001,144.8,109.28333333333336,1807.0416666666667,74.72500000000001,71.47083333333333,17.666666666666668,6.879166666666666,16.0,-1.0,63.708333333333336,-0.05,0.0,0.0,1015.0708333333332,9.279166666666669,12.8,172.20833333333334,11.333333333333334,4026.0,2023,1,1,31,0,No Holiday,0,0,1,0,0,1,0.49999999999999994,0.8660254037844387,0.7818314824680298,0.6234898018587336,0.5083564379375122,0.8611467540480452,85.32083333333334,62.725,60.8625,23.979166666666668,75.85416666666667,54.55059523809524,54.11964285714286,60.84125000000001,19.302232592001275,Unhealthy for Sensitive Groups
2023-02-01,71.97916666666667,125.3,105.42083333333332,1419.125,65.10416666666667,62.65,27.20833333333333,6.0625,12.8,1.5,60.458333333333336,-1.7458333333333331,0.0,0.0,1020.5916666666668,17.845833333333335,27.5,43.5,21.541666666666668,3821.0,2023,2,2,32,0,No Holiday,0,0,1,0,0,1,0.8660254037844386,0.5000000000000001,0.9749279121818236,-0.22252093395631434,0.5230943033491326,0.8522748088519838,76.47500000000001,85.32083333333334,62.725,39.67083333333333,76.89583333333333,62.050000000000004,54.163988095238096,59.92152777777778,15.208752277334751,Moderate
2023-02-02,24.745833333333334,47.4,38.375,549.0,39.92083333333333,34.104166666666664,24.25,2.3291666666666666,4.6,-0.6,60.333333333333336,-4.65,0.0,0.0,1028.5541666666666,12.05,17.3,95.29166666666669,82.08333333333333,1666.0,2023,2,3,33,0,No Holiday,0,0,1,0,0,1,0.8660254037844386,0.5000000000000001,0.43388373911755823,-0.900968867902419,0.5376773767406141,0.8431506618282,71.97916666666667,76.47500000000001,85.32083333333334,58.25,84.14583333333333,66.66547619047618,53.812797619047615,59.435833333333335,11.807340808059756,Good
2023-02-03,51.40416666666667,103.8,77.63333333333334,1431.2916666666667,50.825,57.29583333333333,18.791666666666668,3.8625,9.4,-0.4,66.29166666666667,-2.2208333333333337,0.0,0.0,1024.8333333333333,6.75,9.2,104.5,68.58333333333333,3778.0,2023,2,4,34,0,No Holiday,0,0,1,0,0,1,0.8660254037844386,0.5000000000000001,-0.433883739117558,-0.9009688679024191,0.5521013427459208,0.8337770129585915,24.745833333333334,71.97916666666667,76.47500000000001,51.04583333333333,53.63333333333333,61.87916666666666,49.56994047619048,58.363749999999996,19.843364497567823,Moderate
2023-02-04,58.3625,81.5,86.19583333333333,1350.6666666666667,62.708333333333336,80.825,12.541666666666666,4.075,10.6,-2.1,68.04166666666667,-1.8375,0.0,0.0,1024.3291666666669,9.775,13.0,83.125,20.0,3951.0,2023,2,5,35,1,No Holiday,0,0,0,0,0,1,0.8660254037844386,0.5000000000000001,-0.9749279121818236,-0.2225209339563146,0.5663619330814524,0.8241566360566663,51.40416666666667,24.745833333333334,71.97916666666667,60.8625,32.2625,61.93035714285715,49.410714285714285,57.958611111111104,19.811195732610933,Moderate
2023-02-05,38.55833333333333,50.6,62.0375,927.5,65.62916666666666,63.17083333333333,21.666666666666668,6.504166666666666,11.1,1.1,74.58333333333333,2.2125,0.0,0.0,1020.8083333333334,12.791666666666666,20.9,115.95833333333331,90.54166666666669,2757.0,2023,2,6,36,1,No Holiday,0,0,0,0,0,1,0.8660254037844386,0.5000000000000001,-0.7818314824680299,0.6234898018587334,0.580454927809098,0.8142923779467267,58.3625,51.40416666666667,24.745833333333334,62.725,25.804166666666664,61.57321428571429,51.275,56.589305555555555,19.856137954070018,Moderate
2023-02-06,33.68333333333333,52.5,50.04166666666666,1248.25,79.42083333333333,47.0375,2.125,8.091666666666667,10.1,6.4,89.875,6.5125,3.3000000000000003,3.3000000000000003,1017.4875,8.358333333333333,11.5,60.708333333333336,99.91666666666669,953.0,2023,2,0,37,0,No Holiday,0,0,1,0,0,1,0.8660254037844386,0.5000000000000001,0.0,1.0,0.5943761565849831,0.804187157621448,38.55833333333333,58.3625,51.40416666666667,85.32083333333334,27.225,58.12083333333334,52.186011904761905,53.876666666666665,21.643023825798373,Good
2023-02-07,36.12083333333333,69.2,54.8375,782.0833333333334,56.15416666666667,40.375,10.125,8.079166666666667,10.9,5.9,86.16666666666667,5.8125,0.6000000000000001,0.6000000000000001,1021.3541666666666,9.308333333333334,11.8,42.083333333333336,99.875,1109.0,2023,2,1,38,0,No Holiday,0,0,1,0,0,1,0.8660254037844386,0.5000000000000001,0.7818314824680298,0.6234898018587336,0.6081214998935418,0.7938439653781019,33.68333333333333,38.55833333333333,58.3625,76.47500000000001,23.979166666666668,50.74404761904763,52.64732142857143,51.60069444444445,19.52330024984263,Moderate
2023-02-08,45.79166666666666,61.7,72.07083333333334,715.0416666666666,59.8,40.62083333333333,15.458333333333334,6.054166666666667,7.7,4.2,80.54166666666667,2.8666666666666667,3.2,3.0,1024.7083333333333,14.675,19.5,70.75,99.54166666666669,1437.0,2023,2,2,39,0,No Holiday,0,0,1,0,0,1,0.8660254037844386,0.5000000000000001,0.9749279121818236,-0.22252093395631434,0.6216868902665479,0.7832658619336791,36.12083333333333,33.68333333333333,38.55833333333333,71.97916666666667,39.67083333333333,44.979166666666664,53.514583333333334,50.539027777777775,16.36090377863359,Moderate
2023-02-09,33.65416666666667,46.6,51.99583333333334,653.9166666666666,52.3875,26.70833333333333,17.541666666666668,6.266666666666667,7.3,5.2,91.375,4.954166666666667,13.2,13.2,1020.35,14.245833333333332,18.8,84.08333333333333,100.0,425.0,2023,2,3,40,0,No Holiday,0,0,1,0,0,1,0.8660254037844386,0.5000000000000001,0.43388373911755823,-0.900968867902419,0.6350683134867438,0.7724559775191742,45.79166666666666,36.12083333333333,33.68333333333333,24.745833333333334,58.25,41.238095238095234,53.95178571428571,48.45986111111111,11.400043003840882,Good
2023-02-10,21.004166666666663,34.5,30.3625,520.4166666666666,45.6,34.65416666666667,21.875,6.05,9.1,4.1,81.5,2.954166666666667,3.5,3.5,1021.2625,10.454166666666667,15.3,163.54166666666666,99.83333333333331,1620.0,2023,2,4,41,0,No Holiday,0,0,1,0,0,1,0.8660254037844386,0.5000000000000001,-0.433883739117558,-0.9009688679024191,0.6482618097757122,0.7614175109532997,33.65416666666667,45.79166666666666,36.12083333333333,51.40416666666667,51.04583333333333,42.510714285714286,52.194940476190474,48.61069444444444,9.60859197190426,Good
2023-02-11,22.304166666666664,29.6,32.85,676.75,62.775000000000006,41.49583333333333,8.666666666666666,6.879166666666666,9.9,4.6,88.58333333333333,5.091666666666667,6.4,6.4,1018.0916666666668,13.070833333333333,17.3,81.41666666666667,100.0,1165.0,2023,2,5,42,1,No Holiday,0,0,0,0,0,1,0.8660254037844386,0.5000000000000001,-0.9749279121818236,-0.2225209339563146,0.6612634749656386,0.7501537286959042,21.004166666666663,33.65416666666667,45.79166666666666,58.3625,60.8625,38.16785714285714,50.049107142857146,48.16708333333333,11.585662664046588,Good
2023-02-12,20.320833333333333,24.8,29.27916666666667,705.0416666666666,60.270833333333336,34.800000000000004,4.875,8.325000000000001,11.2,7.1,91.5,6.995833333333334,25.1,25.1,1014.725,14.3,17.6,160.29166666666666,100.0,976.0,2023,2,6,43,1,No Holiday,0,0,0,0,0,1,0.8660254037844386,0.5000000000000001,-0.7818314824680299,0.6234898018587334,0.6740694616546161,0.7386679638813748,22.304166666666664,21.004166666666663,33.65416666666667,38.55833333333333,62.725,33.01666666666666,47.29494047619048,47.43513888888889,8.78877322054827,Good
2023-02-13,20.370833333333334,31.3,30.120833333333334,610.7916666666666,39.35416666666666,26.383333333333336,30.541666666666668,4.366666666666666,7.1,3.0,77.54166666666667,0.5875,6.4,6.4,1024.0958333333333,18.875,25.9,41.04166666666666,98.54166666666669,660.0,2023,2,0,44,0,No Holiday,0,0,1,0,0,1,0.8660254037844386,0.5000000000000001,0.0,1.0,0.6866759803451553,0.726963615332308,20.320833333333333,22.304166666666664,21.004166666666663,33.68333333333333,85.32083333333334,30.411309523809525,44.26607142857143,46.10305555555555,9.54300897711545,Good
2023-02-14,25.7875,43.4,38.23333333333333,489.0416666666667,37.3625,32.55416666666667,37.41666666666666,3.2625,6.8,0.0,55.458333333333336,-4.945833333333334,0.0,0.0,1028.7916666666667,10.733333333333334,15.5,72.33333333333333,64.08333333333333,4329.0,2023,2,1,45,0,No Holiday,0,0,1,0,0,1,0.8660254037844386,0.5000000000000001,0.7818314824680298,0.6234898018587336,0.6990793005655562,0.7150441465537444,20.370833333333334,20.320833333333333,22.304166666666664,36.12083333333333,76.47500000000001,28.50952380952381,39.62678571428571,46.18236111111111,10.092915188585156,Good
2023-02-15,51.42916666666667,94.1,75.95416666666667,924.0416666666666,55.98333333333333,47.73333333333333,20.83333333333333,3.6458333333333335,9.1,-1.7,63.54166666666666,-3.145833333333333,0.0,0.0,1031.4083333333333,8.174999999999999,11.4,118.5,25.95833333333333,4469.0,2023,2,2,46,0,No Holiday,0,0,1,0,0,1,0.8660254037844386,0.5000000000000001,0.9749279121818236,-0.22252093395631434,0.7112757519738152,0.7029130847082615,25.7875,20.370833333333334,20.320833333333333,45.79166666666666,71.97916666666667,27.03333333333333,36.00625,46.20319444444444,9.534367962990968,Moderate
2023-02-16,45.6125,71.7,67.8625,917.0833333333334,58.1375,47.66666666666666,24.08333333333333,4.958333333333333,11.1,-1.4,66.5,-1.2916666666666667,0.7,0.5,1029.2291666666667,8.558333333333334,11.8,109.375,28.666666666666668,4465.0,2023,2,3,47,0,No Holiday,0,0,1,0,0,1,0.8660254037844386,0.5000000000000001,0.43388373911755823,-0.900968867902419,0.7232617254437388,0.6905740195722293,51.42916666666667,25.7875,20.370833333333334,33.65416666666667,24.745833333333334,27.838690476190475,34.53839285714286,46.32222222222222,11.432165502160467,Moderate
2023-02-17,50.9375,72.4,76.41666666666667,1143.875,67.12083333333334,60.07916666666667,11.625,8.266666666666667,12.5,4.4,74.70833333333333,3.9416666666666655,0.0,0.0,1022.0916666666668,8.054166666666667,12.2,109.75,97.33333333333331,1686.0,2023,2,4,48,0,No Holiday,0,0,1,0,0,1,0.8660254037844386,0.5000000000000001,-0.433883739117558,-0.9009688679024191,0.7350336741329413,0.6780306024735382,45.6125,51.42916666666667,25.7875,21.004166666666663,51.40416666666667,29.547023809523807,36.02886904761905,45.314166666666665,13.202437720833656,Moderate
2023-02-18,86.58333333333333,109.4,125.89583333333331,1662.0416666666667,69.12916666666666,68.64166666666667,2.4166666666666665,10.558333333333334,13.4,8.5,75.41666666666667,6.3625,0.1,0.1,1019.3666666666668,6.458333333333333,12.5,225.125,100.0,1224.0,2023,2,5,49,1,No Holiday,0,0,0,0,0,1,0.8660254037844386,0.5000000000000001,-0.9749279121818236,-0.2225209339563146,0.746588114532413,0.6652865452111116,50.9375,45.6125,51.42916666666667,22.304166666666664,58.3625,33.823214285714286,35.995535714285715,44.44888888888889,14.733168923703946,Unhealthy for Sensitive Groups
2023-02-19,67.32916666666667,105.0,96.68333333333334,1269.0,52.05416666666667,63.48333333333333,25.5,7.308333333333334,11.2,2.6,64.29166666666667,0.1541666666666666,0.0,0.0,1026.075,10.8125,18.7,177.91666666666666,31.666666666666668,4603.0,2023,2,6,50,1,No Holiday,0,0,0,0,0,1,0.8660254037844386,0.5000000000000001,-0.7818314824680299,0.6234898018587334,0.7579216274973472,0.6523456189565257,86.58333333333333,50.9375,45.6125,20.320833333333333,38.55833333333333,43.00595238095239,38.01130952380952,44.530138888888885,23.675164732250746,Moderate
2023-02-20,67.3125,101.3,97.48333333333332,949.875,68.97500000000001,78.17916666666666,25.5,6.120833333333334,12.5,-0.6,61.875,-1.2541666666666669,0.0,0.0,1028.9208333333331,8.9125,21.1,100.54166666666669,2.5,4717.0,2023,2,0,51,0,No Holiday,0,0,1,0,0,1,0.8660254037844386,0.5000000000000001,0.0,1.0,0.7690308592589181,0.6392116531380588,67.32916666666667,86.58333333333333,50.9375,20.370833333333334,33.68333333333333,49.721428571428575,40.06636904761904,44.986666666666665,22.819587106713872,Moderate
2023-02-21,20.675,31.9,33.266666666666666,366.9166666666667,34.583333333333336,36.25416666666667,35.333333333333336,3.4250000000000003,6.4,0.8,62.91666666666666,-3.204166666666667,0.0,0.0,1034.5791666666669,14.991666666666667,19.1,64.125,69.95833333333333,3244.0,2023,2,1,52,0,No Holiday,0,0,1,0,0,1,0.8660254037844386,0.5000000000000001,0.7818314824680298,0.6234898018587336,0.7799125224167177,0.6258885343075018,67.3125,67.32916666666667,86.58333333333333,25.7875,36.12083333333333,56.42738095238095,42.468452380952385,46.155,19.397599104660717,Good
2023-02-22,27.6,47.5,42.5375,589.0,50.2,59.75,15.875,3.325,7.2,0.2,70.66666666666667,-1.7041666666666666,0.0,0.0,1029.0791666666669,9.9875,12.7,63.833333333333336,82.375,1568.0,2023,2,2,53,0,No Holiday,0,0,1,0,0,1,0.8660254037844386,0.5000000000000001,0.9749279121818236,-0.22252093395631434,0.7905633969115482,0.612380204990065,20.675,67.3125,67.32916666666667,51.42916666666667,45.79166666666666,55.697023809523806,41.365178571428565,45.98402777777778,20.789811584227355,Good
2023-02-23,36.00833333333333,46.9,53.04583333333333,707.0,57.15416666666667,51.0875,4.625,3.7083333333333335,6.7,0.6,85.66666666666667,1.4041666666666668,3.2,3.2,1024.2041666666669,6.995833333333334,10.2,67.0,80.41666666666667,1340.0,2023,2,3,54,0,No Holiday,0,0,1,0,0,1,0.8660254037844386,0.5000000000000001,0.43388373911755823,-0.900968867902419,0.8009803309782905,0.5986906625177214,27.6,20.675,67.3125,45.6125,33.65416666666667,52.29285714285714,40.06577380952381,45.99652777777778,23.3930448415266,Moderate
2023-02-24,37.60416666666666,117.8,54.37083333333334,1009.7083333333334,55.3375,50.75,25.08333333333333,5.8375,11.4,2.8,77.375,1.7833333333333332,0.8,0.8,1027.7,8.179166666666667,11.0,141.95833333333334,85.5,3405.0,2023,2,4,55,0,No Holiday,0,0,1,0,0,1,0.8660254037844386,0.5000000000000001,-0.433883739117558,-0.9009688679024191,0.8111602420785621,0.5848239578463322,36.00833333333333,27.6,20.675,50.9375,21.004166666666663,50.920833333333334,40.23392857142857,46.3975,24.120491566838524,Moderate
2023-02-25,36.00833333333333,89.2,54.1875,707.25,43.6875,31.116666666666664,28.875,4.708333333333333,8.9,1.5,64.75,-2.404166666666667,0.0,0.0,1037.1791666666666,12.275,18.4,39.75,40.875,4589.0,2023,2,5,56,1,No Holiday,0,0,0,0,0,1,0.8660254037844386,0.5000000000000001,-0.9749279121818236,-0.2225209339563146,0.8211001178128892,0.5707841943569036,37.60416666666666,36.00833333333333,27.6,86.58333333333333,22.304166666666664,49.01607142857143,41.419642857142854,46.32861111111111,24.63982274182751,Moderate
2023-02-26,49.84583333333333,87.3,71.97083333333333,922.4166666666666,56.63333333333333,57.2875,26.791666666666668,3.6458333333333335,9.8,-2.8,55.79166666666666,-5.095833333333333,0.0,0.0,1037.6833333333334,6.783333333333334,10.5,114.54166666666669,0.0,5022.0,2023,2,6,57,1,No Holiday,0,0,0,0,0,1,0.8660254037844386,0.5000000000000001,-0.7818314824680299,0.6234898018587334,0.8307970168121247,0.5565755266413303,36.00833333333333,37.60416666666666,36.00833333333333,67.32916666666667,20.320833333333333,41.79107142857142,42.398511904761904,45.58722222222222,18.417486694377427,Moderate
2023-02-27,43.29583333333333,60.3,66.08749999999999,854.875,56.975,49.54166666666666,26.666666666666668,5.675,12.5,-0.1,67.375,-0.3999999999999999,0.0,0.0,1031.0416666666667,12.458333333333334,18.1,124.5,0.0,5041.0,2023,2,0,58,0,No Holiday,0,0,1,0,0,1,0.8660254037844386,0.5000000000000001,0.0,1.0,0.8402480696078469,0.5422021592729844,49.84583333333333,36.00833333333333,37.60416666666666,67.3125,20.370833333333334,39.29345238095238,44.507440476190474,45.547222222222224,15.298371762100446,Moderate
2023-02-28,49.91666666666666,71.9,73.05416666666666,979.2083333333334,63.88333333333333,45.69166666666666,18.08333333333333,8.366666666666667,15.4,1.1,74.95833333333333,3.783333333333333,0.1,0.1,1023.7458333333334,8.987499999999999,12.4,185.33333333333331,50.66666666666666,3627.0,2023,2,1,59,0,No Holiday,0,0,1,0,0,1,0.8660254037844386,0.5000000000000001,0.7818314824680298,0.6234898018587336,0.8494504794814806,0.527668345562516,43.29583333333333,49.84583333333333,36.00833333333333,20.675,25.7875,35.8625,46.14494047619047,44.96166666666667,9.598550720079047,Moderate
2023-03-01,85.67916666666667,120.1,124.04166666666669,1538.125,72.14166666666667,61.4,29.375,10.5375,17.1,5.3,64.79166666666667,3.4875000000000003,0.0,0.0,1024.925,10.395833333333334,21.4,248.33333333333331,56.0,4727.0,2023,3,2,60,0,No Holiday,0,0,1,1,0,1,1.0,6.123233995736766e-17,0.9749279121818236,-0.22252093395631434,0.8584015232918917,0.512978386299228,49.91666666666666,43.29583333333333,49.84583333333333,27.6,51.42916666666667,40.03988095238095,47.86845238095238,44.534722222222214,8.13939922691693,Unhealthy for Sensitive Groups
2023-03-02,57.92916666666667,87.1,89.90833333333335,841.7916666666666,57.46666666666667,44.6875,25.20833333333333,8.0,13.6,4.2,54.5,-1.4291666666666665,0.0,0.0,1030.3791666666666,8.137500000000001,11.6,76.20833333333333,39.708333333333336,5071.0,2023,3,3,61,0,No Holiday,0,0,1,1,0,1,1.0,6.123233995736766e-17,0.43388373911755823,-0.900968867902419,0.8670985522812081,0.4981366284784055,85.67916666666667,49.91666666666666,43.29583333333333,36.00833333333333,45.6125,48.336904761904755,50.31488095238095,44.54666666666667,17.53001451026672,Moderate
2023-03-03,45.47083333333333,75.0,68.80833333333334,887.9583333333334,62.9875,49.61666666666667,20.791666666666668,8.858333333333333,16.0,3.5,59.25,0.5708333333333333,0.0,0.0,1025.9916666666666,9.4375,11.6,145.70833333333334,66.58333333333333,4088.0,2023,3,4,62,0,No Holiday,0,0,1,1,0,1,1.0,6.123233995736766e-17,-0.433883739117558,-0.9009688679024191,0.8755389928586302,0.4831474640149687,57.92916666666667,85.67916666666667,49.91666666666666,37.60416666666666,50.9375,51.46845238095238,51.19464285714285,43.92847222222222,16.90749406786129,Moderate
2023-03-04,76.6875,138.8,112.27916666666664,1121.375,73.62916666666666,55.9125,26.83333333333333,11.091666666666669,19.6,3.5,64.66666666666667,3.8708333333333336,0.0,0.0,1024.4708333333333,8.975,12.6,176.45833333333334,5.208333333333333,4980.0,2023,3,5,63,1,No Holiday,0,0,0,1,0,1,1.0,6.123233995736766e-17,-0.9749279121818236,-0.2225209339563146,0.8837203473619977,0.4680153284438345,45.47083333333333,57.92916666666667,85.67916666666667,36.00833333333333,86.58333333333333,52.592261904761905,50.80416666666667,43.04486111111111,16.07323092847737,Unhealthy for Sensitive Groups
2023-03-05,80.24583333333334,128.1,116.00416666666666,1120.5833333333333,68.23333333333333,74.07916666666667,40.833333333333336,13.454166666666666,21.5,6.9,60.083333333333336,5.4125000000000005,0.1,0.1,1022.45,9.316666666666666,11.4,183.29166666666663,19.45833333333333,4827.0,2023,3,6,64,1,No Holiday,0,0,0,1,0,1,1.0,6.123233995736766e-17,-0.7818314824680299,0.6234898018587334,0.8916401947968874,0.45274469960737107,76.6875,45.47083333333333,57.92916666666667,49.84583333333333,67.32916666666667,58.40357142857142,50.097321428571426,44.77625,16.427857936111145,Unhealthy for Sensitive Groups
2023-03-06,63.583333333333336,85.9,91.49166666666667,737.6666666666666,58.9625,75.0125,43.958333333333336,14.970833333333331,23.8,7.2,52.583333333333336,4.2875000000000005,0.0,0.0,1019.3625,11.733333333333334,20.1,186.79166666666663,31.625,5199.0,2023,3,0,65,0,No Holiday,0,0,1,1,0,1,1.0,6.123233995736766e-17,0.0,1.0,0.8992961915530253,0.4373400963303323,80.24583333333334,76.6875,45.47083333333333,43.29583333333333,67.3125,62.746428571428574,51.01994047619048,45.73763888888889,17.753280283189753,Moderate
2023-03-07,59.18333333333334,81.5,84.79166666666667,658.0833333333334,58.53333333333333,68.97500000000001,40.25,16.241666666666667,24.9,9.5,49.04166666666666,4.816666666666666,0.1,0.1,1016.8708333333334,9.429166666666667,12.1,177.66666666666666,67.04166666666667,4740.0,2023,3,1,66,0,No Holiday,0,0,1,1,0,1,1.0,6.123233995736766e-17,0.7818314824680298,0.6234898018587336,0.9066860720977985,0.4218060770826634,63.583333333333336,80.24583333333334,76.6875,49.91666666666666,20.675,65.64464285714286,50.75357142857143,45.91166666666667,15.570543755351109,Moderate
2023-03-08,67.8,102.9,96.975,871.5,66.84166666666667,81.325,37.125,17.6125,25.7,10.7,60.708333333333336,9.4,0.0,0.0,1015.6416666666668,12.270833333333334,21.4,211.375,100.0,4051.0,2023,3,2,67,0,No Holiday,0,0,1,1,0,1,1.0,6.123233995736766e-17,0.9749279121818236,-0.22252093395631434,0.9138076496466615,0.4061472386305789,59.18333333333334,63.583333333333336,80.24583333333334,85.67916666666667,27.6,66.96845238095239,53.50416666666666,46.59916666666666,14.357129362276218,Moderate
2023-03-09,58.52916666666667,81.7,89.1125,1039.8333333333333,66.65833333333333,56.09166666666667,46.375,17.287499999999998,25.5,9.9,69.04166666666667,10.4375,0.0,0.0,1016.4458333333332,10.6375,15.6,232.33333333333331,8.833333333333334,5201.0,2023,3,3,68,0,No Holiday,0,0,1,1,0,1,1.0,6.123233995736766e-17,0.43388373911755823,-0.900968867902419,0.9206588168102428,0.3903682146763026,67.8,59.18333333333334,63.583333333333336,57.92916666666667,36.00833333333333,64.41428571428571,56.37559523809523,47.73638888888889,11.844107198547706,Moderate
2023-03-10,38.86666666666667,60.3,58.05833333333334,835.0833333333334,61.74583333333334,44.63333333333333,54.083333333333336,19.08333333333333,27.1,12.6,59.5,9.170833333333333,0.0,0.0,1015.5666666666666,12.033333333333331,14.5,184.45833333333331,50.66666666666666,5290.0,2023,3,4,69,0,No Holiday,0,0,1,1,0,1,1.0,6.123233995736766e-17,-0.433883739117558,-0.9009688679024191,0.9272375462179537,0.374473674486883,58.52916666666667,67.8,59.18333333333334,45.47083333333333,37.60416666666666,64.5,57.984226190476186,48.48333333333333,11.791407044648842,Moderate
2023-03-11,65.52916666666667,103.1,94.075,1585.6666666666667,83.14583333333333,48.50416666666666,12.041666666666666,17.349999999999998,21.1,15.4,66.20833333333333,10.55,0.5,0.5,1016.1333333333332,7.608333333333333,14.8,195.58333333333331,99.875,1427.0,2023,3,5,70,1,No Holiday,0,0,0,1,0,1,1.0,6.123233995736766e-17,-0.9749279121818236,-0.2225209339563146,0.9335418911179212,0.35846832151248087,38.86666666666667,58.52916666666667,67.8,76.6875,36.00833333333333,63.55654761904761,58.07440476190476,48.252500000000005,13.680591833809029,Moderate
2023-03-12,41.6,73.1,65.65416666666667,753.8333333333334,45.94583333333333,40.425,34.25,10.908333333333331,14.9,7.1,51.875,0.6333333333333333,0.0,0.0,1027.3166666666666,18.35833333333333,26.9,138.625,64.29166666666667,5046.0,2023,3,6,71,1,No Holiday,0,0,0,1,0,1,1.0,6.123233995736766e-17,-0.7818314824680299,0.6234898018587334,0.9395699859530622,0.342356891994542,65.52916666666667,38.86666666666667,58.52916666666667,80.24583333333334,49.84583333333333,61.96250000000001,60.183035714285715,49.315000000000005,12.494225054889325,Moderate
2023-03-13,38.6,56.7,56.04166666666666,814.125,52.020833333333336,46.99166666666667,33.875,10.1875,16.8,3.5,51.0,-0.475,0.0,0.0,1022.8875,11.6875,17.0,179.33333333333334,19.75,5632.0,2023,3,0,72,0,No Holiday,0,0,1,1,0,1,1.0,6.123233995736766e-17,0.0,1.0,0.945320046913132,0.3261441535642696,41.6,65.52916666666667,38.86666666666667,63.583333333333336,43.29583333333333,56.44166666666666,59.59404761904762,50.00152777777778,11.573157750764327,Moderate
2023-03-14,29.870833333333334,40.3,43.333333333333336,535.7916666666666,43.2,34.545833333333334,51.833333333333336,14.483333333333334,22.9,7.2,46.333333333333336,2.2958333333333334,0.0,0.0,1011.8,15.354166666666666,24.5,183.125,5.375,5607.0,2023,3,1,73,0,No Holiday,0,0,1,1,0,1,1.0,6.123233995736766e-17,0.7818314824680298,0.6234898018587336,0.9507903724625832,0.3098349038318025,38.6,41.6,65.52916666666667,59.18333333333334,49.91666666666666,52.87261904761905,59.258630952380955,50.54472222222223,12.791812760915477,Good
2023-03-15,44.5125,68.7,66.04583333333333,627.25,49.895833333333336,59.12916666666666,44.125,13.808333333333332,20.3,7.8,50.125,2.9916666666666667,0.0,0.0,1017.4458333333332,16.458333333333332,28.5,116.125,34.833333333333336,5378.0,2023,3,2,74,0,No Holiday,0,0,1,1,0,1,1.0,6.123233995736766e-17,0.9749279121818236,-0.22252093395631434,0.9559793438440766,0.2934339689665273,29.870833333333334,38.6,41.6,67.8,85.67916666666667,48.68511904761905,57.82678571428572,50.863055555555555,14.99051800173431,Moderate
2023-03-16,23.025,28.0,37.28333333333333,259.4166666666667,21.320833333333333,29.5375,60.0,10.175,16.9,6.3,50.125,-0.3083333333333333,7.0,7.0,1024.6625,22.39583333333333,28.6,72.70833333333333,72.79166666666667,5122.0,2023,3,3,75,0,No Holiday,0,0,1,1,0,1,1.0,6.123233995736766e-17,0.43388373911755823,-0.900968867902419,0.9608854255574977,0.27694620226893646,44.5125,29.870833333333334,38.6,58.52916666666667,57.92916666666667,45.35833333333334,54.88630952380953,51.66777777777778,12.401971169491247,Good
2023-03-17,16.933333333333334,23.5,25.34166666666667,293.4166666666667,34.63333333333333,39.56666666666667,42.29166666666666,6.2875000000000005,7.1,5.7,81.5,3.3208333333333333,24.1,24.1,1022.5708333333332,18.079166666666666,23.6,52.333333333333336,100.0,877.0,2023,3,4,76,0,No Holiday,0,0,1,1,0,1,1.0,6.123233995736766e-17,-0.433883739117558,-0.9009688679024191,0.9655071658143364,0.2603764827344581,23.025,44.5125,29.870833333333334,38.86666666666667,45.47083333333333,40.28630952380952,52.39315476190477,51.57569444444445,13.342177994028646,Good
2023-03-18,37.65416666666667,68.9,57.020833333333336,577.125,47.7125,46.37083333333334,28.58333333333333,8.354166666666666,11.4,5.8,69.70833333333333,3.1041666666666665,0.0,0.0,1022.8416666666668,7.345833333333334,10.2,153.08333333333334,100.0,2636.0,2023,3,5,77,1,No Holiday,0,0,0,1,0,1,1.0,6.123233995736766e-17,-0.9749279121818236,-0.2225209339563146,0.969843196967294,0.24372971360968387,16.933333333333334,23.025,44.5125,65.52916666666667,76.6875,37.15297619047619,50.3547619047619,50.42583333333333,16.034878382309408,Moderate
2023-03-19,43.770833333333336,57.2,68.64166666666667,666.625,62.145833333333336,63.725,18.791666666666668,10.666666666666666,15.5,5.8,57.958333333333336,2.3625000000000003,0.0,0.0,1018.3666666666668,12.308333333333332,18.4,111.41666666666669,93.58333333333331,4544.0,2023,3,6,78,1,No Holiday,0,0,0,1,0,1,1.0,6.123233995736766e-17,-0.7818314824680299,0.6234898018587334,0.9738922359149924,0.22701082094141847,37.65416666666667,16.933333333333334,23.025,41.6,80.24583333333334,33.170833333333334,47.56666666666667,50.160555555555554,10.220442930896287,Moderate
2023-03-20,44.47083333333333,60.5,66.22083333333333,818.0833333333334,58.225,56.71666666666667,17.583333333333332,11.5125,15.5,6.3,77.70833333333333,7.6125,6.1,6.1,1011.4666666666668,8.0,14.8,123.83333333333331,86.58333333333333,2580.0,2023,3,0,79,0,No Holiday,0,0,1,1,0,1,1.0,6.123233995736766e-17,0.0,1.0,0.9776530844816641,0.2102247521189836,43.770833333333336,37.65416666666667,16.933333333333334,38.6,63.583333333333336,33.48095238095238,44.961309523809526,49.92166666666667,10.546568594902718,Moderate
2023-03-21,49.1125,79.2,70.14583333333333,1283.9166666666667,71.53333333333333,69.99583333333334,5.458333333333333,13.058333333333332,16.2,10.3,90.20833333333331,11.408333333333331,11.3,11.3,1007.1708333333332,7.774999999999999,11.4,80.08333333333333,100.0,1541.0,2023,3,1,80,0,No Holiday,0,0,1,1,0,1,1.0,6.123233995736766e-17,0.7818314824680298,0.6234898018587336,0.981124629771712,0.19337647441020586,44.47083333333333,43.770833333333336,37.65416666666667,29.870833333333334,59.18333333333334,34.31964285714285,43.59613095238095,48.51791666666667,11.232613806674662,Moderate
2023-03-22,42.00416666666667,81.5,59.98333333333333,1307.4166666666667,67.74166666666666,56.3,0.7083333333333334,13.325,15.3,11.6,96.125,12.708333333333334,17.400000000000002,17.400000000000002,1005.9,9.558333333333334,16.5,133.70833333333334,100.0,773.0,2023,3,2,81,0,No Holiday,0,0,1,1,0,1,1.0,6.123233995736766e-17,0.9749279121818236,-0.22252093395631434,0.984305844499033,0.17647097349152166,49.1125,44.47083333333333,43.770833333333336,44.5125,67.8,37.06845238095239,42.87678571428571,47.910694444444445,12.269030912979828,Moderate
2023-03-23,27.09166666666667,48.8,41.145833333333336,462.2083333333333,50.46666666666667,31.3125,26.291666666666668,12.166666666666666,14.0,10.7,75.83333333333333,7.591666666666666,0.1,0.1,1012.5,17.341666666666665,22.6,112.04166666666669,100.0,1186.0,2023,3,3,82,0,No Holiday,0,0,1,1,0,1,1.0,6.123233995736766e-17,0.43388373911755823,-0.900968867902419,0.9871957872910085,0.15951325197263655,42.00416666666667,49.1125,44.47083333333333,23.025,58.52916666666667,36.710119047619045,41.03422619047619,47.06708333333333,12.050057595803148,Good
2023-03-24,26.73333333333333,38.2,40.30833333333333,374.75,45.30416666666667,31.808333333333334,30.291666666666668,8.625,10.5,5.3,45.333333333333336,-2.770833333333333,1.0,1.0,1020.5708333333332,15.679166666666667,21.5,45.375,88.16666666666667,1040.0,2023,3,4,83,0,No Holiday,0,0,1,1,0,1,1.0,6.123233995736766e-17,-0.433883739117558,-0.9009688679024191,0.9897936029670716,0.14250832791617088,27.09166666666667,42.00416666666667,49.1125,16.933333333333334,38.86666666666667,37.291071428571435,38.78869047619048,47.28097222222222,11.358498518346236,Good
2023-03-25,44.3625,88.0,65.54166666666667,638.1666666666666,55.37083333333334,51.5125,17.75,7.570833333333333,10.9,4.6,55.458333333333336,-0.9125,0.0,0.0,1020.5875,7.870833333333334,11.9,53.208333333333336,96.16666666666669,2289.0,2023,3,5,84,1,No Holiday,0,0,0,1,0,1,1.0,6.123233995736766e-17,-0.9749279121818236,-0.2225209339563146,0.992098522791769,0.12546123335273648,26.73333333333333,27.09166666666667,42.00416666666667,37.65416666666667,65.52916666666667,38.691071428571426,37.922023809523814,47.25208333333333,8.73118228803116,Moderate
2023-03-26,74.05833333333334,113.4,115.22916666666669,869.6666666666666,63.66666666666666,57.36666666666667,23.0,10.354166666666666,15.9,4.1,60.41666666666666,2.375,0.0,0.0,1020.7333333333332,6.1625000000000005,9.0,102.875,63.708333333333336,5440.0,2023,3,6,85,1,No Holiday,0,0,0,1,0,1,1.0,6.123233995736766e-17,-0.7818314824680299,0.6234898018587334,0.9941098647022418,0.10837701279187609,44.3625,26.73333333333333,27.09166666666667,43.770833333333336,41.6,39.64940476190476,36.41011904761905,47.53055555555555,8.963466368097453,Moderate
2023-03-27,73.03333333333333,97.3,111.97083333333336,801.4166666666666,61.10833333333333,62.30416666666667,42.75,11.9,18.5,5.4,65.125,5.0625,0.0,0.0,1020.7791666666668,8.279166666666667,12.0,136.91666666666666,72.91666666666667,5714.0,2023,3,0,86,0,No Holiday,0,0,1,1,0,1,1.0,6.123233995736766e-17,0.0,1.0,0.9958270335100595,0.09126072172931188,74.05833333333334,44.3625,26.73333333333333,44.47083333333333,38.6,43.97619047619048,38.728571428571435,48.745694444444446,15.905989677031208,Moderate
2023-03-28,50.03333333333333,64.0,75.20416666666667,497.9166666666667,49.15,39.5,46.16666666666666,13.129166666666668,20.2,5.4,50.958333333333336,2.4875000000000003,0.0,0.0,1021.1625,11.745833333333332,17.3,128.70833333333334,56.29166666666666,5795.0,2023,3,1,87,0,No Holiday,0,0,1,1,0,1,1.0,6.123233995736766e-17,0.7818314824680298,0.6234898018587336,0.9972495210773451,0.07411742515094437,73.03333333333333,74.05833333333334,44.3625,49.1125,29.870833333333334,48.05654761904761,41.18809523809524,49.979861111111106,19.345674470047847,Moderate
2023-03-29,33.15416666666667,47.3,48.88333333333333,539.75,55.62916666666666,47.27916666666667,34.458333333333336,13.379166666666668,18.8,9.8,58.16666666666666,5.145833333333333,0.0,0.0,1018.3333333333334,15.645833333333334,21.4,123.79166666666669,91.58333333333331,4229.0,2023,3,2,88,0,No Holiday,0,0,1,1,0,1,1.0,6.123233995736766e-17,0.9749279121818236,-0.22252093395631434,0.998376906467142,0.056952196034039754,50.03333333333333,73.03333333333333,74.05833333333334,42.00416666666667,44.5125,48.188095238095244,42.62827380952381,49.98611111111111,19.357178845341384,Good
2023-03-30,39.29583333333333,55.6,58.583333333333336,580.375,53.458333333333336,44.8625,47.5,12.879166666666668,17.5,9.9,72.20833333333333,7.741666666666667,0.7999999999999999,0.7999999999999999,1016.725,13.641666666666666,19.3,115.08333333333331,63.625,4466.0,2023,3,3,89,0,No Holiday,0,0,1,1,0,1,1.0,6.123233995736766e-17,0.43388373911755823,-0.900968867902419,0.9992088560679753,0.03977011384605572,33.15416666666667,50.03333333333333,73.03333333333333,27.09166666666667,23.025,46.92380952380952,41.816964285714285,49.64805555555555,20.10303187849223,Moderate
2023-03-31,53.85416666666666,69.2,79.31666666666666,793.4583333333334,72.14999999999999,74.98333333333333,21.58333333333333,12.7125,16.8,8.1,77.08333333333333,8.533333333333333,0.0,0.0,1016.4416666666666,10.095833333333331,18.6,115.66666666666669,78.70833333333333,2976.0,2023,3,4,90,0,No Holiday,0,0,1,1,0,1,1.0,6.123233995736766e-17,-0.433883739117558,-0.9009688679024191,0.9997451236925734,0.022576263041545485,39.29583333333333,33.15416666666667,50.03333333333333,26.73333333333333,16.933333333333334,48.66726190476191,42.97916666666667,49.29402777777778,18.56693338200046,Moderate
2023-04-01,48.79166666666666,66.8,71.61666666666666,1001.5833333333334,71.33749999999999,79.89999999999999,23.25,15.341666666666669,20.5,10.9,73.29166666666667,10.245833333333334,0.0,0.0,1013.3083333333334,7.270833333333333,10.1,95.625,51.5,4503.0,2023,4,5,91,1,No Holiday,0,0,0,1,0,0,0.8660254037844387,-0.4999999999999998,-0.9749279121818236,-0.2225209339563146,0.9999855506507186,0.005375731557583884,53.85416666666666,39.29583333333333,33.15416666666667,44.3625,37.65416666666667,52.541666666666664,45.616369047619045,48.23319444444444,15.859359822561688,Moderate
2023-04-02,47.44166666666666,67.1,69.78750000000001,1014.125,76.77083333333333,97.125,33.416666666666664,16.704166666666666,22.9,10.4,64.79166666666667,9.308333333333334,0.0,0.0,1013.1458333333334,16.854166666666668,28.8,110.375,30.25,6028.0,2023,4,6,92,1,No Holiday,0,0,0,1,0,0,0.8660254037844387,-0.4999999999999998,-0.7818314824680299,0.6234898018587334,0.9999300657962057,-0.011826390691832589,48.79166666666666,53.85416666666666,39.29583333333333,74.05833333333334,43.770833333333336,53.17440476190477,46.41190476190476,47.92861111111111,15.564259239507853,Moderate
2023-04-03,25.758333333333336,39.6,38.91666666666666,462.375,53.68333333333334,37.766666666666666,51.41666666666666,15.058333333333332,16.1,14.1,69.04166666666667,9.116666666666667,36.3,36.3,1008.8416666666668,28.933333333333334,33.3,125.625,100.0,1098.0,2023,4,0,93,0,No Holiday,0,0,1,1,0,0,0.8660254037844387,-0.4999999999999998,0.0,1.0,0.9995786855478958,-0.029025013321975237,47.44166666666666,48.79166666666666,53.85416666666666,73.03333333333333,44.47083333333333,49.37202380952381,46.674107142857146,47.994305555555556,12.576407152485249,Good
2023-04-04,26.058333333333334,38.5,37.74166666666667,476.7083333333333,37.454166666666666,22.804166666666664,42.54166666666666,15.829166666666666,20.1,12.9,83.0,12.925,16.400000000000002,16.400000000000002,1005.0083333333332,17.579166666666666,27.7,210.91666666666663,100.0,2191.0,2023,4,1,94,0,No Holiday,0,1,1,1,1,0,0.8660254037844387,-0.4999999999999998,0.7818314824680298,0.6234898018587336,0.9989315138848577,-0.046215046983708354,25.758333333333336,47.44166666666666,48.79166666666666,50.03333333333333,49.1125,42.61845238095238,45.33749999999999,46.29666666666667,10.22635338580826,Good
2023-04-05,27.129166666666663,59.8,38.80833333333333,529.125,33.32083333333333,30.83333333333333,32.583333333333336,11.445833333333333,14.2,8.4,72.625,6.5625,2.0,2.0,1013.3583333333332,15.270833333333334,21.0,298.7916666666667,99.0,3100.0,2023,4,2,95,0,Qingming Festival,1,0,0,1,1,0,0.8660254037844387,-0.4999999999999998,0.9749279121818236,-0.22252093395631434,0.9979887423155984,-0.06339140486951038,26.058333333333334,25.758333333333336,47.44166666666666,33.15416666666667,42.00416666666667,39.19345238095237,43.69077380952381,44.49041666666667,11.288729850031311,Good
2023-04-06,59.4,72.6,84.92916666666666,1205.2916666666667,58.80833333333334,62.87083333333333,3.75,11.2875,13.6,8.4,83.29166666666667,8.525,2.0,2.0,1015.3375,6.645833333333333,12.3,284.0833333333333,83.125,1584.0,2023,4,3,96,0,No Holiday,0,1,1,1,1,0,0.8660254037844387,-0.4999999999999998,0.43388373911755823,-0.900968867902419,0.9967506498213929,-0.08054900421874167,27.129166666666663,26.058333333333334,25.758333333333336,39.29583333333333,27.09166666666667,38.33273809523809,42.62827380952381,43.275277777777774,12.03121456910899,Moderate
2023-04-07,51.76666666666667,72.6,76.24166666666666,620.4583333333334,46.35,42.49583333333333,35.541666666666664,12.441666666666668,18.2,8.1,71.0,6.654166666666666,0.0,0.0,1020.3291666666668,11.645833333333334,19.3,287.2916666666667,9.125,5836.0,2023,4,4,97,0,No Holiday,0,0,1,1,0,0,0.8660254037844387,-0.4999999999999998,-0.433883739117558,-0.9009688679024191,0.9952176027737294,-0.09768276782171598,59.4,27.129166666666663,26.058333333333334,53.85416666666666,26.73333333333333,41.2047619047619,44.936011904761905,43.282500000000006,14.454890005557115,Moderate
2023-04-08,50.72916666666666,97.6,75.57916666666667,430.8333333333333,49.01666666666667,79.91250000000001,39.333333333333336,12.741666666666667,18.1,7.3,64.20833333333333,5.220833333333333,0.0,0.0,1023.6041666666666,5.841666666666666,12.0,128.08333333333334,17.708333333333332,6202.0,2023,4,5,98,1,No Holiday,0,0,0,1,0,0,0.8660254037844387,-0.4999999999999998,-0.9749279121818236,-0.2225209339563146,0.9933900548258936,-0.11478762552212701,51.76666666666667,59.4,27.129166666666663,48.79166666666666,44.3625,40.906547619047615,46.72410714285714,42.74805555555556,14.1691386440399,Moderate
2023-04-09,44.333333333333336,59.4,65.6125,446.4166666666667,43.520833333333336,54.95,54.375,14.6625,22.1,7.4,61.0,6.754166666666666,0.0,0.0,1016.475,10.483333333333333,14.0,169.79166666666666,18.791666666666668,6268.0,2023,4,6,99,1,No Holiday,0,0,0,1,0,0,0.8660254037844387,-0.4999999999999998,-0.7818314824680299,0.6234898018587334,0.9912685467787256,-0.13185851571739118,50.72916666666666,51.76666666666667,59.4,47.44166666666666,74.05833333333334,41.18333333333333,47.17886904761905,42.488055555555555,14.366392551844996,Moderate
2023-04-10,44.4625,68.0,64.23333333333333,625.0,54.325,40.44166666666667,52.04166666666666,18.5125,25.7,11.5,64.58333333333333,11.2,0.0,0.0,1009.8541666666666,12.320833333333333,19.5,180.83333333333331,77.08333333333333,6068.0,2023,4,0,100,0,No Holiday,0,0,1,1,0,0,0.8660254037844387,-0.4999999999999998,0.0,1.0,0.9888537064205885,-0.1488903868564548,44.333333333333336,50.72916666666666,51.76666666666667,25.758333333333336,73.03333333333333,40.739285714285714,45.055654761904755,42.67027777777778,14.187640898538303,Moderate
2023-04-11,57.708333333333336,71.0,91.45,584.125,54.90416666666667,44.55,57.708333333333336,20.308333333333334,27.0,15.9,61.91666666666666,11.966666666666669,0.2,0.2,1010.4208333333332,12.2,27.2,160.16666666666666,68.33333333333333,5165.0,2023,4,1,101,0,No Holiday,0,0,1,1,0,0,0.8660254037844387,-0.4999999999999998,0.7818314824680298,0.6234898018587336,0.986146248341595,-0.16587819893463143,44.4625,44.333333333333336,50.72916666666666,26.058333333333334,50.03333333333333,43.41130952380952,43.014880952380956,41.96805555555555,12.564436167888104,Moderate
2023-04-12,39.9875,47.1,71.8,424.6666666666667,50.11666666666667,55.208333333333336,42.91666666666666,17.3875,22.6,12.2,42.29166666666666,4.079166666666667,0.0,0.0,1016.2375,17.183333333333334,22.7,105.875,57.79166666666666,6326.0,2023,4,2,102,0,No Holiday,0,0,1,1,0,0,0.8660254037844387,-0.4999999999999998,0.9749279121818236,-0.22252093395631434,0.9831469737221499,-0.1828169249850199,57.708333333333336,44.4625,44.333333333333336,27.129166666666663,33.15416666666667,47.9327380952381,43.56309523809523,42.505,10.857917465753953,Moderate
2023-04-13,42.85,54.1,65.6125,352.4583333333333,41.333333333333336,50.26666666666667,50.0,18.566666666666663,24.8,14.0,47.16666666666666,6.445833333333333,0.0,0.0,1010.6625,17.349999999999998,21.9,142.58333333333334,96.41666666666669,4401.0,2023,4,3,103,0,No Holiday,0,0,1,1,0,0,0.8660254037844387,-0.4999999999999998,0.43388373911755823,-0.900968867902419,0.9798567700958665,-0.1997015525660636,39.9875,57.708333333333336,44.4625,59.4,39.29583333333333,49.769642857142856,44.05119047619048,42.551249999999996,7.235156306016454,Moderate
2023-04-14,53.19583333333333,75.0,76.58333333333333,513.2916666666666,47.98333333333333,65.4375,34.041666666666664,18.745833333333334,23.8,14.5,77.16666666666667,14.4,0.3,0.3,1007.975,8.529166666666667,14.8,225.375,99.0,3242.0,2023,4,4,104,0,No Holiday,0,0,1,1,0,0,0.8660254037844387,-0.4999999999999998,-0.433883739117558,-0.9009688679024191,0.9762766110869321,-0.21652708524481437,42.85,39.9875,57.708333333333336,51.76666666666667,53.85416666666666,47.40535714285714,44.30505952380952,42.98388888888889,6.192652509694309,Moderate
2023-04-15,56.1375,65.2,92.4875,517.5,34.94583333333333,58.17083333333333,63.625,18.654166666666665,24.4,13.7,64.91666666666667,11.083333333333334,0.0,0.0,1008.0416666666666,10.979166666666666,17.8,280.625,52.583333333333336,6005.0,2023,4,5,105,1,No Holiday,0,0,0,1,0,0,0.8660254037844387,-0.4999999999999998,-0.9749279121818236,-0.2225209339563146,0.9724075561219968,-0.23328854407545518,53.19583333333333,42.85,39.9875,50.72916666666666,48.79166666666666,47.60952380952381,44.25803571428572,43.27333333333333,6.381098079360306,Moderate
2023-04-16,48.89166666666667,68.0,79.12083333333334,431.5,54.645833333333336,69.42916666666666,49.75,19.65,25.6,13.4,63.16666666666666,11.883333333333333,0.0,0.0,1005.1791666666668,9.620833333333334,21.3,121.20833333333331,9.208333333333334,6182.0,2023,4,6,106,1,No Holiday,0,0,0,1,0,0,0.8660254037844387,-0.4999999999999998,-0.7818314824680299,0.6234898018587334,0.9682507501166718,-0.2499809690726521,56.1375,53.19583333333333,42.85,44.333333333333336,47.44166666666666,48.38214285714286,44.78273809523809,44.37708333333333,7.107813789420936,Moderate
2023-04-17,36.47916666666666,52.4,54.775,493.0,53.90416666666667,50.020833333333336,67.79166666666667,23.883333333333336,34.2,15.9,59.29166666666666,14.633333333333333,0.0,0.0,1005.3208333333332,17.529166666666665,24.8,169.125,20.20833333333333,6301.0,2023,4,0,107,0,No Holiday,0,0,1,1,0,0,0.8660254037844387,-0.4999999999999998,0.0,1.0,0.9638074231367307,-0.26659942067929354,48.89166666666667,56.1375,53.19583333333333,44.4625,25.758333333333336,49.03333333333334,44.88630952380952,45.44236111111112,6.880219399225904,Moderate
2023-04-18,44.0375,88.2,64.7,469.5833333333333,52.30416666666667,68.49166666666666,71.375,25.475,31.9,21.0,64.29166666666667,17.833333333333332,0.1,0.1,1005.8875,11.583333333333334,19.7,202.16666666666663,99.95833333333331,4782.0,2023,4,1,108,0,No Holiday,0,0,1,1,0,0,0.8660254037844387,-0.4999999999999998,0.7818314824680298,0.6234898018587336,0.9590788900341131,-0.28313898122818354,36.47916666666666,48.89166666666667,56.1375,57.708333333333336,26.058333333333334,47.892857142857146,45.65208333333334,45.403194444444445,8.282856749887477,Moderate
2023-04-19,43.2125,59.6,64.58749999999999,623.7916666666666,74.57916666666667,64.09583333333333,33.958333333333336,22.2625,28.4,16.9,74.20833333333333,17.075,0.6,0.6,1004.7541666666666,11.2125,15.9,50.04166666666666,55.583333333333336,5939.0,2023,4,2,109,0,No Holiday,0,0,1,1,0,0,0.8660254037844387,-0.4999999999999998,0.9749279121818236,-0.22252093395631434,0.9540665500578387,-0.2995947563972602,44.0375,36.47916666666666,48.89166666666667,39.9875,27.129166666666663,45.93988095238095,46.93630952380952,45.412083333333335,7.111676894190129,Moderate
2023-04-20,30.22083333333333,45.1,43.85833333333333,649.5833333333334,61.3375,68.0125,38.958333333333336,22.425,28.0,16.9,70.45833333333333,16.229166666666668,0.0,0.0,1006.0083333333332,9.945833333333333,14.9,105.54166666666669,5.958333333333333,6177.0,2023,4,3,110,0,No Holiday,0,0,1,1,0,0,0.8660254037844387,-0.4999999999999998,0.43388373911755823,-0.900968867902419,0.9487718864399473,-0.31596187665790293,43.2125,44.0375,36.47916666666666,42.85,59.4,46.40059523809524,48.08511904761905,45.37013888888888,6.757436074057732,Good
2023-04-21,25.275,41.6,38.825,256.9166666666667,37.90833333333333,26.4875,58.583333333333336,17.295833333333334,22.2,12.4,55.875,7.066666666666666,0.0,0.0,1013.6125,22.0125,26.8,56.41666666666666,33.083333333333336,5661.0,2023,4,4,111,0,No Holiday,0,0,1,1,0,0,0.8660254037844387,-0.4999999999999998,-0.433883739117558,-0.9009688679024191,0.9431964659565866,-0.33223549871590435,30.22083333333333,43.2125,44.0375,53.19583333333333,51.76666666666667,44.596428571428575,46.00089285714286,44.74041666666666,9.132090861280382,Good
2023-04-22,27.4375,36.0,42.16666666666666,227.16666666666663,34.3375,26.2875,54.333333333333336,14.991666666666667,20.3,11.3,44.54166666666666,2.275,3.1,3.1,1016.2125,18.141666666666666,23.8,57.66666666666666,93.16666666666669,3721.0,2023,4,5,112,1,No Holiday,0,0,0,1,0,0,0.8660254037844387,-0.4999999999999998,-0.9749279121818236,-0.2225209339563146,0.9373419384643772,-0.3484108069446808,25.275,30.22083333333333,43.2125,56.1375,50.72916666666666,40.6077380952381,44.108630952380956,44.18277777777778,10.71113734055869,Good
2023-04-23,29.604166666666668,38.3,44.825,242.16666666666663,48.35833333333333,23.15833333333333,36.16666666666666,12.575,13.5,11.4,85.125,10.1,24.0,24.0,1018.6,19.120833333333334,24.1,62.833333333333336,100.0,1130.0,2023,4,6,113,1,No Holiday,0,0,0,1,0,0,0.8660254037844387,-0.4999999999999998,-0.7818314824680299,0.6234898018587334,0.9312100364121947,-0.3644830148102912,27.4375,25.275,30.22083333333333,48.89166666666667,44.333333333333336,36.50773809523809,42.444940476190474,44.19430555555555,9.15589468991182,Good
2023-04-24,27.52083333333333,35.3,42.4375,277.0416666666667,38.329166666666666,21.5125,54.125,13.454166666666666,16.6,11.1,69.95833333333333,7.716666666666666,1.5,1.5,1020.95,15.904166666666669,24.4,68.83333333333333,100.0,2488.0,2023,4,0,114,0,No Holiday,0,0,1,1,0,0,0.8660254037844387,-0.4999999999999998,0.0,1.0,0.9248025743285089,-0.38044736628785164,29.604166666666668,27.4375,25.275,36.47916666666666,44.4625,33.75238095238095,41.392857142857146,44.29,7.573375581060488,Good
2023-04-25,48.12916666666666,62.9,71.96249999999999,494.9583333333333,57.97916666666666,54.09166666666667,21.70833333333333,13.95,17.5,11.3,69.83333333333333,8.35,0.1,0.1,1016.1041666666666,7.633333333333334,16.0,221.25,89.70833333333333,2758.0,2023,4,1,115,0,No Holiday,0,0,1,1,0,0,0.8660254037844387,-0.4999999999999998,0.7818314824680298,0.6234898018587336,0.9181214482844364,-0.39629913726891813,27.52083333333333,29.604166666666668,27.4375,44.0375,57.708333333333336,32.47261904761905,40.18273809523809,43.728611111111114,7.789612718416399,Moderate
2023-04-26,57.09166666666667,79.6,83.7,814.125,59.26666666666667,46.17083333333333,53.04166666666666,15.208333333333334,21.1,8.5,67.5,8.520833333333334,0.0,0.0,1016.5791666666668,6.045833333333333,11.2,189.16666666666663,4.75,6510.0,2023,4,2,116,0,No Holiday,0,0,1,1,0,0,0.8660254037844387,-0.4999999999999998,0.9749279121818236,-0.22252093395631434,0.9111686353326631,-0.41203363695942635,48.12916666666666,27.52083333333333,29.604166666666668,43.2125,39.9875,33.05714285714286,39.498511904761905,42.86430555555555,8.879355580361178,Moderate
2023-04-27,42.525,62.6,61.82083333333333,562.9166666666666,57.725,38.975,57.333333333333336,18.5,24.4,12.9,63.0,10.8,0.4,0.4,1013.7625,13.8625,18.0,145.83333333333334,76.375,6049.0,2023,4,3,117,0,No Holiday,0,0,1,1,0,0,0.8660254037844387,-0.4999999999999998,0.43388373911755823,-0.900968867902419,0.9039461929224011,-0.42764620926777464,57.09166666666667,48.12916666666666,27.52083333333333,30.22083333333333,42.85,35.039880952380955,40.720238095238095,42.33291666666666,12.38322815145802,Moderate
2023-04-28,47.92916666666667,61.2,69.54166666666667,649.0,54.22916666666666,39.391666666666666,46.208333333333336,20.39583333333333,25.6,15.4,69.5,14.191666666666668,0.0,0.0,1011.0333333333332,9.679166666666667,14.4,212.5,72.54166666666667,5065.0,2023,4,4,118,0,No Holiday,0,1,1,1,1,0,0.8660254037844387,-0.4999999999999998,-0.433883739117558,-0.9009688679024191,0.8964562582905575,-0.44313223418263453,42.525,57.09166666666667,48.12916666666666,25.275,53.19583333333333,36.797619047619044,40.697023809523806,42.082638888888894,12.458212294363612,Moderate
2023-04-29,39.96666666666667,66.4,61.875,638.0416666666666,40.895833333333336,39.4625,39.208333333333336,16.804166666666667,19.9,12.7,56.16666666666666,7.0125,3.1,3.1,1013.2708333333334,15.3125,23.5,301.0416666666667,80.20833333333333,4933.0,2023,4,5,119,1,Labor Day,1,1,0,1,1,0,0.8660254037844387,-0.4999999999999998,-0.9749279121818236,-0.2225209339563146,0.8887010478292915,-0.45848712914008766,47.92916666666667,42.525,57.09166666666667,27.4375,56.1375,40.033928571428575,40.32083333333333,42.57513888888889,11.895846815659825,Moderate
2023-04-30,49.3125,76.4,73.25416666666666,1106.9583333333333,57.9125,56.90416666666667,38.0,17.045833333333334,24.2,10.2,56.41666666666666,7.2625,0.0,0.0,1012.775,11.383333333333333,16.8,226.29166666666663,0.0,6958.0,2023,4,6,120,1,Labor Day,1,1,0,1,1,0,0.8660254037844387,-0.4999999999999998,-0.7818314824680299,0.6234898018587334,0.8806828564301475,-0.47370635037968,39.96666666666667,47.92916666666667,42.525,29.604166666666668,48.89166666666667,41.82380952380952,39.165773809523806,42.5975,10.55127025064376,Moderate
2023-05-01,44.4125,68.9,66.27083333333333,846.0416666666666,57.18333333333333,53.325,56.625,20.09583333333333,27.8,11.6,51.29166666666666,8.1875,0.0,0.0,1014.2458333333334,9.945833333333333,17.8,188.25,6.791666666666667,6954.0,2023,5,0,121,0,Labor Day,1,1,0,1,1,0,0.49999999999999994,-0.8660254037844387,0.0,1.0,0.8724040568049612,-0.48878539428899265,49.3125,39.96666666666667,47.92916666666667,27.52083333333333,36.47916666666666,44.63928571428571,39.19583333333333,42.44611111111111,9.302762077745276,Moderate
2023-05-02,27.729166666666668,40.3,39.92916666666667,378.5,39.225,30.058333333333334,76.20833333333333,22.70833333333333,30.6,16.0,42.833333333333336,8.637500000000001,2.4,2.4,1012.2416666666668,16.658333333333335,22.7,149.375,65.0,6443.0,2023,5,1,122,0,Labor Day,1,1,0,1,1,0,0.49999999999999994,-0.8660254037844387,0.7818314824680298,0.6234898018587336,0.8638670987837349,-0.503719798736334,44.4125,49.3125,39.96666666666667,48.12916666666666,44.0375,47.05238095238095,39.762499999999996,42.30013888888889,5.560232505559106,Good
2023-05-03,27.866666666666664,38.8,40.55,379.5416666666667,51.775,16.6875,36.16666666666666,21.416666666666668,26.2,18.8,85.54166666666667,18.79583333333333,17.6,17.6,1008.7291666666666,14.625,20.4,129.20833333333334,99.25,2909.0,2023,5,2,123,0,Labor Day,1,1,0,1,1,0,0.49999999999999994,-0.8660254037844387,0.9749279121818236,-0.22252093395631434,0.8550745085896932,-0.518505144391157,27.729166666666668,44.4125,49.3125,57.09166666666667,43.2125,44.13809523809524,38.59761904761905,41.64305555555555,9.112928795407218,Good
2023-05-04,34.016666666666666,48.0,49.525,540.4583333333334,53.88333333333333,29.604166666666668,35.5,23.52916666666667,28.2,20.6,86.20833333333333,20.991666666666667,23.2,23.2,1001.8375,13.6375,25.0,181.25,96.58333333333331,4048.0,2023,5,3,124,0,No Holiday,0,1,1,1,1,0,0.49999999999999994,-0.8660254037844387,0.43388373911755823,-0.900968867902419,0.8460288880917339,-0.533137056031809,27.866666666666664,27.729166666666668,44.4125,42.525,30.22083333333333,39.96309523809524,37.501488095238095,41.71333333333334,8.880904865505677,Good
2023-05-05,34.68333333333333,61.2,49.70416666666667,580.7083333333334,50.59166666666667,40.329166666666666,26.541666666666668,21.375,24.0,19.1,85.5,18.716666666666665,13.6,13.6,1000.725,11.654166666666669,20.4,290.5,97.625,2973.0,2023,5,4,125,0,No Holiday,0,0,1,1,0,0,0.49999999999999994,-0.8660254037844387,-0.433883739117558,-0.9009688679024191,0.8367329140344921,-0.5476112038402312,34.016666666666666,27.866666666666664,27.729166666666668,47.92916666666667,25.275,38.74761904761905,37.772619047619045,41.978611111111114,9.052419635468603,Good
2023-05-06,34.862500000000004,46.7,50.15833333333333,412.375,44.6875,40.583333333333336,29.25,18.904166666666665,21.1,16.5,74.29166666666667,14.066666666666668,0.2,0.2,1006.3375,15.0875,19.3,64.33333333333333,98.83333333333331,3858.0,2023,5,5,126,1,No Holiday,0,0,0,1,0,0,0.49999999999999994,-0.8660254037844387,-0.9749279121818236,-0.2225209339563146,0.8271893372462497,-0.5619233046832195,34.68333333333333,34.016666666666666,27.866666666666664,39.96666666666667,27.4375,36.85535714285714,38.44464285714286,42.23041666666666,8.153024218173295,Good
2023-05-07,30.691666666666663,39.3,45.04166666666666,304.75,39.2375,25.633333333333336,57.5,17.404166666666665,21.5,14.6,64.04166666666667,10.241666666666667,2.5,2.5,1011.6833333333334,17.408333333333335,24.2,89.0,65.08333333333333,5431.0,2023,5,6,127,1,No Holiday,0,0,0,1,0,0,0.49999999999999994,-0.8660254037844387,-0.7818314824680299,0.6234898018587334,0.8174009818249189,-0.5760691233798758,34.862500000000004,34.68333333333333,34.016666666666666,49.3125,29.604166666666668,36.12619047619048,38.975,41.4125,8.056056395213545,Good
2023-05-08,53.29166666666666,71.0,77.00416666666666,649.6666666666666,51.4125,32.68333333333333,61.16666666666666,16.208333333333332,21.2,12.1,57.25,7.425,0.0,0.0,1017.2791666666668,11.054166666666667,15.1,52.66666666666666,64.375,5749.0,2023,5,0,128,0,No Holiday,0,0,1,1,0,0,0.49999999999999994,-0.8660254037844387,0.0,1.0,0.8073707443023492,-0.5900444739548627,30.691666666666663,34.862500000000004,34.68333333333333,44.4125,27.52083333333333,33.466071428571425,39.05267857142858,40.71,5.7085013299347285,Moderate
2023-05-09,60.09166666666667,81.5,86.3875,540.25,57.27916666666667,45.17083333333333,48.5,16.587500000000002,22.5,9.7,57.833333333333336,7.670833333333333,0.0,0.0,1016.9291666666668,9.620833333333334,13.7,101.95833333333331,32.708333333333336,7123.0,2023,5,1,129,0,No Holiday,0,0,1,1,0,0,0.49999999999999994,-0.8660254037844387,0.7818314824680298,0.6234898018587336,0.7971015927871943,-0.6038452208771035,53.29166666666666,30.691666666666663,34.862500000000004,27.729166666666668,48.12916666666666,34.73452380952381,40.89345238095238,40.79541666666667,8.732020123081378,Moderate
2023-05-10,47.675,66.8,69.11666666666666,514.4166666666666,65.81666666666666,77.17083333333333,25.916666666666668,17.070833333333333,20.5,13.8,61.79166666666666,9.575,0.0,0.0,1016.2458333333334,8.770833333333334,14.3,74.25,98.66666666666669,2976.0,2023,5,2,130,0,No Holiday,0,0,1,1,0,0,0.49999999999999994,-0.8660254037844387,0.9749279121818236,-0.22252093395631434,0.7865965660866021,-0.6174672802835514,60.09166666666667,53.29166666666666,30.691666666666663,27.866666666666664,57.09166666666667,39.3577380952381,41.74791666666666,41.32069444444444,12.25955372649245,Moderate
2023-05-11,49.37083333333334,66.8,71.19583333333334,497.2083333333333,67.99166666666666,91.83333333333331,30.08333333333333,17.241666666666667,20.6,14.9,62.375,9.545833333333333,0.0,0.0,1017.0291666666668,5.954166666666667,9.3,122.875,86.08333333333333,3762.0,2023,5,3,131,0,No Holiday,0,0,1,1,0,0,0.49999999999999994,-0.8660254037844387,0.43388373911755823,-0.900968867902419,0.7758587728069828,-0.6309066211876704,47.675,60.09166666666667,53.29166666666666,34.016666666666666,42.525,42.1875,41.07529761904762,41.427777777777784,11.42263251465345,Moderate
2023-05-12,55.225,89.4,79.28333333333333,560.7083333333334,49.7,70.45833333333333,56.54166666666666,18.991666666666667,24.6,14.9,60.458333333333336,10.625,0.0,0.0,1014.025,5.420833333333333,12.5,227.125,62.5,5779.0,2023,5,4,132,0,No Holiday,0,0,1,1,0,0,0.49999999999999994,-0.8660254037844387,-0.433883739117558,-0.9009688679024191,0.7648913904341225,-0.6441592666722685,49.37083333333334,47.675,60.09166666666667,34.68333333333333,47.92916666666667,44.38095238095239,41.564285714285724,41.14986111111111,11.06057810705085,Moderate
2023-05-13,63.15833333333333,83.4,92.80416666666667,810.9583333333334,63.8125,69.50833333333334,69.29166666666667,21.70833333333333,28.2,15.2,69.16666666666667,15.45,0.0,0.0,1010.2416666666668,13.183333333333332,21.7,211.625,53.0,6429.0,2023,5,5,133,1,No Holiday,0,0,0,1,0,0,0.49999999999999994,-0.8660254037844387,-0.9749279121818236,-0.2225209339563146,0.753697664392914,-0.6572212950663319,55.225,49.37083333333334,47.675,34.862500000000004,39.96666666666667,47.31547619047619,42.08541666666667,41.65777777777778,10.780289668524896,Moderate
2023-05-14,49.2,71.0,74.50416666666666,837.7083333333334,65.28333333333333,59.12916666666666,58.458333333333336,24.20833333333333,30.8,18.0,65.375,16.558333333333334,0.0,0.0,1006.975,12.604166666666666,18.2,224.70833333333331,10.875,7009.0,2023,5,6,134,1,No Holiday,0,0,0,1,0,0,0.49999999999999994,-0.8660254037844387,-0.7818314824680299,0.6234898018587334,0.742280907086982,-0.6700888411055113,63.15833333333333,55.225,49.37083333333334,30.691666666666663,49.3125,51.3577380952381,43.74196428571429,42.334722222222226,10.63663644615011,Moderate
2023-05-15,37.98333333333333,51.3,56.55416666666667,482.8333333333333,48.333333333333336,38.3,83.25,25.0625,31.8,19.5,60.04166666666666,16.070833333333333,0.0,0.0,1005.6208333333334,13.695833333333333,20.0,210.04166666666663,34.0,7120.0,2023,5,0,135,0,No Holiday,0,0,1,1,0,0,0.49999999999999994,-0.8660254037844387,0.0,1.0,0.7306444969184916,-0.6827580970759147,49.2,63.15833333333333,55.225,53.29166666666666,44.4125,54.00178571428571,43.73392857142857,42.20152777777778,5.880201527721327,Moderate
2023-05-16,35.71666666666667,52.6,52.11666666666667,484.5833333333333,59.06666666666666,31.679166666666664,57.91666666666666,25.7,32.3,19.4,57.958333333333336,16.029166666666665,0.0,0.0,1004.4083333333332,10.829166666666666,19.2,191.91666666666663,100.0,5059.0,2023,5,1,136,0,No Holiday,0,0,1,1,0,0,0.49999999999999994,-0.8660254037844387,0.7818314824680298,0.6234898018587336,0.7187918772884232,-0.6952253139408722,37.98333333333333,49.2,63.15833333333333,60.09166666666667,27.729166666666668,51.81488095238096,43.27470238095238,41.59638888888889,8.466298882385127,Moderate
2023-05-17,29.316666666666663,55.8,42.27916666666667,461.8333333333333,50.145833333333336,32.675000000000004,54.958333333333336,22.10833333333333,24.0,20.7,84.875,19.40833333333333,18.3,18.3,1003.3083333333334,10.483333333333333,20.9,175.125,89.45833333333333,2009.0,2023,5,2,137,0,No Holiday,0,0,1,1,0,0,0.49999999999999994,-0.8660254037844387,0.9749279121818236,-0.22252093395631434,0.7067265555776158,-0.7074868024503348,35.71666666666667,37.98333333333333,49.2,47.675,27.866666666666664,48.33273809523809,43.845238095238095,41.15722222222222,9.450215075867934,Good
2023-05-18,24.704166666666666,50.9,35.704166666666666,476.4166666666667,50.91666666666666,30.991666666666664,52.54166666666666,21.320833333333333,24.9,18.7,78.91666666666667,17.2375,0.5,0.5,1006.1541666666668,14.545833333333334,25.1,135.125,75.5,4100.0,2023,5,3,138,0,No Holiday,0,0,1,1,0,0,0.49999999999999994,-0.8660254037844387,0.43388373911755823,-0.900968867902419,0.6944521021088763,-0.719538934232584,29.316666666666663,35.71666666666667,37.98333333333333,49.37083333333334,34.016666666666666,45.710119047619045,43.94880952380952,40.91847222222223,11.894472304205248,Good
2023-05-19,30.0875,46.9,44.27916666666667,357.0833333333333,53.17083333333333,39.93333333333333,51.333333333333336,21.704166666666666,27.5,16.1,71.04166666666667,15.808333333333335,0.0,0.0,1008.9083333333332,7.6375,12.7,102.58333333333331,49.583333333333336,6928.0,2023,5,4,139,0,No Holiday,0,0,1,1,0,0,0.49999999999999994,-0.8660254037844387,-0.433883739117558,-0.9009688679024191,0.6819721490904629,-0.7313781428679254,24.704166666666666,29.316666666666663,35.71666666666667,55.225,34.68333333333333,42.18630952380952,43.28363095238095,40.274027777777775,14.08189972862094,Good
2023-05-20,44.2875,55.3,65.65833333333333,528.0416666666666,53.55833333333334,47.32083333333333,56.91666666666666,22.575,27.8,17.9,71.70833333333333,16.858333333333334,0.0,0.0,1007.3041666666668,11.941666666666668,15.7,131.20833333333334,71.375,5704.0,2023,5,5,140,1,No Holiday,0,0,0,1,0,0,0.49999999999999994,-0.8660254037844387,-0.9749279121818236,-0.2225209339563146,0.6692903895412567,-0.7430009249440493,30.0875,24.704166666666666,29.316666666666663,63.15833333333333,34.862500000000004,38.595238095238095,42.955357142857146,39.836527777777775,13.39093340240215,Moderate
2023-05-21,42.00416666666667,49.4,61.85416666666666,625.5833333333334,71.21666666666667,57.625,47.458333333333336,22.354166666666668,26.7,17.8,77.20833333333333,17.779166666666665,2.1,2.1,1006.8166666666666,12.775,20.7,71.125,88.875,5073.0,2023,5,6,141,1,No Holiday,0,0,0,1,0,0,0.49999999999999994,-0.8660254037844387,-0.7818314824680299,0.6234898018587334,0.6564105761979381,-0.7544038410927472,44.2875,30.0875,24.704166666666666,49.2,30.691666666666663,35.89940476190476,43.628571428571426,40.30541666666667,8.69948428274446,Moderate
2023-05-22,39.23333333333333,52.6,58.56666666666666,440.4166666666667,46.31666666666666,31.354166666666668,56.083333333333336,17.795833333333334,20.9,14.7,68.83333333333333,11.8875,5.4,5.4,1011.2208333333332,13.641666666666666,29.6,129.54166666666666,97.08333333333331,2402.0,2023,5,0,142,0,No Holiday,0,0,1,1,0,0,0.49999999999999994,-0.8660254037844387,0.0,1.0,0.6433365204044917,-0.765583517007675,42.00416666666667,44.2875,30.0875,37.98333333333333,53.29166666666666,34.871428571428574,44.43660714285714,40.863055555555555,7.153685525694623,Moderate
2023-05-23,42.50416666666667,61.2,61.025,941.5,60.125,51.99166666666667,48.75,20.2125,26.0,13.4,58.583333333333336,10.645833333333334,0.0,0.0,1012.3041666666668,7.520833333333333,14.6,154.125,32.416666666666664,7313.0,2023,5,1,143,0,No Holiday,0,0,1,1,0,0,0.49999999999999994,-0.8660254037844387,0.7818314824680298,0.6234898018587336,0.6300720909843687,-0.7765366444428655,39.23333333333333,42.00416666666667,44.2875,35.71666666666667,60.09166666666667,35.05,43.43244047619048,41.25625,7.259136165576041,Moderate
2023-05-24,36.24166666666667,59.6,51.99583333333334,501.4583333333333,54.35833333333333,42.3,46.66666666666666,17.849999999999998,20.9,14.9,66.08333333333333,11.1875,12.3,12.3,1010.625,12.329166666666666,19.9,129.04166666666666,82.125,3501.0,2023,5,2,144,0,No Holiday,0,0,1,1,0,0,0.49999999999999994,-0.8660254037844387,0.9749279121818236,-0.22252093395631434,0.6166212130956382,-0.7872599821916922,42.50416666666667,39.23333333333333,42.00416666666667,29.316666666666663,47.675,36.019642857142856,42.17619047619047,41.686249999999994,7.796463435209868,Moderate
2023-05-25,48.00833333333333,61.9,68.79583333333333,581.6666666666666,52.35833333333333,45.083333333333336,60.458333333333336,20.27083333333333,26.8,12.9,71.66666666666667,14.504166666666668,0.0,0.0,1010.6541666666668,8.299999999999999,11.3,172.75,54.875,5468.0,2023,5,3,145,0,No Holiday,0,0,1,1,0,0,0.49999999999999994,-0.8660254037844387,0.43388373911755823,-0.900968867902419,0.6029878670694714,-0.7977503570459932,36.24166666666667,42.50416666666667,39.23333333333333,24.704166666666666,49.37083333333334,37.00892857142857,41.35952380952381,41.97694444444445,7.222391729543414,Moderate
2023-05-26,47.07083333333333,59.5,68.04166666666667,505.125,63.85416666666666,45.9625,29.375,22.9375,28.9,19.1,81.95833333333333,19.558333333333334,4.2,4.2,1010.3208333333332,10.170833333333333,17.5,130.29166666666666,80.5,4440.0,2023,5,4,146,0,No Holiday,0,0,1,1,0,0,0.49999999999999994,-0.8660254037844387,-0.433883739117558,-0.9009688679024191,0.5891760872322963,-0.8080046647350754,48.00833333333333,36.24166666666667,42.50416666666667,30.0875,55.225,40.33809523809524,41.262202380952374,41.97291666666667,5.844854410677303,Moderate
2023-05-27,31.883333333333336,48.8,45.62083333333334,550.75,58.93333333333334,36.04166666666666,27.541666666666668,24.8,28.8,21.7,88.29166666666667,22.641666666666666,26.6,26.6,1007.4625,10.2125,16.8,159.58333333333334,88.0,4428.0,2023,5,5,147,1,No Holiday,0,0,0,1,0,0,0.49999999999999994,-0.8660254037844387,-0.9749279121818236,-0.2225209339563146,0.5751899607119775,-0.8180198708443174,47.07083333333333,48.00833333333333,36.24166666666667,44.2875,63.15833333333333,42.76428571428572,40.679761904761904,41.63888888888889,4.163816286945397,Good
2023-05-28,38.80833333333333,49.7,55.95,471.4583333333333,54.4625,39.19583333333333,49.083333333333336,26.5875,32.3,23.1,88.875,24.454166666666666,16.4,16.4,1006.9708333333332,7.75,14.5,167.5,80.45833333333333,4580.0,2023,5,6,148,1,No Holiday,0,0,0,1,0,0,0.49999999999999994,-0.8660254037844387,-0.7818314824680299,0.6234898018587334,0.5610336262283677,-0.8277930117131022,31.883333333333336,47.07083333333333,48.00833333333333,42.00416666666667,49.2,40.992261904761904,38.44583333333333,41.284166666666664,5.746283736965794,Moderate
2023-05-29,47.89166666666667,84.1,68.65833333333333,501.625,57.175,64.91666666666667,35.833333333333336,24.9125,29.0,21.8,92.0,23.45,12.4,12.4,1008.1041666666666,9.116666666666667,17.7,108.0,78.75,3387.0,2023,5,0,149,0,No Holiday,0,0,1,1,0,0,0.49999999999999994,-0.8660254037844387,0.0,1.0,0.5467112728685939,-0.8373211953118121,38.80833333333333,31.883333333333336,47.07083333333333,39.23333333333333,37.98333333333333,40.535714285714285,37.70357142857142,40.98013888888889,5.77934833946175,Moderate
2023-05-30,32.141666666666666,45.6,46.175,385.2083333333333,55.833333333333336,63.86666666666667,31.58333333333333,22.816666666666663,25.6,20.3,86.58333333333333,20.40833333333333,0.7,0.7,1007.8291666666668,9.529166666666669,11.8,28.25,94.04166666666669,3001.0,2023,5,1,150,0,No Holiday,0,0,1,1,0,0,0.49999999999999994,-0.8660254037844387,0.7818314824680298,0.6234898018587336,0.5322271388474397,-0.8466016020976267,47.89166666666667,38.80833333333333,31.883333333333336,42.50416666666667,35.71666666666667,41.77261904761905,38.41130952380952,41.244305555555556,6.352289730595718,Good
2023-05-31,43.27916666666667,65.9,62.44166666666666,371.2916666666667,53.175,58.22083333333333,38.375,23.329166666666666,26.1,20.1,80.79166666666667,19.691666666666663,0.1,0.1,1006.4958333333334,8.308333333333334,11.3,49.75,88.875,4051.0,2023,5,2,151,0,No Holiday,0,0,1,1,0,0,0.49999999999999994,-0.8660254037844387,0.9749279121818236,-0.22252093395631434,0.5175855102531889,-0.8556314858488706,32.141666666666666,47.89166666666667,38.80833333333333,36.24166666666667,29.316666666666663,40.29226190476191,38.15595238095238,40.67194444444444,7.29142635658452,Moderate
2023-06-01,47.375,92.2,68.60416666666667,411.5,66.7375,77.02916666666667,42.958333333333336,24.495833333333334,28.6,20.5,77.75,20.15,0.0,0.0,1003.625,7.104166666666667,11.2,97.95833333333331,43.125,5682.0,2023,6,3,152,0,No Holiday,0,0,1,1,0,0,1.2246467991473532e-16,-1.0,0.43388373911755823,-0.900968867902419,0.5027907197793043,-0.8644081744776648,43.27916666666667,32.141666666666666,47.89166666666667,48.00833333333333,24.704166666666666,41.29761904761905,39.15327380952381,40.63416666666667,7.123066606243929,Moderate
2023-06-02,70.50416666666666,109.2,103.03333333333336,1018.0,81.20833333333333,92.13333333333333,72.125,26.854166666666668,32.3,20.9,66.75,19.541666666666668,0.0,0.0,1004.0875,7.524999999999999,16.2,231.5,20.75,6941.0,2023,6,4,153,0,No Holiday,0,0,1,1,0,0,1.2246467991473532e-16,-1.0,-0.433883739117558,-0.9009688679024191,0.4878471454423119,-0.8729290708206411,47.375,43.27916666666667,32.141666666666666,47.07083333333333,30.0875,41.20714285714286,40.77261904761905,41.289027777777775,7.026996023556769,Moderate
2023-06-03,41.16666666666666,57.6,63.74583333333334,380.5,54.775,46.0875,56.5,24.508333333333336,28.0,21.7,66.33333333333333,17.6375,0.0,0.0,1009.9833333333332,10.770833333333334,14.3,64.5,89.125,5132.0,2023,6,5,154,1,No Holiday,0,0,0,1,0,0,1.2246467991473532e-16,-1.0,-0.9749279121818236,-0.2225209339563146,0.47275920928627757,-0.881191653407483,70.50416666666666,47.375,43.27916666666667,31.883333333333336,44.2875,44.554761904761904,43.65952380952381,42.71027777777777,13.176740263116793,Moderate
2023-06-04,36.84166666666667,44.0,53.4875,754.5416666666666,93.3375,100.91666666666669,10.375,20.554166666666667,23.5,17.3,71.45833333333333,15.045833333333334,3.8,3.8,1010.0333333333332,14.795833333333334,23.9,72.79166666666667,98.08333333333331,2005.0,2023,6,6,155,1,No Holiday,0,0,0,1,0,0,1.2246467991473532e-16,-1.0,-0.7818314824680299,0.6234898018587334,0.4575313760742512,-0.8891934772070711,41.16666666666666,70.50416666666666,47.375,38.80833333333333,42.00416666666667,45.88095238095237,43.43660714285714,42.948611111111106,12.113088807962223,Moderate
2023-06-05,33.12083333333333,55.5,47.958333333333336,572.875,78.78333333333333,48.075,8.25,18.4625,20.1,17.0,88.25,16.445833333333333,24.7,24.7,1008.3875,9.1125,16.2,185.375,100.0,1726.0,2023,6,0,156,0,No Holiday,0,0,1,1,0,0,1.2246467991473532e-16,-1.0,0.0,1.0,0.44216815196707204,-0.8969321743510065,36.84166666666667,41.16666666666666,70.50416666666666,47.89166666666667,39.23333333333333,45.6,43.06785714285714,43.02055555555556,12.325419054178811,Good
2023-06-06,51.10416666666666,77.1,73.46666666666667,1106.0833333333333,76.05,63.125,44.79166666666666,21.2,26.4,16.0,81.41666666666667,17.641666666666666,0.3,0.3,1007.8208333333332,5.479166666666667,7.9,252.04166666666663,49.625,6889.0,2023,6,1,157,0,No Holiday,0,0,1,1,0,0,1.2246467991473532e-16,-1.0,0.7818314824680298,0.6234898018587336,0.42667408318992467,-0.9044054548343001,33.12083333333333,36.84166666666667,41.16666666666666,32.141666666666666,42.50416666666667,43.48988095238095,42.63125,42.96249999999999,13.10728408801855,Moderate
2023-06-07,60.69583333333333,93.8,87.10000000000001,905.625,79.19166666666666,57.44583333333333,54.125,23.566666666666663,28.7,17.4,76.83333333333333,19.041666666666668,0.3,0.3,1005.9708333333332,7.145833333333333,10.9,194.29166666666663,86.45833333333333,5591.0,2023,6,2,158,0,No Holiday,0,0,1,1,0,0,1.2246467991473532e-16,-1.0,0.9749279121818236,-0.22252093395631434,0.4110537546870351,-0.9116111071930239,51.10416666666666,33.12083333333333,36.84166666666667,43.27916666666667,36.24166666666667,46.198809523809516,43.245535714285715,43.642916666666665,12.306046605989513,Moderate
2023-06-08,54.27916666666667,73.8,77.64999999999999,910.25,79.52916666666667,58.6625,56.958333333333336,25.7875,30.5,20.2,72.83333333333333,20.2125,0.3,0.3,1002.825,9.745833333333334,15.8,247.04166666666663,65.79166666666667,7068.0,2023,6,3,159,0,No Holiday,0,0,1,1,0,0,1.2246467991473532e-16,-1.0,0.43388373911755823,-0.900968867902419,0.3953117887649151,-0.9185469991587165,60.69583333333333,51.10416666666666,33.12083333333333,47.375,48.00833333333333,48.686904761904756,44.992261904761904,43.889722222222225,13.335027546131558,Moderate
2023-06-09,53.26666666666667,73.6,76.14583333333333,1033.0,95.35,67.8125,43.91666666666666,27.125,33.3,21.0,70.79166666666667,20.779166666666665,0.0,0.0,1001.2583333333332,9.220833333333331,13.4,205.79166666666663,39.875,7237.0,2023,6,4,160,0,No Holiday,0,0,1,1,0,0,1.2246467991473532e-16,-1.0,-0.433883739117558,-0.9009688679024191,0.37945284372454435,-0.925211078289358,54.27916666666667,60.69583333333333,51.10416666666666,70.50416666666666,47.07083333333333,49.67321428571428,45.44017857142857,43.69597222222222,13.476401669253589,Moderate
2023-06-10,54.44583333333333,73.3,78.21249999999999,620.0833333333334,57.32916666666667,68.05833333333334,100.08333333333331,26.566666666666663,34.2,22.6,76.375,21.7125,1.7,1.7,999.0666666666666,11.4625,20.5,201.91666666666663,26.0,6428.0,2023,6,5,161,1,No Holiday,0,0,0,1,0,0,1.2246467991473532e-16,-1.0,-0.9749279121818236,-0.2225209339563146,0.36348161248290634,-0.9316013725767187,53.26666666666667,54.27916666666667,60.69583333333333,41.16666666666666,31.883333333333336,47.21071428571428,45.882738095238096,43.88236111111111,10.216142380835612,Moderate
2023-06-11,53.17083333333333,81.0,76.825,477.5,72.0,68.15833333333333,57.875,25.266666666666666,30.0,21.3,72.79166666666667,19.57916666666667,0.0,0.0,1002.4041666666668,10.695833333333333,16.1,95.54166666666669,83.58333333333333,6725.0,2023,6,6,162,1,No Holiday,0,0,0,1,0,0,1.2246467991473532e-16,-1.0,-0.7818314824680299,0.6234898018587334,0.3474028211842774,-0.9377159910299093,54.44583333333333,53.26666666666667,54.27916666666667,36.84166666666667,38.80833333333333,49.10773809523808,47.49434523809524,44.05152777777778,10.139386335372533,Moderate
2023-06-12,39.61666666666667,49.1,57.645833333333336,361.625,65.44583333333334,62.9625,45.41666666666666,23.97083333333333,28.4,19.3,72.375,18.370833333333334,0.0,0.0,1003.4833333333332,10.125,15.8,87.25,92.54166666666669,6494.0,2023,6,0,163,0,No Holiday,0,0,1,1,0,0,1.2246467991473532e-16,-1.0,0.0,1.0,0.3312212278016865,-0.9435531242349544,53.17083333333333,54.44583333333333,53.26666666666667,33.12083333333333,47.89166666666667,51.44047619047619,48.52023809523809,43.98305555555555,8.610105468032174,Moderate
2023-06-13,39.325,66.6,57.16666666666666,754.0,81.96249999999999,96.34583333333336,14.375,24.195833333333336,27.8,20.6,78.25,19.979166666666668,5.1,5.1,1003.0166666666668,6.029166666666666,10.8,81.54166666666667,77.875,4591.0,2023,6,1,164,0,No Holiday,0,0,1,1,0,0,1.2246467991473532e-16,-1.0,0.7818314824680298,0.6234898018587336,0.31494162072895193,-0.9491110448902284,39.61666666666667,53.17083333333333,54.44583333333333,51.10416666666666,32.141666666666666,52.36845238095238,47.92916666666666,43.19833333333333,6.363550837847966,Moderate
2023-06-14,62.40416666666667,92.0,89.62916666666666,776.5416666666666,74.14999999999999,62.375,66.70833333333333,25.379166666666663,31.0,19.2,66.625,17.9875,0.0,0.0,1004.55,8.633333333333333,17.2,214.70833333333331,7.958333333333333,6959.0,2023,6,2,165,0,No Holiday,0,0,1,1,0,0,1.2246467991473532e-16,-1.0,0.9749279121818236,-0.22252093395631434,0.2985688173637202,-0.9543881083175908,39.325,39.61666666666667,53.17083333333333,60.69583333333333,43.27916666666667,50.68571428571429,48.4422619047619,42.86916666666666,8.079610703925454,Moderate
2023-06-15,67.8125,105.9,97.0,736.375,90.33333333333331,58.025,66.25,26.433333333333334,32.4,19.3,63.083333333333336,18.266666666666666,0.0,0.0,1006.5833333333334,6.908333333333334,11.6,178.29166666666666,80.04166666666667,6186.0,2023,6,3,166,0,No Holiday,0,0,1,1,0,0,1.2246467991473532e-16,-1.0,0.43388373911755823,-0.900968867902419,0.2821076626819194,-0.9593827529490743,62.40416666666667,39.325,39.61666666666667,54.27916666666667,47.375,50.929761904761904,49.80833333333333,43.68319444444444,8.449688188887245,Moderate
2023-06-16,74.72083333333333,129.5,106.87083333333334,701.9166666666666,64.19583333333334,54.8125,71.375,26.71666666666667,31.7,22.6,60.375,18.14583333333333,0.0,0.0,1008.0583333333334,10.908333333333331,13.2,139.29166666666666,99.875,4105.0,2023,6,4,167,0,No Holiday,0,0,1,1,0,0,1.2246467991473532e-16,-1.0,-0.433883739117558,-0.9009688679024191,0.26556302780405594,-0.9640935007889755,67.8125,62.40416666666667,39.325,53.26666666666667,70.50416666666666,52.86309523809524,51.26815476190476,44.753055555555555,10.614669659056846,Moderate
2023-06-17,27.0125,31.0,39.09166666666667,466.75,57.98333333333333,38.208333333333336,37.458333333333336,23.679166666666664,25.6,22.2,78.91666666666667,19.754166666666663,3.4,3.4,1007.3708333333334,14.5125,21.4,119.45833333333331,99.95833333333331,2067.0,2023,6,5,168,1,No Holiday,0,0,0,1,0,0,1.2246467991473532e-16,-1.0,-0.9749279121818236,-0.2225209339563146,0.24893980855376657,-0.9685189578512204,74.72083333333333,67.8125,62.40416666666667,54.44583333333333,41.16666666666666,55.927976190476194,51.56934523809524,46.266527777777775,13.465206087057618,Good
2023-06-18,22.59583333333333,35.0,32.28333333333333,717.7083333333334,75.81666666666666,43.00833333333333,4.75,23.7125,26.6,21.8,93.45833333333331,22.554166666666664,45.6,45.6,1003.4708333333332,8.379166666666666,13.7,96.20833333333331,100.0,2314.0,2023,6,6,169,1,No Holiday,0,0,0,1,0,0,1.2246467991473532e-16,-1.0,-0.7818314824680299,0.6234898018587334,0.23224292400907015,-0.9726578145718654,27.0125,74.72083333333333,67.8125,53.17083333333333,36.84166666666667,52.00892857142856,50.55833333333334,46.34347222222222,17.389010543022465,Good
2023-06-19,28.3,53.3,40.44583333333333,769.5833333333334,69.50833333333334,38.13333333333333,19.791666666666668,25.09166666666667,28.5,23.2,93.375,23.92083333333333,33.3,33.3,999.8125,11.8125,20.9,182.95833333333331,81.875,2631.0,2023,6,0,170,0,No Holiday,0,0,1,1,0,0,1.2246467991473532e-16,-1.0,0.0,1.0,0.21547731504673012,-0.976508846196619,22.59583333333333,27.0125,74.72083333333333,39.61666666666667,33.12083333333333,47.64107142857143,49.540773809523806,46.09375,20.593279820768174,Good
2023-06-20,54.07916666666667,125.3,77.28333333333333,1139.6666666666667,72.85833333333333,59.75,48.91666666666666,26.35833333333333,30.5,23.1,80.875,22.5125,0.7000000000000001,0.7000000000000001,1001.1666666666666,8.070833333333333,15.0,249.20833333333331,72.70833333333333,5603.0,2023,6,1,171,0,No Holiday,0,0,1,1,0,0,1.2246467991473532e-16,-1.0,0.7818314824680298,0.6234898018587336,0.19864794288017112,-0.9800709131432666,28.3,22.59583333333333,27.0125,39.325,51.10416666666666,46.02440476190476,49.19642857142857,45.56083333333333,21.74047583465455,Moderate
2023-06-21,93.96666666666664,164.4,135.89166666666668,1539.9166666666667,89.89999999999999,108.65,52.833333333333336,27.116666666666664,31.0,22.2,74.375,21.84166666666667,0.1,0.1,1004.1125,4.1625,7.6,161.33333333333334,80.875,5141.0,2023,6,2,172,0,No Holiday,0,1,1,1,1,0,1.2246467991473532e-16,-1.0,0.9749279121818236,-0.22252093395631434,0.18175978759137534,-0.9833429613388902,54.07916666666667,28.3,22.59583333333333,62.40416666666667,60.69583333333333,48.13214285714286,49.408928571428575,45.96333333333334,21.697883856630416,Unhealthy for Sensitive Groups
2023-06-22,92.12916666666666,110.6,132.73333333333332,1015.5416666666666,100.37083333333334,82.625,16.208333333333332,26.883333333333336,31.4,22.6,72.29166666666667,21.195833333333333,0.0,0.0,1006.0125,6.095833333333334,7.9,163.29166666666666,100.0,4470.0,2023,6,3,173,0,Dragon Boat Festival,1,1,0,1,1,0,1.2246467991473532e-16,-1.0,0.43388373911755823,-0.900968867902419,0.16481784665719793,-0.9863240225317866,93.96666666666664,54.07916666666667,28.3,67.8125,54.27916666666667,52.64107142857142,51.78541666666666,47.78777777777778,27.627247523430587,Unhealthy for Sensitive Groups
2023-06-23,49.44583333333333,96.9,70.76666666666667,746.8333333333334,67.37083333333334,45.0875,38.41666666666666,24.52916666666667,27.8,21.5,72.16666666666667,18.941666666666663,0.0,0.0,1006.7208333333332,11.158333333333331,17.0,130.79166666666666,98.625,3328.0,2023,6,4,174,0,Dragon Boat Festival,1,1,0,1,1,0,1.2246467991473532e-16,-1.0,-0.433883739117558,-0.9009688679024191,0.14782713347053048,-0.9890132145779883,92.12916666666666,93.96666666666664,54.07916666666667,74.72083333333333,53.26666666666667,56.11488095238094,54.48898809523809,49.44194444444444,31.156205338868318,Moderate
2023-06-24,19.870833333333334,31.9,28.383333333333336,455.5,55.8,43.04166666666666,22.666666666666668,22.67083333333333,25.1,20.5,85.04166666666667,19.97083333333333,2.6,2.6,1005.7541666666666,14.4625,22.9,94.83333333333331,100.0,3002.0,2023,6,5,175,1,Dragon Boat Festival,1,1,0,1,1,0,1.2246467991473532e-16,-1.0,-0.9749279121818236,-0.2225209339563146,0.13079267585675922,-0.9914097417023038,49.44583333333333,92.12916666666666,93.96666666666664,27.0125,54.44583333333333,52.50416666666666,54.216071428571425,49.88208333333333,30.08678756330811,Good
2023-06-25,40.3875,57.3,57.6875,747.6666666666666,73.54166666666667,60.40833333333333,18.58333333333333,23.33333333333333,26.4,21.5,91.33333333333331,21.754166666666663,22.4,22.4,1004.375,7.399999999999999,15.4,177.33333333333334,96.83333333333331,1870.0,2023,6,6,176,1,No Holiday,0,1,0,1,1,0,1.2246467991473532e-16,-1.0,-0.7818314824680299,0.6234898018587334,0.11371951458594969,-0.9935128947338007,19.870833333333334,49.44583333333333,92.12916666666666,22.59583333333333,53.17083333333333,51.48392857142857,51.74642857142857,48.94416666666667,31.195918242298315,Moderate
2023-06-26,40.5875,61.7,57.9875,667.0833333333334,58.99166666666667,44.46666666666667,56.458333333333336,25.379166666666663,28.7,22.8,83.20833333333333,22.1625,1.6,1.6,1004.5208333333334,13.075,19.4,218.95833333333331,55.79166666666666,5448.0,2023,6,0,177,0,No Holiday,0,0,1,1,0,0,1.2246467991473532e-16,-1.0,0.0,1.0,0.0966127018812031,-0.9953220513156602,40.3875,19.870833333333334,49.44583333333333,28.3,39.61666666666667,54.02559523809523,50.83333333333333,48.72138888888889,29.10469631155027,Moderate
2023-06-27,40.6125,66.4,58.37916666666666,445.4166666666667,51.8125,35.516666666666666,57.75,27.03333333333333,30.5,22.8,82.54166666666667,23.7,1.4,1.4,1005.8291666666668,12.154166666666669,22.1,185.29166666666663,15.125,6045.0,2023,6,1,178,0,No Holiday,0,0,1,1,0,0,1.2246467991473532e-16,-1.0,0.7818314824680298,0.6234898018587336,0.07947729992362097,-0.9968366760893436,40.5875,40.3875,19.870833333333334,54.07916666666667,39.325,55.78095238095238,50.90267857142857,49.01152777777778,27.6276048144676,Moderate
2023-06-28,22.820833333333336,31.2,33.3375,277.2916666666667,32.9625,20.054166666666667,79.54166666666667,29.4,32.8,25.4,77.29166666666667,24.875,0.3,0.3,1004.4208333333332,13.908333333333331,21.2,192.83333333333331,85.91666666666667,6261.0,2023,6,2,179,0,No Holiday,0,0,1,1,0,0,1.2246467991473532e-16,-1.0,0.9749279121818236,-0.22252093395631434,0.062318379354325076,-0.998056320853012,40.6125,40.5875,40.3875,93.96666666666664,62.40416666666667,53.85714285714285,50.99464285714286,49.071666666666665,28.22819470592872,Good
2023-06-29,28.479166666666668,41.2,41.24583333333333,378.5833333333333,42.90416666666667,26.575,61.54166666666666,28.55,32.5,25.5,80.125,24.70833333333333,13.5,13.5,1000.0916666666668,15.966666666666669,23.1,219.33333333333331,98.95833333333331,3612.0,2023,6,3,180,0,No Holiday,0,0,1,1,0,0,1.2246467991473532e-16,-1.0,0.43388373911755823,-0.900968867902419,0.04514101777397193,-0.9989806246941579,22.820833333333336,40.6125,40.5875,92.12916666666666,67.8125,43.69345238095239,48.1672619047619,48.23597222222222,23.847991662804844,Good
2023-06-30,40.02916666666667,77.3,57.50833333333333,586.375,54.65,35.19583333333333,60.75,25.3125,27.0,24.4,92.04166666666669,23.90416666666667,24.5,24.5,1000.4375,8.320833333333333,12.0,229.125,90.45833333333331,2371.0,2023,6,4,181,0,No Holiday,0,0,1,1,0,0,1.2246467991473532e-16,-1.0,-0.433883739117558,-0.9009688679024191,0.02795029824021032,-0.999609314096404,28.479166666666668,22.820833333333336,40.6125,49.44583333333333,74.72083333333333,34.60059523809524,45.3577380952381,48.113888888888894,10.947267180906955,Moderate
2023-07-01,55.15416666666667,85.4,80.28750000000001,600.1666666666666,54.77916666666667,36.708333333333336,107.58333333333331,27.77916666666667,31.8,23.5,78.58333333333333,23.34583333333333,0.3,0.3,1002.9041666666668,3.35,8.3,167.75,87.54166666666667,5863.0,2023,7,5,182,1,No Holiday,0,0,0,0,0,0,-0.4999999999999997,-0.8660254037844388,-0.9749279121818236,-0.2225209339563146,0.01075130776352193,-0.9999422030204416,40.02916666666667,28.479166666666668,22.820833333333336,19.870833333333334,27.0125,33.25535714285714,42.8797619047619,48.00555555555555,9.268913881910244,Moderate
2023-07-02,37.5125,46.0,53.85,409.875,48.72083333333333,25.45,69.41666666666667,27.27916666666667,30.2,25.6,92.375,25.916666666666668,52.6,52.6,1003.5166666666668,6.733333333333333,14.7,148.95833333333334,95.75,2350.0,2023,7,6,183,1,No Holiday,0,0,0,0,0,0,-0.4999999999999997,-0.8660254037844388,-0.7818314824680299,0.6234898018587334,-0.00645086419810515,-0.9999791929590823,55.15416666666667,40.02916666666667,28.479166666666668,40.3875,22.59583333333333,38.295833333333334,44.88988095238095,48.26486111111111,10.31216245238834,Moderate
2023-07-03,33.67916666666667,51.6,48.6,327.4166666666667,38.79583333333333,21.491666666666664,81.33333333333333,28.633333333333336,32.9,25.8,86.625,26.04583333333333,5.7,5.7,1002.2208333333332,10.754166666666668,24.0,173.54166666666666,99.08333333333331,3981.0,2023,7,0,184,0,No Holiday,0,0,1,0,0,0,-0.4999999999999997,-0.8660254037844388,0.0,1.0,-0.023651127245231586,-0.9997202729664083,37.5125,55.15416666666667,40.02916666666667,40.5875,28.3,37.88511904761905,45.955357142857146,47.16513888888889,10.272146033180586,Good
2023-07-04,29.316666666666663,36.7,41.94583333333333,408.6666666666667,30.620833333333334,22.48333333333333,89.16666666666667,28.525,31.2,25.5,79.375,24.541666666666668,6.1,6.1,999.1708333333332,15.4,23.7,240.25,99.5,4417.0,2023,7,1,185,0,No Holiday,0,0,1,0,0,0,-0.4999999999999997,-0.8660254037844388,0.7818314824680298,0.6234898018587336,-0.04084439154329611,-0.9991655196610109,33.67916666666667,37.5125,55.15416666666667,40.6125,54.07916666666667,36.89821428571429,46.33958333333334,46.91555555555556,10.301061517447947,Good
2023-07-05,38.81666666666667,60.5,56.083333333333336,533.1666666666666,39.91666666666666,27.941666666666663,126.33333333333331,27.85,31.9,23.9,76.625,23.229166666666668,0.0,0.0,999.3541666666666,9.708333333333334,13.5,224.875,47.41666666666666,7257.0,2023,7,2,186,0,No Holiday,0,0,1,0,0,0,-0.4999999999999997,-0.8660254037844388,0.9749279121818236,-0.22252093395631434,-0.05802556932878035,-0.9983150972033183,29.316666666666663,33.67916666666667,37.5125,22.820833333333336,93.96666666666664,35.28452380952381,44.570833333333326,46.66472222222222,10.504976420562047,Moderate
2023-07-06,41.04166666666666,52.6,59.16666666666666,511.8333333333333,47.8625,31.05,80.91666666666667,28.008333333333336,30.9,25.2,86.25,25.45833333333333,27.0,27.0,998.9125,10.595833333333331,17.7,181.29166666666663,77.875,3941.0,2023,7,3,187,0,No Holiday,0,0,1,0,0,0,-0.4999999999999997,-0.8660254037844388,0.43388373911755823,-0.900968867902419,-0.07518957641475855,-0.9971692572470178,38.81666666666667,29.316666666666663,33.67916666666667,28.479166666666668,92.12916666666666,37.56964285714286,40.63154761904762,46.85458333333334,8.969459729398709,Moderate
2023-07-07,31.175,44.1,44.95416666666667,371.625,38.55416666666667,23.870833333333334,61.04166666666666,27.929166666666664,30.5,26.8,89.375,26.016666666666666,21.9,21.9,998.1416666666668,13.604166666666666,23.7,220.70833333333331,99.79166666666669,2554.0,2023,7,4,188,0,No Holiday,0,0,1,0,0,0,-0.4999999999999997,-0.8660254037844388,-0.433883739117558,-0.9009688679024191,-0.09233133369539122,-0.9957283388645872,41.04166666666666,38.81666666666667,29.316666666666663,40.02916666666667,49.44583333333333,39.36428571428571,36.98244047619047,46.51916666666667,8.057917825502015,Good
2023-07-08,30.85833333333333,48.1,44.34583333333333,350.6666666666667,28.2625,23.225,106.0,29.1875,32.7,26.4,83.83333333333333,26.058333333333334,9.8,9.8,1000.3333333333334,18.8125,23.2,223.20833333333331,73.95833333333333,5735.0,2023,7,5,189,1,No Holiday,0,0,0,0,0,0,-0.4999999999999997,-0.8660254037844388,-0.9749279121818236,-0.2225209339563146,-0.10944576864891556,-0.993992768446958,31.175,41.04166666666666,38.81666666666667,55.15416666666667,19.870833333333334,38.09940476190476,35.67738095238095,45.53513888888889,8.612037168587072,Good
2023-07-09,32.49583333333333,42.3,46.93333333333334,392.2916666666667,34.895833333333336,28.10833333333333,82.54166666666667,29.4,32.8,26.6,81.5,25.8375,0.0,0.0,1001.8291666666668,15.841666666666669,22.2,218.25,75.0,6122.0,2023,7,6,190,1,No Holiday,0,0,0,0,0,0,-0.4999999999999997,-0.8660254037844388,-0.7818314824680299,0.6234898018587334,-0.12652781683868314,-0.9919630595773397,30.85833333333333,31.175,41.04166666666666,37.5125,40.3875,34.628571428571426,36.46220238095238,44.754444444444445,4.513766512383058,Good
2023-07-10,29.891666666666666,36.9,43.19166666666666,340.5,40.47083333333333,23.98333333333333,65.45833333333333,28.245833333333334,33.0,24.6,84.66666666666667,25.34583333333333,19.8,19.8,1002.15,12.016666666666666,16.6,195.16666666666663,87.75,4445.0,2023,7,0,191,0,No Holiday,0,0,1,0,0,0,-0.4999999999999997,-0.8660254037844388,0.0,1.0,-0.1435724234118113,-0.9896398128792412,32.49583333333333,30.85833333333333,31.175,33.67916666666667,40.5875,33.91190476190476,35.898511904761904,44.062083333333334,4.37570525305854,Good
2023-07-11,39.829166666666666,71.2,58.28333333333333,405.375,48.43333333333334,22.7625,94.45833333333331,30.65,34.9,27.0,77.16666666666667,25.98333333333333,0.0,0.0,1001.7083333333334,10.070833333333333,15.9,188.58333333333331,64.45833333333333,5982.0,2023,7,1,192,0,No Holiday,0,0,1,0,0,0,-0.4999999999999997,-0.8660254037844388,0.7818314824680298,0.6234898018587336,-0.16057454459499376,-0.9870237158387383,29.891666666666666,32.49583333333333,30.85833333333333,29.316666666666663,40.6125,33.37083333333333,35.134523809523806,43.243611111111115,4.635723928643349,Moderate
2023-07-12,43.145833333333336,61.2,62.7625,433.6666666666667,57.72916666666666,24.925,79.875,30.98333333333333,34.5,27.5,75.875,26.070833333333336,0.0,0.0,1001.4791666666666,10.970833333333331,20.1,189.66666666666663,82.5,5445.0,2023,7,2,193,0,No Holiday,0,0,1,0,0,0,-0.4999999999999997,-0.8660254037844388,0.9749279121818236,-0.22252093395631434,-0.17752914918703497,-0.984115542601034,39.829166666666666,29.891666666666666,32.49583333333333,38.81666666666667,22.820833333333336,34.87261904761905,35.07857142857143,42.79888888888889,4.80322630838695,Moderate
2023-07-13,35.229166666666664,44.6,51.26666666666667,372.9583333333333,47.45,26.979166666666668,61.875,30.67083333333333,32.8,28.8,73.91666666666667,25.441666666666663,0.0,0.0,1000.075,14.85,21.6,207.875,97.54166666666669,3166.0,2023,7,3,194,0,No Holiday,0,0,1,0,0,0,-0.4999999999999997,-0.8660254037844388,0.43388373911755823,-0.900968867902419,-0.19443122004766195,-0.9809161537413774,43.145833333333336,39.829166666666666,29.891666666666666,41.04166666666666,28.479166666666668,35.49107142857143,36.53035714285714,42.91652777777777,5.607124595562551,Moderate
2023-07-14,43.17916666666667,60.3,62.270833333333336,516.2083333333334,46.00416666666666,33.2875,73.75,29.554166666666664,31.9,27.5,82.58333333333333,26.225,1.1,1.1,999.5875,12.254166666666668,18.4,234.75,99.875,4487.0,2023,7,4,195,0,No Holiday,0,0,1,0,0,0,-0.4999999999999997,-0.8660254037844388,-0.433883739117558,-0.9009688679024191,-0.2112757555821793,-0.9774264960104055,35.229166666666664,43.145833333333336,39.829166666666666,31.175,40.02916666666667,34.660714285714285,37.012499999999996,42.78,5.0509423723905424,Moderate
2023-07-15,44.57083333333333,66.4,74.46249999999999,572.1666666666666,54.43333333333334,33.545833333333334,64.79166666666667,27.454166666666666,30.0,26.1,83.33333333333333,24.266666666666666,6.7,6.7,1000.4458333333332,9.1375,17.9,210.04166666666663,80.83333333333333,2825.0,2023,7,5,196,1,No Holiday,0,0,0,0,0,0,-0.4999999999999997,-0.8660254037844388,-0.9749279121818236,-0.2225209339563146,-0.2280577712215198,-0.9736476020539838,43.17916666666667,35.229166666666664,43.145833333333336,30.85833333333333,55.15416666666667,36.37559523809524,37.2375,42.13916666666667,5.670100281510434,Moderate
2023-07-16,49.825,68.5,84.09583333333333,420.7083333333333,62.49166666666667,39.475,26.83333333333333,25.6875,27.0,24.4,84.79166666666667,22.89583333333333,4.9,4.9,1004.1791666666668,5.1875,8.7,179.16666666666666,100.0,1341.0,2023,7,6,197,1,No Holiday,0,0,0,0,0,0,-0.4999999999999997,-0.8660254037844388,-0.7818314824680299,0.6234898018587334,-0.24477230089725957,-0.9695805901076308,44.57083333333333,43.17916666666667,35.229166666666664,32.49583333333333,37.5125,38.33452380952381,36.48154761904762,41.364444444444445,5.813205708994219,Moderate
2023-07-17,30.58333333333333,55.5,45.833333333333336,449.375,53.1875,31.179166666666664,17.333333333333332,25.245833333333334,29.0,23.5,89.45833333333333,23.35,34.4,34.4,1006.2333333333332,11.325,16.8,46.54166666666666,86.54166666666667,2844.0,2023,7,0,198,0,No Holiday,0,0,1,0,0,0,-0.4999999999999997,-0.8660254037844388,0.0,1.0,-0.2614143985111562,-0.965226663665613,49.825,44.57083333333333,43.17916666666667,29.891666666666666,33.67916666666667,40.81011904761905,37.3610119047619,40.53458333333334,6.554907802777512,Good
2023-07-18,21.075,42.0,31.17083333333333,196.875,39.07083333333333,22.329166666666666,28.291666666666668,27.77916666666667,31.5,24.7,83.125,24.4375,0.2,0.2,1007.475,9.258333333333333,11.8,58.79166666666666,70.20833333333333,6300.0,2023,7,1,199,0,No Holiday,0,0,1,0,0,0,-0.4999999999999997,-0.8660254037844388,0.7818314824680298,0.6234898018587336,-0.2779791393987801,-0.9605871111248129,30.58333333333333,49.825,44.57083333333333,39.829166666666666,29.316666666666663,40.908928571428575,37.139880952380956,40.65361111111111,6.365363281257748,Good
2023-07-19,36.895833333333336,57.6,53.5375,706.7916666666666,61.44166666666666,42.03333333333333,9.375,26.675,29.5,25.2,90.16666666666669,24.90416666666667,19.0,19.0,1007.2791666666668,8.200000000000001,12.9,100.41666666666669,100.0,3020.0,2023,7,2,200,0,No Holiday,0,0,1,0,0,0,-0.4999999999999997,-0.8660254037844388,0.9749279121818236,-0.22252093395631434,-0.2944616217868012,-0.9556633054034704,21.075,30.58333333333333,49.825,43.145833333333336,38.81666666666667,38.22976190476191,36.55119047619048,40.60291666666667,9.874887314339496,Moderate
2023-07-20,33.02916666666666,53.7,47.275,792.1666666666666,55.4625,39.16666666666666,62.41666666666666,26.741666666666664,30.5,24.0,87.25,24.291666666666668,27.2,27.2,1004.9333333333334,5.433333333333334,12.0,161.04166666666666,86.95833333333333,4318.0,2023,7,3,201,0,No Holiday,0,0,1,0,0,0,-0.4999999999999997,-0.8660254037844388,0.43388373911755823,-0.900968867902419,-0.3108569682435036,-0.9504567035349151,36.895833333333336,21.075,30.58333333333333,35.229166666666664,41.04166666666666,37.33690476190476,36.41398809523809,40.88944444444444,9.635971208838775,Good
2023-07-21,43.6375,54.1,62.46666666666667,503.9583333333333,49.6375,33.575,88.08333333333333,27.175,30.9,25.0,91.45833333333331,25.616666666666664,19.7,19.7,1005.1208333333334,6.908333333333334,11.9,194.125,99.5,4067.0,2023,7,4,202,0,No Holiday,0,0,1,0,0,0,-0.4999999999999997,-0.8660254037844388,-0.433883739117558,-0.9009688679024191,-0.3271603271220951,-0.9449688462364056,33.02916666666666,36.895833333333336,21.075,43.17916666666667,31.175,37.022619047619045,35.84166666666666,40.187777777777775,9.751361151766096,Moderate
2023-07-22,34.65416666666666,51.9,49.525,440.125,49.75,28.008333333333336,58.0,27.225,29.8,25.9,90.04166666666667,25.4125,11.6,11.6,1004.9666666666668,11.325,14.8,203.91666666666663,90.20833333333331,3552.0,2023,7,5,203,1,No Holiday,0,0,0,0,0,0,-0.4999999999999997,-0.8660254037844388,-0.9749279121818236,-0.2225209339563146,-0.34336687399638804,-0.939201357453208,43.6375,33.02916666666666,36.895833333333336,44.57083333333333,30.85833333333333,37.08809523809524,36.73184523809523,38.510138888888896,9.801001882299028,Good
2023-07-23,52.1,82.0,77.71249999999999,532.4583333333334,50.4375,29.575,109.29166666666669,28.516666666666666,32.2,25.1,82.66666666666667,25.079166666666666,0.1,0.1,1004.9375,9.079166666666667,11.5,212.75,75.83333333333333,5996.0,2023,7,6,204,1,No Holiday,0,0,0,0,0,0,-0.4999999999999997,-0.8660254037844388,-0.7818314824680299,0.6234898018587334,-0.3594718130884232,-0.9331559438780432,34.65416666666666,43.6375,33.02916666666666,49.825,32.49583333333333,35.67142857142857,37.00297619047619,36.594305555555565,9.239785848517203,Moderate
2023-07-24,51.6125,76.8,75.70416666666667,460.6666666666667,50.86666666666667,32.50833333333333,115.54166666666669,28.679166666666664,32.7,25.5,81.625,25.070833333333336,0.3,0.3,1004.9125,7.379166666666666,11.1,191.29166666666663,44.29166666666666,6061.0,2023,7,0,205,0,No Holiday,0,0,1,0,0,0,-0.4999999999999997,-0.8660254037844388,0.0,1.0,-0.3754703786876202,-0.9268343944460494,52.1,34.65416666666666,43.6375,30.58333333333333,29.891666666666666,35.996428571428574,38.40327380952381,36.68277777777778,9.8410437722052,Moderate
2023-07-25,51.97083333333333,72.6,75.00833333333334,412.7083333333333,51.1625,24.441666666666663,100.25,28.729166666666668,33.2,26.0,84.04166666666667,25.666666666666668,2.2,2.2,1005.625,6.775,11.2,127.04166666666669,93.25,5311.0,2023,7,1,206,0,No Holiday,0,0,1,0,0,0,-0.4999999999999997,-0.8660254037844388,0.7818314824680298,0.6234898018587336,-0.3913578365610259,-0.9202385798054075,51.6125,52.1,34.65416666666666,21.075,39.829166666666666,39.00059523809524,39.9547619047619,37.74083333333333,11.048844739281792,Moderate
2023-07-26,26.0875,65.0,40.24583333333333,307.6666666666667,40.12083333333333,21.604166666666668,41.458333333333336,28.641666666666666,32.3,26.0,82.41666666666667,25.225,18.2,18.2,1006.8041666666668,11.554166666666667,20.1,119.70833333333331,88.41666666666667,5353.0,2023,7,2,207,0,No Holiday,0,0,1,0,0,0,-0.4999999999999997,-0.8660254037844388,0.9749279121818236,-0.22252093395631434,-0.4071294853542516,-0.9133704517637858,51.97083333333333,51.6125,52.1,36.895833333333336,43.145833333333336,43.41428571428571,40.822023809523806,38.12694444444444,8.592606188911974,Good
2023-07-27,18.60833333333333,33.1,28.23333333333333,521.7083333333334,34.983333333333334,27.575,17.958333333333332,28.52916666666667,31.5,26.1,80.125,24.683333333333334,2.9,2.9,1006.025,16.979166666666668,21.7,111.875,49.54166666666666,6130.0,2023,7,3,208,0,No Holiday,0,0,1,0,0,0,-0.4999999999999997,-0.8660254037844388,0.43388373911755823,-0.900968867902419,-0.4227806579826773,-0.9062320427107697,26.0875,51.97083333333333,51.6125,33.02916666666666,35.229166666666664,41.87023809523809,39.60357142857142,37.64361111111111,10.67735912342245,Good
2023-07-28,17.808333333333334,31.0,26.066666666666663,709.3333333333334,35.454166666666666,33.862500000000004,11.5,26.929166666666664,28.9,25.5,86.16666666666667,24.4125,15.9,15.9,1003.7291666666666,20.92083333333333,27.6,98.75,99.04166666666669,3194.0,2023,7,4,209,0,No Holiday,0,0,1,0,0,0,-0.4999999999999997,-0.8660254037844388,-0.433883739117558,-0.9009688679024191,-0.4383067230125192,-0.898825465016444,18.60833333333333,26.0875,51.97083333333333,43.6375,43.17916666666667,39.81011904761904,38.41636904761905,36.910138888888895,13.645994667651761,Good
2023-07-29,10.483333333333333,15.3,15.370833333333332,224.75,20.995833333333334,12.3,55.375,27.67083333333333,29.7,26.1,83.25,24.5,4.7,4.7,1001.3125,27.741666666666664,36.9,123.20833333333331,98.95833333333331,4886.0,2023,7,5,210,1,No Holiday,0,0,0,0,0,0,-0.4999999999999997,-0.8660254037844388,-0.9749279121818236,-0.2225209339563146,-0.45370308603134424,-0.8911529104063088,17.808333333333334,18.60833333333333,26.0875,34.65416666666666,44.57083333333333,36.12023809523809,36.604166666666664,36.74305555555555,15.766008807880402,Good
2023-07-30,18.15833333333333,27.4,27.675,219.25,20.8375,12.766666666666666,77.95833333333333,27.96666666666667,30.9,25.8,83.25,24.820833333333336,8.6,8.6,1003.1083333333332,17.529166666666665,26.7,143.625,93.375,4601.0,2023,7,6,211,1,No Holiday,0,0,0,0,0,0,-0.4999999999999997,-0.8660254037844388,-0.7818314824680299,0.6234898018587334,-0.46896519100763184,-0.8832166493127127,10.483333333333333,17.808333333333334,18.60833333333333,52.1,49.825,32.6672619047619,34.16934523809524,36.14319444444444,18.542934012332516,Good
2023-07-31,24.766666666666666,36.2,37.375,347.3333333333333,32.50833333333333,21.92083333333333,52.583333333333336,28.4625,31.9,26.3,83.29166666666667,25.304166666666664,7.9,7.9,1005.5583333333334,12.475,17.1,127.29166666666669,65.875,5795.0,2023,7,0,212,0,No Holiday,0,0,1,0,0,0,-0.4999999999999997,-0.8660254037844388,0.0,1.0,-0.48408852163897587,-0.8750190302029955,18.15833333333333,10.483333333333333,17.808333333333334,51.6125,30.58333333333333,27.81845238095238,31.907440476190477,35.414166666666674,16.986972618940015,Good
2023-08-01,20.20833333333333,29.7,30.691666666666663,625.25,41.1625,37.50416666666667,9.541666666666666,28.1375,31.4,25.0,81.25,24.52083333333333,0.6000000000000001,0.6000000000000001,1005.85,14.370833333333332,18.0,107.04166666666669,60.125,6210.0,2023,8,1,213,0,No Holiday,0,0,1,0,0,0,-0.8660254037844385,-0.5000000000000004,0.7818314824680298,0.6234898018587336,-0.4990686026885319,-0.8665624788845385,24.766666666666666,18.15833333333333,10.483333333333333,51.97083333333333,21.075,23.98333333333333,31.491964285714285,34.40125,13.363776660075345,Good
2023-08-02,25.575,37.8,41.96666666666667,333.0833333333333,48.49166666666667,27.83333333333333,27.541666666666668,28.866666666666664,32.7,25.2,80.70833333333333,25.054166666666664,0.0,0.0,1004.4458333333332,11.4375,15.5,98.91666666666669,23.125,6078.0,2023,8,2,214,0,No Holiday,0,0,1,0,0,0,-0.8660254037844385,-0.5000000000000004,0.9749279121818236,-0.22252093395631434,-0.5139010013093103,-0.8578494977869301,20.20833333333333,24.766666666666666,18.15833333333333,26.0875,36.895833333333336,19.44583333333333,31.430059523809522,33.824444444444445,5.1376272850776905,Good
2023-08-03,22.39583333333333,39.3,35.108333333333334,205.125,42.9625,24.40416666666667,29.916666666666668,29.075,32.7,25.5,79.625,25.004166666666663,0.0,0.0,1002.175,10.004166666666666,13.4,82.25,12.166666666666666,6226.0,2023,8,3,215,0,No Holiday,0,0,1,0,0,0,-0.8660254037844385,-0.5000000000000004,0.43388373911755823,-0.900968867902419,-0.5285813283559292,-0.8488826652214553,25.575,20.20833333333333,24.766666666666666,18.60833333333333,33.02916666666666,19.372619047619047,30.62142857142857,33.55430555555555,5.029723490038769,Good
2023-08-04,22.97083333333333,36.8,36.1625,208.75,44.24166666666667,24.954166666666666,27.25,29.391666666666666,32.7,25.6,79.91666666666667,25.329166666666666,0.0,0.0,1001.1375,7.1875,10.1,72.54166666666667,16.375,6194.0,2023,8,4,216,0,No Holiday,0,0,1,0,0,0,-0.8660254037844385,-0.5000000000000004,-0.433883739117558,-0.9009688679024191,-0.5431052396834317,-0.8396646346181327,22.39583333333333,25.575,20.20833333333333,17.808333333333334,43.6375,19.913690476190474,29.86190476190476,33.323611111111106,5.136391311774865,Good
2023-08-05,33.35,69.8,50.82916666666667,296.6666666666667,50.29166666666666,32.270833333333336,36.79166666666666,30.1125,34.0,26.1,80.16666666666667,26.0375,0.0,0.0,999.3625,5.120833333333334,7.6,97.25,7.5,6586.0,2023,8,5,217,1,No Holiday,0,0,0,0,0,0,-0.8660254037844385,-0.5000000000000004,-0.9749279121818236,-0.2225209339563146,-0.5574684374327892,-0.8301981337405212,22.97083333333333,22.39583333333333,25.575,10.483333333333333,34.65416666666666,20.65119047619047,28.385714285714283,32.79541666666667,5.154307975633227,Good
2023-08-06,53.60416666666666,71.0,79.74583333333334,535.1666666666666,48.51666666666667,38.00833333333333,92.875,29.508333333333336,33.2,27.0,83.91666666666667,26.40833333333333,8.2,8.2,997.8041666666668,6.045833333333333,12.2,181.875,70.41666666666667,5323.0,2023,8,6,218,1,No Holiday,0,0,0,0,0,0,-0.8660254037844385,-0.5000000000000004,-0.7818314824680299,0.6234898018587334,-0.5716666713027052,-0.8204859638785327,33.35,22.97083333333333,22.39583333333333,18.15833333333333,52.1,23.917857142857144,28.292559523809523,32.539027777777775,4.874730948348564,Moderate
2023-08-07,32.016666666666666,64.0,47.88333333333333,356.9166666666667,42.29166666666666,25.1125,66.41666666666667,28.10833333333333,31.1,26.0,84.66666666666667,25.191666666666663,1.4,1.4,999.175,9.8625,16.5,40.66666666666666,60.29166666666666,5489.0,2023,8,0,219,0,No Holiday,0,0,1,0,0,0,-0.8660254037844385,-0.5000000000000004,0.0,1.0,-0.5856957398073508,-0.8105309990194823,53.60416666666666,33.35,22.97083333333333,24.766666666666666,51.6125,28.98154761904762,28.4,33.28666666666666,11.627525825048648,Good
2023-08-08,34.579166666666666,60.1,53.3,612.5833333333334,49.020833333333336,23.7,81.95833333333333,27.28333333333333,30.3,25.2,78.0,22.98333333333333,0.0,0.0,1001.4541666666668,9.425,14.9,54.958333333333336,38.333333333333336,6193.0,2023,8,1,220,0,No Holiday,0,0,1,0,0,0,-0.8660254037844385,-0.5000000000000004,0.7818314824680298,0.6234898018587336,-0.5995514915196489,-0.8003361849976323,32.016666666666666,53.60416666666666,33.35,20.20833333333333,51.97083333333333,30.017261904761902,27.00029761904762,33.32527777777777,11.511834045103953,Good
2023-08-09,43.770833333333336,65.4,68.37083333333334,486.3333333333333,51.925,25.10833333333333,70.08333333333333,27.34583333333333,31.5,24.0,80.5,23.491666666666664,0.7,0.7,1003.0875,7.858333333333333,14.5,66.54166666666667,63.0,5537.0,2023,8,2,221,0,No Holiday,0,0,1,0,0,0,-0.8660254037844385,-0.5000000000000004,0.9749279121818236,-0.22252093395631434,-0.6132298262997502,-0.7899045386224707,34.579166666666666,32.016666666666666,53.60416666666666,25.575,26.0875,32.070238095238096,25.75803571428571,33.39472222222222,10.725568012610124,Moderate
2023-08-10,52.7125,77.8,80.30416666666666,683.2083333333334,58.70416666666667,31.14583333333333,98.91666666666669,28.454166666666666,32.8,24.2,77.875,23.9125,0.0,0.0,1003.4416666666666,7.204166666666667,11.3,191.625,26.375,6500.0,2023,8,3,222,0,No Holiday,0,0,1,0,0,0,-0.8660254037844385,-0.5000000000000004,0.43388373911755823,-0.900968867902419,-0.6267266965083301,-0.7792391467859886,43.770833333333336,34.579166666666666,32.016666666666666,22.39583333333333,18.60833333333333,34.669642857142854,27.021130952380954,33.85736111111111,11.087863713366708,Moderate
2023-08-11,71.8625,117.8,110.14583333333331,913.0416666666666,77.5625,40.954166666666666,107.54166666666669,29.33333333333333,33.0,24.5,75.66666666666667,24.2875,0.0,0.0,1001.825,4.758333333333334,8.4,156.58333333333334,52.0,6806.0,2023,8,4,223,0,No Holiday,0,0,1,0,0,0,-0.8660254037844385,-0.5000000000000004,-0.433883739117558,-0.9009688679024191,-0.6400381082043503,-0.7683431655492202,52.7125,43.770833333333336,34.579166666666666,22.97083333333333,17.808333333333334,39.00059523809524,29.457142857142856,34.28680555555556,11.410832458132479,Moderate
2023-08-12,66.325,112.2,102.77083333333331,692.0,63.3875,28.266666666666666,142.5,30.29583333333333,35.1,25.6,72.33333333333333,24.40833333333333,0.0,0.0,999.9708333333332,7.270833333333333,10.1,175.20833333333334,10.083333333333334,6899.0,2023,8,5,224,1,No Holiday,0,0,0,0,0,0,-0.8660254037844385,-0.5000000000000004,-0.9749279121818236,-0.2225209339563146,-0.65316012232693,-0.7572198192083127,71.8625,52.7125,43.770833333333336,33.35,10.483333333333333,45.985119047619044,33.31815476190476,35.244027777777774,14.506947141869217,Moderate
2023-08-13,61.80416666666667,89.2,91.325,604.0,54.01666666666667,35.22083333333333,123.70833333333331,28.975,33.7,26.1,81.58333333333333,25.4375,1.0,1.0,999.9875,8.045833333333333,14.4,185.58333333333331,22.416666666666668,6249.0,2023,8,6,225,1,No Holiday,0,0,0,0,0,0,-0.8660254037844385,-0.5000000000000004,-0.7818314824680299,0.6234898018587334,-0.666088855860977,-0.7458723993404063,66.325,71.8625,52.7125,53.60416666666666,18.15833333333333,50.695833333333326,37.30684523809524,36.28055555555556,15.063409377804765,Moderate
2023-08-14,42.625,84.3,62.04166666666666,577.5833333333334,52.0375,30.754166666666663,81.08333333333333,27.34166666666667,31.3,25.5,88.875,25.27916666666667,13.1,13.1,1002.4125,9.370833333333334,15.0,39.625,85.45833333333333,4372.0,2023,8,0,226,0,No Holiday,0,0,1,0,0,0,-0.8660254037844385,-0.5000000000000004,0.0,1.0,-0.6788204829862355,-0.734304263829602,61.80416666666667,66.325,71.8625,32.016666666666666,24.766666666666666,51.867261904761904,40.42440476190476,36.90138888888888,15.635263375251958,Moderate
2023-08-15,39.4875,62.4,59.78333333333333,393.0416666666667,63.35,34.541666666666664,33.041666666666664,27.85,31.6,25.6,86.25,25.225,2.9000000000000004,2.9000000000000004,1003.8083333333334,5.345833333333334,11.7,141.95833333333334,34.208333333333336,5602.0,2023,8,1,227,0,No Holiday,0,0,1,0,0,0,-0.8660254037844385,-0.5000000000000004,0.7818314824680298,0.6234898018587336,-0.6913512362094071,-0.722518835873311,42.625,61.80416666666667,66.325,34.579166666666666,20.20833333333333,53.382738095238096,41.699999999999996,36.836527777777775,13.796529528008081,Moderate
2023-08-16,60.5375,78.7,91.32083333333333,551.5,64.74583333333334,49.61666666666667,72.25,28.008333333333336,31.5,25.6,85.125,25.183333333333334,3.8,3.8,1003.5625,3.9416666666666655,11.5,126.125,34.541666666666664,5512.0,2023,8,2,228,0,No Holiday,0,0,1,0,0,0,-0.8660254037844385,-0.5000000000000004,0.9749279121818236,-0.22252093395631434,-0.7036774074790128,-0.7105196029692745,39.4875,42.625,61.80416666666667,43.770833333333336,25.575,54.083928571428565,43.077083333333334,36.49194444444444,12.767974446310712,Moderate
2023-08-17,72.46249999999999,86.8,107.61666666666667,703.3333333333334,66.06666666666666,47.76666666666667,58.29166666666666,27.04583333333333,30.7,24.0,84.91666666666667,24.204166666666666,2.8,2.8,1003.2,6.166666666666667,12.8,81.25,22.83333333333333,5653.0,2023,8,3,229,0,No Holiday,0,0,1,0,0,0,-0.8660254037844385,-0.5000000000000004,0.43388373911755823,-0.900968867902419,-0.7157953492826642,-0.6983101158835584,60.5375,39.4875,42.625,52.7125,22.39583333333333,56.47916666666667,45.574404761904766,37.49041666666667,12.064103232547316,Moderate
2023-08-18,66.34166666666667,100.4,97.18333333333334,1505.9166666666667,68.45833333333333,60.15416666666667,45.958333333333336,27.179166666666664,30.9,24.0,81.25,23.48333333333333,0.7,0.7,1004.125,8.608333333333333,14.0,95.375,33.791666666666664,6219.0,2023,8,4,230,0,No Holiday,0,0,1,0,0,0,-0.8660254037844385,-0.5000000000000004,-0.433883739117558,-0.9009688679024191,-0.7277014757264236,-0.6858939875998223,72.46249999999999,60.5375,39.4875,71.8625,22.97083333333333,59.300595238095234,49.15059523809524,39.20333333333333,13.284147653088269,Moderate
2023-08-19,45.10416666666666,70.1,66.30416666666666,1214.125,67.15416666666667,49.95416666666667,37.66666666666666,27.09583333333333,31.5,23.9,81.45833333333333,23.52916666666667,2.2,2.2,1006.3708333333334,13.754166666666668,22.2,95.41666666666669,24.875,5746.0,2023,8,5,231,1,No Holiday,0,0,0,0,0,0,-0.8660254037844385,-0.5000000000000004,-0.9749279121818236,-0.2225209339563146,-0.7393922635959241,-0.673274892250183,66.34166666666667,72.46249999999999,60.5375,66.325,33.35,58.511904761904766,52.24851190476191,40.184861111111104,12.558081595522117,Moderate
2023-08-20,40.50416666666667,84.1,59.63333333333333,717.4583333333334,44.67083333333333,28.979166666666668,66.79166666666667,28.3625,32.0,24.9,77.91666666666667,23.995833333333334,1.0,1.0,1006.0833333333334,13.004166666666668,17.3,115.70833333333331,16.583333333333332,6089.0,2023,8,6,232,1,No Holiday,0,0,0,0,0,0,-0.8660254037844385,-0.5000000000000004,-0.7818314824680299,0.6234898018587334,-0.7508642533989489,-0.6604565640279754,45.10416666666666,66.34166666666667,72.46249999999999,61.80416666666667,53.60416666666666,55.48035714285714,53.08809523809524,40.587361111111115,12.913968516196121,Moderate
2023-08-21,34.80833333333333,57.4,50.17083333333333,421.7083333333333,36.82083333333333,23.883333333333336,126.70833333333331,28.2625,32.0,25.4,81.04166666666667,24.55,8.5,8.5,1002.3625,10.633333333333333,15.4,193.625,73.5,5856.0,2023,8,0,233,0,No Holiday,0,0,1,0,0,0,-0.8660254037844385,-0.5000000000000004,0.0,1.0,-0.7621140503891487,-0.6474427960827475,40.50416666666667,45.10416666666666,66.34166666666667,42.625,32.016666666666666,52.4375,52.15238095238095,40.48291666666667,13.663249699874266,Good
2023-08-22,50.59166666666667,67.8,72.3625,729.5,71.40416666666667,43.02916666666667,40.583333333333336,26.079166666666666,28.4,24.9,89.16666666666667,24.133333333333336,17.599999999999998,17.599999999999998,1001.7875,8.858333333333333,14.1,225.29166666666663,88.29166666666667,2150.0,2023,8,1,234,0,No Holiday,0,0,1,0,0,0,-0.8660254037844385,-0.5000000000000004,0.7818314824680298,0.6234898018587336,-0.7731383255706026,-0.6342374393978054,34.80833333333333,40.50416666666667,45.10416666666666,39.4875,34.579166666666666,51.32083333333333,52.35178571428571,40.488055555555555,14.865396643248854,Moderate
2023-08-23,49.3625,73.6,78.29583333333333,474.0416666666667,61.82083333333333,26.491666666666664,72.41666666666667,27.179166666666664,31.5,23.6,77.58333333333333,22.516666666666666,0.0,0.0,1004.5041666666666,9.5,13.6,87.54166666666667,10.625,6648.0,2023,8,2,235,0,No Holiday,0,0,1,0,0,0,-0.8660254037844385,-0.5000000000000004,0.9749279121818236,-0.22252093395631434,-0.7839338166829201,-0.620844401650647,50.59166666666667,34.80833333333333,40.50416666666667,60.5375,43.770833333333336,52.90714285714286,53.495535714285715,40.43777777777778,13.956894145184927,Moderate
2023-08-24,53.55,79.9,86.39999999999999,462.9166666666667,62.7875,31.195833333333336,63.75,27.05,31.0,22.4,74.75,21.77083333333333,0.0,0.0,1006.5458333333332,5.9,8.8,68.5,14.916666666666666,6383.0,2023,8,3,236,0,No Holiday,0,0,1,0,0,0,-0.8660254037844385,-0.5000000000000004,0.43388373911755823,-0.900968867902419,-0.7944973291665992,-0.6072676460566135,49.3625,50.59166666666667,34.80833333333333,72.46249999999999,52.7125,51.310714285714276,53.89494047619048,40.36277777777777,13.572468570914753,Moderate
2023-08-25,56.23333333333333,80.1,90.94583333333333,425.5833333333333,61.32916666666666,29.25,65.16666666666667,27.59583333333333,31.6,23.5,72.25,21.754166666666663,0.0,0.0,1007.3875,7.883333333333333,10.9,57.25,63.875,6369.0,2023,8,4,237,0,No Holiday,0,0,1,0,0,0,-0.8660254037844385,-0.5000000000000004,-0.433883739117558,-0.9009688679024191,-0.8048257371083452,-0.593511190196115,53.55,49.3625,50.59166666666667,66.34166666666667,71.8625,48.60892857142857,53.954761904761895,40.415416666666665,10.097774160151399,Moderate
2023-08-26,33.90833333333333,42.6,54.75833333333333,586.5416666666666,58.8375,36.05,60.54166666666666,27.8625,31.0,24.6,66.54166666666667,20.9625,0.0,0.0,1005.6875,14.6625,19.1,92.79166666666669,96.0,5472.0,2023,8,5,238,1,No Holiday,0,0,0,0,0,0,-0.8660254037844385,-0.5000000000000004,-0.9749279121818236,-0.2225209339563146,-0.8149159841660791,-0.5795791048257612,56.23333333333333,53.55,49.3625,45.10416666666666,66.325,47.164880952380955,52.83839285714286,41.42027777777778,7.537405509336261,Good
2023-08-27,28.35833333333333,39.7,43.48333333333333,640.0,56.04583333333333,29.366666666666664,27.75,26.808333333333334,29.4,24.9,85.66666666666667,24.14583333333333,27.1,27.1,1000.9625,15.008333333333333,21.0,132.29166666666666,99.66666666666669,2195.0,2023,8,6,239,1,No Holiday,0,0,0,0,0,0,-0.8660254037844385,-0.5000000000000004,-0.7818314824680299,0.6234898018587334,-0.8247650844733614,-0.5654755126737576,33.90833333333333,56.23333333333333,53.55,40.50416666666667,61.80416666666667,45.56547619047619,50.52291666666666,41.930277777777775,9.077974564249274,Good
2023-08-28,24.504166666666663,31.0,34.96666666666667,504.0833333333333,44.17083333333333,25.866666666666664,35.583333333333336,23.2,25.2,22.4,88.58333333333333,21.17083333333333,29.6,29.6,1001.7583333333332,12.4875,17.9,304.9583333333333,99.83333333333331,1586.0,2023,8,0,240,0,No Holiday,0,0,1,0,0,0,-0.8660254037844385,-0.5000000000000004,0.0,1.0,-0.8343701235229538,-0.5512045872199277,28.35833333333333,33.90833333333333,56.23333333333333,34.80833333333333,42.625,43.830357142857146,48.13392857142857,42.28194444444444,11.134422433601916,Good
2023-08-29,28.2125,55.8,41.25,476.5,43.85416666666666,24.058333333333334,57.79166666666666,23.77083333333333,26.0,21.9,80.41666666666667,20.10833333333333,0.0,0.0,1007.2291666666666,9.45,13.7,159.25,97.75,2909.0,2023,8,1,241,0,No Holiday,0,0,1,0,0,0,-0.8660254037844385,-0.5000000000000004,0.7818314824680298,0.6234898018587336,-0.8437282590292712,-0.5367705514607103,24.504166666666663,28.35833333333333,33.90833333333333,50.59166666666667,39.4875,42.358333333333334,46.83958333333334,42.74930555555555,13.043446142355247,Good
2023-08-30,52.09166666666667,75.2,80.50416666666666,515.0416666666666,68.08749999999999,33.24583333333333,22.666666666666668,23.491666666666664,26.4,21.1,81.625,20.075,2.5,2.5,1010.3791666666666,6.258333333333333,11.7,100.16666666666669,98.91666666666669,3515.0,2023,8,2,242,0,No Holiday,0,0,1,0,0,0,-0.8660254037844385,-0.5000000000000004,0.9749279121818236,-0.22252093395631434,-0.8528367217694595,-0.522177676659508,28.2125,24.504166666666663,28.35833333333333,49.3625,60.5375,39.16130952380952,46.03422619047619,43.08444444444444,13.426087900409685,Moderate
2023-08-31,48.32916666666667,78.5,71.88333333333334,605.0,63.0625,37.91666666666666,44.625,23.65416666666667,28.1,20.4,78.875,19.341666666666665,0.0,0.0,1010.7041666666668,7.233333333333333,13.4,124.08333333333331,38.41666666666666,6497.0,2023,8,3,243,0,No Holiday,0,0,1,0,0,0,-0.8660254037844385,-0.5000000000000004,0.43388373911755823,-0.900968867902419,-0.8616928164028522,-0.5074302810827518,52.09166666666667,28.2125,24.504166666666663,53.55,72.46249999999999,39.55119047619047,45.43095238095238,43.99527777777778,13.805945678512787,Moderate
2023-09-01,28.3,48.2,42.54583333333333,354.25,54.15,23.65,51.875,23.754166666666663,28.8,18.5,76.91666666666667,19.166666666666668,0.0,0.0,1010.8416666666668,9.854166666666666,16.8,62.91666666666666,1.3333333333333333,6666.0,2023,9,4,244,0,No Holiday,0,0,1,1,0,0,-1.0,-1.8369701987210297e-16,-0.433883739117558,-0.9009688679024191,-0.8702939222685674,-0.49253272872205434,48.32916666666667,52.09166666666667,28.2125,56.23333333333333,66.34166666666667,38.80535714285714,43.707142857142856,44.93263888888889,13.043626431180636,Good
2023-09-02,35.979166666666664,61.2,57.59583333333333,329.125,52.12083333333334,20.83333333333333,61.083333333333336,24.579166666666666,29.4,19.9,76.83333333333333,20.04583333333333,0.0,0.0,1009.6333333333332,10.095833333333331,15.0,55.0,58.16666666666666,6151.0,2023,9,5,245,1,No Holiday,0,0,0,1,0,0,-1.0,-1.8369701987210297e-16,-0.9749279121818236,-0.2225209339563146,-0.8786374941610001,-0.4774894280028391,28.3,48.32916666666667,52.09166666666667,33.90833333333333,45.10416666666666,34.81488095238095,40.98988095238095,45.023472222222225,10.923812032078047,Moderate
2023-09-03,36.15833333333333,48.4,58.64166666666667,356.625,58.3125,23.1125,55.91666666666666,24.7375,28.0,21.7,81.04166666666667,21.066666666666663,0.0,0.0,1008.8708333333334,8.883333333333333,13.3,48.91666666666666,86.29166666666667,4259.0,2023,9,6,246,1,No Holiday,0,0,0,1,0,0,-1.0,-1.8369701987210297e-16,-0.7818314824680299,0.6234898018587334,-0.886721063082993,-0.46230483047981086,35.979166666666664,28.3,48.32916666666667,28.35833333333333,40.50416666666667,35.11071428571429,40.33809523809524,45.47625,10.923210204149004,Moderate
2023-09-04,27.304166666666664,38.0,43.28333333333333,315.5416666666667,53.11666666666667,23.70833333333333,21.791666666666668,25.441666666666663,30.2,22.1,84.45833333333333,22.441666666666663,1.3,1.3,1009.0083333333332,11.875,18.0,44.41666666666666,65.70833333333333,4422.0,2023,9,0,247,0,No Holiday,0,0,1,1,0,0,-1.0,-1.8369701987210297e-16,0.0,1.0,-0.8945422369764496,-0.4469834295196741,36.15833333333333,35.979166666666664,28.3,24.504166666666663,34.80833333333333,36.225,40.027678571428574,45.91583333333333,10.509603192283853,Good
2023-09-05,20.454166666666666,28.5,31.25,184.45833333333331,36.17916666666667,20.92083333333333,14.5,26.3,30.1,23.9,85.29166666666667,23.475,0.7000000000000001,0.7000000000000001,1010.0875,11.308333333333332,15.8,56.29166666666666,38.75,5222.0,2023,9,1,248,0,No Holiday,0,0,1,1,0,0,-1.0,-1.8369701987210297e-16,0.7818314824680298,0.6234898018587336,-0.9020987014301837,-0.43152975897147144,27.304166666666664,36.15833333333333,35.979166666666664,28.2125,50.59166666666667,36.625,39.49166666666667,45.714305555555555,10.03156592037447,Good
2023-09-06,24.25,46.3,37.8875,227.75,42.43333333333333,21.28333333333333,25.08333333333333,26.445833333333336,30.0,23.4,82.83333333333333,23.1,0.5,0.5,1011.3583333333332,9.854166666666666,13.9,51.833333333333336,23.25,5465.0,2023,9,2,249,0,No Holiday,0,0,1,1,0,0,-1.0,-1.8369701987210297e-16,0.9749279121818236,-0.22252093395631434,-0.9093882203647925,-0.4159483918249421,20.454166666666666,27.304166666666664,36.15833333333333,52.09166666666667,49.3625,35.516666666666666,37.33898809523809,44.60930555555555,11.444946220122015,Good
2023-09-07,37.00416666666667,71.9,58.50833333333333,366.9166666666667,56.75416666666666,23.3875,44.5,26.475,30.5,23.0,77.41666666666667,21.9125,0.0,0.0,1011.6166666666668,9.604166666666666,13.5,69.04166666666667,8.583333333333334,5951.0,2023,9,3,250,0,No Holiday,0,0,1,1,0,0,-1.0,-1.8369701987210297e-16,0.43388373911755823,-0.900968867902419,-0.9164086366943458,-0.4002439388573056,24.25,20.454166666666666,27.304166666666664,48.32916666666667,53.55,31.53928571428571,35.5452380952381,44.35041666666666,9.37542000822852,Moderate
2023-09-08,46.35416666666666,64.3,71.53750000000001,631.8333333333334,60.07916666666667,35.12083333333333,35.958333333333336,26.275,30.8,22.2,75.29166666666667,21.216666666666665,0.0,0.0,1010.7791666666668,9.566666666666666,12.9,80.08333333333333,10.75,6233.0,2023,9,4,251,0,No Holiday,0,0,1,1,0,0,-1.0,-1.8369701987210297e-16,-0.433883739117558,-0.9009688679024191,-0.9231578729647039,-0.38442104726885545,37.00416666666667,24.25,20.454166666666666,28.3,56.23333333333333,29.92142857142857,34.36339285714286,44.43125,6.545145672810555,Moderate
2023-09-09,47.3625,88.2,70.98333333333333,985.9583333333334,59.73333333333333,38.775,51.41666666666666,26.20833333333333,31.0,22.0,70.75,19.995833333333334,0.0,0.0,1008.5875,10.154166666666669,13.4,112.125,1.75,6362.0,2023,9,5,252,1,No Holiday,0,0,0,1,0,0,-1.0,-1.8369701987210297e-16,-0.9749279121818236,-0.2225209339563146,-0.9296339319682695,-0.3684843993077793,46.35416666666666,37.00416666666667,24.25,35.979166666666664,33.90833333333333,32.50059523809524,33.657738095238095,44.51736111111111,8.924448975550224,Moderate
2023-09-10,55.99583333333334,90.3,84.28333333333333,955.7916666666666,56.38333333333333,38.69583333333333,61.083333333333336,26.5375,31.2,22.0,71.0,20.508333333333333,0.0,0.0,1006.8708333333334,10.408333333333331,14.0,99.91666666666669,38.625,5608.0,2023,9,6,253,1,No Holiday,0,0,0,1,0,0,-1.0,-1.8369701987210297e-16,-0.7818314824680299,0.6234898018587334,-0.9358348973349941,-0.35243871088460327,47.3625,46.35416666666666,37.00416666666667,36.15833333333333,28.35833333333333,34.12678571428571,34.61875,44.33902777777777,10.552559111557427,Moderate
2023-09-11,63.66666666666666,94.8,94.7125,1192.375,70.1875,48.52916666666667,43.29166666666666,26.941666666666663,31.4,23.3,73.54166666666667,21.60833333333333,0.8999999999999999,0.8999999999999999,1006.25,7.141666666666667,12.0,76.58333333333333,85.91666666666667,4654.0,2023,9,0,254,0,No Holiday,0,0,1,1,0,0,-1.0,-1.8369701987210297e-16,0.0,1.0,-0.9417589340994617,-0.33628873017668287,55.99583333333334,47.3625,46.35416666666666,27.304166666666664,24.504166666666663,36.96071428571429,36.59285714285714,43.810138888888886,13.453927696757562,Moderate
2023-09-12,41.5125,61.7,62.145833333333336,534.875,62.81666666666666,34.791666666666664,16.75,24.59166666666667,26.3,22.9,87.5,22.35833333333333,11.3,11.3,1007.5833333333334,12.725,18.5,42.25,100.0,989.0,2023,9,1,255,0,No Holiday,0,0,1,1,0,0,-1.0,-1.8369701987210297e-16,0.7818314824680298,0.6234898018587336,-0.9474042892438845,-0.32003923622313857,63.66666666666666,55.99583333333334,47.3625,20.454166666666666,28.2125,42.15535714285714,39.39017857142857,43.72152777777777,15.901351109153085,Moderate
2023-09-13,19.758333333333333,25.4,29.416666666666668,290.2916666666667,47.5,21.33333333333333,36.04166666666666,22.683333333333334,23.6,21.7,90.66666666666669,21.070833333333333,48.0,48.0,1007.5083333333332,16.166666666666668,21.6,48.375,99.5,1253.0,2023,9,2,256,0,No Holiday,0,0,1,1,0,0,-1.0,-1.8369701987210297e-16,0.9749279121818236,-0.22252093395631434,-0.9527692922168511,-0.30369503751065885,41.5125,63.66666666666666,55.99583333333334,24.25,52.09166666666667,45.163690476190474,40.340178571428574,43.04513888888889,12.801294945502548,Good
2023-09-14,22.90833333333333,38.2,36.42916666666667,306.9583333333333,47.875,21.154166666666665,29.5,22.616666666666664,25.3,20.4,87.875,20.4625,7.6,7.6,1010.9625,10.808333333333332,16.0,73.54166666666667,98.45833333333331,2449.0,2023,9,3,257,0,No Holiday,0,0,1,1,0,0,-1.0,-1.8369701987210297e-16,0.43388373911755823,-0.900968867902419,-0.9578523554276669,-0.28726097055059635,19.758333333333333,41.5125,63.66666666666666,37.00416666666667,48.32916666666667,44.52202380952381,38.03065476190476,42.282916666666665,14.07365436513049,Good
2023-09-15,26.02916666666667,36.0,39.90416666666667,380.25,62.275,32.516666666666666,6.166666666666667,23.2875,25.9,21.4,89.125,21.316666666666663,3.8,3.8,1010.6333333333332,6.295833333333333,9.5,59.208333333333336,99.70833333333331,2406.0,2023,9,4,258,0,No Holiday,0,0,1,1,0,0,-1.0,-1.8369701987210297e-16,-0.433883739117558,-0.9009688679024191,-0.9626519747161487,-0.2707418984477642,22.90833333333333,19.758333333333333,41.5125,46.35416666666666,28.3,42.50833333333333,36.214880952380945,41.73027777777778,16.17948947370197,Good
2023-09-16,32.0375,47.5,46.09166666666667,459.0833333333333,56.075,32.954166666666666,26.0,23.425,26.9,21.6,89.91666666666667,21.5875,3.0000000000000004,3.0000000000000004,1010.125,5.5,9.2,135.41666666666666,46.375,3939.0,2023,9,5,259,1,No Holiday,0,0,0,1,0,0,-1.0,-1.8369701987210297e-16,-0.9749279121818236,-0.2225209339563146,-0.9671667297977312,-0.2541427094613622,26.02916666666667,22.90833333333333,19.758333333333333,47.3625,35.979166666666664,39.6047619047619,36.05267857142857,40.58,17.16786090583256,Good
2023-09-17,58.0875,103.4,83.9375,628.5,64.25,42.99166666666667,50.29166666666666,24.77083333333333,29.5,20.2,82.5,21.27083333333333,0.0,0.0,1009.425,4.204166666666667,7.2,172.04166666666666,30.0,5487.0,2023,9,6,260,1,No Holiday,0,0,0,1,0,0,-1.0,-1.8369701987210297e-16,-0.7818314824680299,0.6234898018587334,-0.97139528468375,-0.23746831555846842,32.0375,26.02916666666667,22.90833333333333,55.99583333333334,36.15833333333333,37.415476190476184,35.77113095238095,39.2325,16.989912876476673,Moderate
2023-09-18,52.72916666666666,77.8,76.28750000000001,627.7916666666666,57.69166666666666,29.025,72.04166666666667,27.27916666666667,32.0,23.0,77.70833333333333,22.745833333333334,0.0,0.0,1009.5958333333332,7.820833333333333,12.5,139.04166666666666,37.04166666666666,5441.0,2023,9,0,261,0,No Holiday,0,0,1,1,0,0,-1.0,-1.8369701987210297e-16,0.0,1.0,-0.9753363880767837,-0.2207236509605022,58.0875,32.0375,26.02916666666667,63.66666666666666,27.304166666666664,37.714285714285715,37.3375,38.95736111111111,17.38495865303476,Moderate
2023-09-19,53.05,73.6,77.1375,606.2083333333334,52.97916666666666,28.925,67.95833333333333,28.20833333333333,31.6,25.2,81.95833333333333,24.73333333333333,0.2,0.2,1008.0916666666668,8.554166666666667,12.6,154.45833333333334,96.70833333333331,2750.0,2023,9,1,262,0,No Holiday,0,0,1,1,0,0,-1.0,-1.8369701987210297e-16,0.7818314824680298,0.6234898018587336,-0.9789888737409319,-0.20391367068311472,52.72916666666666,58.0875,32.0375,41.5125,20.454166666666666,36.151785714285715,39.153571428571425,39.211527777777775,14.990282704544727,Moderate
2023-09-20,29.125,51.1,42.641666666666666,465.5,42.54583333333333,25.55,49.708333333333336,25.2875,28.2,22.8,81.0,21.7125,19.5,19.5,1008.7666666666668,15.133333333333333,22.0,140.20833333333334,91.83333333333331,2297.0,2023,9,2,263,0,No Holiday,0,0,1,1,0,0,-1.0,-1.8369701987210297e-16,0.9749279121818236,-0.22252093395631434,-0.9823516608469237,-0.18704334906991657,53.05,52.72916666666666,58.0875,19.758333333333333,24.25,37.800000000000004,41.48184523809524,39.62972222222222,16.258575016712793,Good
2023-09-21,26.3625,40.3,41.275,497.5416666666667,48.6625,28.92083333333333,18.625,20.841666666666665,23.2,19.0,79.29166666666667,17.058333333333334,10.2,10.2,1014.3375,9.366666666666667,17.8,91.95833333333331,100.0,1055.0,2023,9,3,264,0,No Holiday,0,0,1,1,0,0,-1.0,-1.8369701987210297e-16,0.43388373911755823,-0.900968867902419,-0.9854237542919524,-0.17011767832049052,29.125,53.05,52.72916666666666,22.90833333333333,37.00416666666667,39.13809523809523,41.83005952380953,39.44027777777777,14.850746144385369,Good
2023-09-22,30.95,40.9,48.47916666666666,464.1666666666667,57.39166666666667,32.22083333333333,6.625,20.529166666666665,22.0,19.4,84.625,17.783333333333335,2.7,2.7,1015.2875,7.625,12.2,90.79166666666669,100.0,1138.0,2023,9,4,265,0,No Holiday,0,0,1,1,0,0,-1.0,-1.8369701987210297e-16,-0.433883739117558,-0.9009688679024191,-0.9882042449941422,-0.15314166701312007,26.3625,29.125,53.05,26.02916666666667,46.35416666666666,39.631547619047616,41.069940476190474,38.632638888888884,14.267528177101834,Good
2023-09-23,18.89583333333333,25.0,29.58333333333333,278.2916666666667,56.09583333333333,21.55,18.95833333333333,19.616666666666667,20.9,18.8,80.58333333333333,16.079166666666666,8.7,8.7,1016.4458333333332,10.6875,20.9,73.04166666666667,99.91666666666669,1195.0,2023,9,5,266,1,No Holiday,0,0,0,1,0,0,-1.0,-1.8369701987210297e-16,-0.9749279121818236,-0.2225209339563146,-0.9906923101615609,-0.13612033862266704,30.95,26.3625,29.125,32.0375,47.3625,40.33452380952381,39.96964285714286,38.01888888888889,13.59080224835795,Good
2023-09-24,27.6125,47.4,41.88333333333333,406.75,53.62083333333334,30.9375,20.75,21.65,24.7,19.1,87.58333333333333,19.441666666666663,1.7,1.7,1013.6666666666666,8.424999999999999,14.2,78.41666666666667,99.95833333333331,2195.0,2023,9,6,267,1,No Holiday,0,0,0,1,0,0,-1.0,-1.8369701987210297e-16,-0.7818314824680299,0.6234898018587334,-0.9928872135356962,-0.11905873003404988,18.89583333333333,30.95,26.3625,58.0875,55.99583333333334,38.457142857142856,37.93630952380953,36.863749999999996,15.675694376323417,Good
2023-09-25,31.58333333333333,44.2,45.4375,698.625,46.92083333333333,34.829166666666666,24.541666666666668,22.995833333333334,26.7,20.6,87.20833333333333,20.6125,0.0,0.0,1013.1083333333332,7.012499999999999,10.7,291.3333333333333,72.0,3473.0,2023,9,0,268,0,No Holiday,0,0,1,1,0,0,-1.0,-1.8369701987210297e-16,0.0,1.0,-0.994788305609327,-0.10196189005174576,27.6125,18.89583333333333,30.95,52.72916666666666,63.66666666666666,34.10357142857142,35.90892857142857,35.90972222222222,13.378743295096456,Good
2023-09-26,44.92916666666667,61.7,64.52499999999999,636.7083333333334,57.325,38.8375,15.333333333333334,23.054166666666664,27.0,19.5,86.29166666666667,20.466666666666665,0.0,0.0,1013.725,5.7625,8.6,144.5,33.125,3874.0,2023,9,1,269,0,No Holiday,0,0,1,1,0,0,-1.0,-1.8369701987210297e-16,0.7818314824680298,0.6234898018587336,-0.9963950238187231,-0.08483487790576538,31.58333333333333,27.6125,18.89583333333333,53.05,41.5125,31.082738095238092,33.6172619047619,35.83222222222222,10.563343826849376,Moderate
2023-09-27,53.0625,64.5,76.075,692.4583333333334,56.99166666666667,40.575,28.916666666666668,24.34166666666667,28.2,20.9,82.45833333333333,21.0375,0.0,0.0,1012.85,6.816666666666666,11.3,118.25,51.708333333333336,4155.0,2023,9,2,270,0,No Holiday,0,0,1,1,0,0,-1.0,-1.8369701987210297e-16,0.9749279121818236,-0.22252093395631434,-0.9977068927101168,-0.06768276175455162,44.92916666666667,31.58333333333333,27.6125,29.125,19.758333333333333,29.922619047619044,33.86130952380952,36.38458333333333,7.844820499159004,Moderate
2023-09-28,59.92083333333333,72.4,86.02499999999999,578.625,58.6875,33.0125,42.66666666666666,23.754166666666663,27.5,21.0,82.125,20.383333333333333,0.0,0.0,1014.4541666666668,7.933333333333334,11.4,37.625,35.416666666666664,3978.0,2023,9,3,271,0,No Holiday,0,1,1,1,1,0,-1.0,-1.8369701987210297e-16,0.43388373911755823,-0.900968867902419,-0.9987235240803972,-0.050510617185222886,53.0625,44.92916666666667,31.58333333333333,26.3625,22.90833333333333,33.342261904761905,36.240178571428565,37.336527777777775,11.706176755859355,Moderate
2023-09-29,49.7875,61.0,72.93333333333334,827.0,62.97916666666666,34.983333333333334,38.91666666666666,24.195833333333336,27.8,21.5,87.95833333333333,22.0125,6.4,6.4,1012.7083333333334,7.979166666666667,12.4,199.58333333333331,58.91666666666666,3244.0,2023,9,4,272,0,Mid-Autumn and National Day,1,1,0,1,1,0,-1.0,-1.8369701987210297e-16,-0.433883739117558,-0.9009688679024191,-0.9994446170919858,-0.033323525711631344,59.92083333333333,53.0625,44.92916666666667,30.95,26.02916666666667,38.13630952380952,38.88392857142857,38.39347222222222,14.826949452248337,Moderate
2023-09-30,28.29583333333333,56.2,41.55416666666667,550.5416666666666,45.55833333333334,24.9375,47.083333333333336,21.625,25.0,19.3,83.29166666666667,18.5375,5.2,5.2,1012.9125,11.3375,15.2,228.75,85.66666666666667,2881.0,2023,9,5,273,1,Mid-Autumn and National Day,1,1,0,1,1,0,-1.0,-1.8369701987210297e-16,-0.9749279121818236,-0.2225209339563146,-0.9998699583618592,-0.016126573270657762,49.7875,59.92083333333333,53.0625,18.89583333333333,32.0375,40.82738095238095,40.58095238095238,38.31666666666667,15.01357561931825,Good
2023-10-01,38.125,64.0,60.21666666666667,374.0833333333333,50.5375,25.179166666666664,34.958333333333336,21.7375,25.5,18.8,73.79166666666667,16.5625,0.0,0.0,1015.4333333333334,11.316666666666668,15.8,62.583333333333336,73.375,5029.0,2023,10,6,274,1,Mid-Autumn and National Day,1,1,0,1,1,0,-0.8660254037844386,0.5000000000000001,-0.7818314824680299,0.6234898018587334,-0.9999994220246925,0.001075151282798226,28.29583333333333,49.7875,59.92083333333333,27.6125,58.0875,42.1702380952381,40.31369047619047,37.64888888888889,13.011973747802257,Moderate
2023-10-02,22.025,28.8,37.27916666666667,354.3333333333333,57.27916666666667,24.870833333333334,15.541666666666666,20.570833333333333,22.7,18.5,71.04166666666667,15.016666666666666,0.5,0.5,1016.0333333333332,11.108333333333334,15.5,78.66666666666667,98.41666666666669,2277.0,2023,10,0,275,0,Mid-Autumn and National Day,1,1,0,1,1,0,-0.8660254037844386,0.5000000000000001,0.0,1.0,-0.999832969770105,0.018276557681691223,38.125,28.29583333333333,49.7875,31.58333333333333,52.72916666666666,43.67202380952381,38.88779761904762,37.97638888888889,11.579561414817348,Good
2023-10-03,23.445833333333336,38.0,36.60833333333333,335.8333333333333,61.65833333333333,29.245833333333334,16.666666666666668,20.141666666666666,22.5,18.7,80.20833333333333,16.570833333333333,7.6,7.6,1014.1,10.079166666666667,13.0,69.66666666666667,90.95833333333331,2009.0,2023,10,1,276,0,Mid-Autumn and National Day,1,1,0,1,1,0,-0.8660254037844386,0.5000000000000001,0.7818314824680298,0.6234898018587336,-0.9993706508539969,0.03547255575312556,22.025,38.125,28.29583333333333,44.92916666666667,53.05,42.30654761904763,36.69464285714286,37.51125,13.625484585577203,Good
2023-10-04,28.995833333333334,39.7,44.975,330.625,51.375,25.84166666666667,39.0,21.5375,25.0,18.5,73.91666666666667,16.466666666666665,0.0,0.0,1015.4708333333332,10.6875,15.9,33.75,66.70833333333333,4816.0,2023,10,2,277,0,Mid-Autumn and National Day,1,1,0,1,1,0,-0.8660254037844386,0.5000000000000001,0.9749279121818236,-0.22252093395631434,-0.9986126020839734,0.052658056924614005,23.445833333333336,22.025,38.125,53.0625,29.125,39.237500000000004,34.580059523809524,37.0875,15.257992554905737,Good
2023-10-05,23.5375,42.5,38.05833333333333,341.4583333333333,31.541666666666668,17.354166666666668,50.125,20.883333333333333,23.6,17.0,63.04166666666666,13.420833333333334,0.0,0.0,1018.3875,17.529166666666665,24.2,47.958333333333336,39.458333333333336,4804.0,2023,10,3,278,0,Mid-Autumn and National Day,1,1,0,1,1,0,-0.8660254037844386,0.5000000000000001,0.43388373911755823,-0.900968867902419,-0.9975590477788613,0.06982797572987089,28.995833333333334,23.445833333333336,22.025,59.92083333333333,26.3625,35.79940476190477,34.57083333333333,37.14388888888889,14.305334901596295,Good
2023-10-06,16.837500000000002,22.3,28.704166666666666,333.2916666666667,43.47916666666666,20.27083333333333,22.375,19.079166666666666,23.1,16.2,68.04166666666667,12.929166666666667,0.0,0.0,1019.0708333333332,14.129166666666668,18.7,44.29166666666666,84.25,3709.0,2023,10,4,279,0,Mid-Autumn and National Day,1,1,0,1,1,0,-0.8660254037844386,0.5000000000000001,-0.433883739117558,-0.9009688679024191,-0.9962102997023297,0.0869772313136861,23.5375,28.995833333333334,23.445833333333336,49.7875,30.95,30.601785714285715,34.36904761904761,37.24666666666667,10.060317470100562,Good
2023-10-07,16.175,21.2,26.2625,348.1666666666667,45.87083333333334,18.65833333333333,22.25,16.529166666666665,17.6,15.7,87.25,14.3875,13.6,13.6,1019.8958333333334,14.625,18.8,44.41666666666666,100.0,576.0,2023,10,5,280,1,No Holiday,0,1,0,1,1,0,-0.8660254037844386,0.5000000000000001,-0.9749279121818236,-0.2225209339563146,-0.9945667569706337,0.1041007489354256,16.837500000000002,23.5375,28.995833333333334,28.29583333333333,18.89583333333333,25.89464285714286,33.3610119047619,36.999583333333334,6.7518330476969695,Good
2023-10-08,29.95,68.9,43.3625,425.5833333333333,52.1,29.84583333333333,27.625,17.516666666666666,21.2,14.0,78.91666666666667,13.579166666666666,0.0,0.0,1019.9666666666668,7.075,9.8,70.0,59.66666666666666,3630.0,2023,10,6,281,1,No Holiday,0,0,0,1,0,0,-0.8660254037844386,0.5000000000000001,-0.7818314824680299,0.6234898018587334,-0.9926289059345095,0.121193461470736,16.175,16.837500000000002,23.5375,38.125,27.6125,24.16309523809524,33.16666666666667,36.305277777777775,7.5414569601646235,Good
2023-10-09,50.73333333333333,76.4,73.54166666666667,684.2083333333334,63.30833333333334,41.725,22.916666666666668,18.204166666666666,23.4,14.1,77.29166666666667,13.904166666666669,0.0,0.0,1021.1458333333334,7.066666666666666,9.9,207.91666666666663,84.875,3381.0,2023,10,0,282,0,No Holiday,0,0,1,1,0,0,-0.8660254037844386,0.5000000000000001,0.0,1.0,-0.9903973200352558,0.1382503109109819,29.95,16.175,16.837500000000002,22.025,31.58333333333333,22.995238095238097,33.33363095238095,35.75847222222222,5.326782776562438,Moderate
2023-10-10,67.03333333333333,78.5,99.96666666666664,716.9583333333334,63.78333333333333,45.57916666666667,2.7916666666666665,17.587500000000002,19.9,15.6,85.375,15.05,0.0,0.0,1022.3166666666666,6.395833333333333,8.7,97.20833333333331,95.29166666666669,1455.0,2023,10,1,283,0,No Holiday,0,0,1,1,0,0,-0.8660254037844386,0.5000000000000001,0.7818314824680298,0.6234898018587336,-0.9878726596350429,0.15526624985999563,50.73333333333333,29.95,16.175,23.445833333333336,44.92916666666667,27.09642857142857,34.7014880952381,35.87083333333332,11.697363739423743,Moderate
2023-10-11,34.12083333333333,51.9,54.09583333333333,435.5833333333333,48.29583333333333,25.829166666666666,23.375,17.833333333333332,22.4,13.8,77.83333333333333,13.5625,0.0,0.0,1022.9625,8.233333333333333,11.2,41.41666666666666,34.666666666666664,3987.0,2023,10,2,284,0,No Holiday,0,0,1,1,0,0,-0.8660254037844386,0.5000000000000001,0.9749279121818236,-0.22252093395631434,-0.9850556718215013,0.172236243027682,67.03333333333333,50.73333333333333,29.95,28.995833333333334,53.0625,33.323214285714286,36.28035714285714,36.238749999999996,18.846703534756095,Good
2023-10-12,34.175000000000004,50.3,53.84166666666667,452.0833333333333,55.2875,24.8125,24.625,18.58333333333333,22.5,13.5,77.625,14.25,0.0,0.0,1022.275,8.070833333333333,12.1,51.333333333333336,39.375,4198.0,2023,10,3,285,0,No Holiday,0,0,1,1,0,0,-0.8660254037844386,0.5000000000000001,0.43388373911755823,-0.900968867902419,-0.981947190186646,0.18915526872004093,34.12083333333333,67.03333333333333,50.73333333333333,23.5375,59.92083333333333,34.05535714285714,34.92738095238095,35.25388888888889,18.749876190067518,Good
2023-10-13,38.71666666666667,79.2,61.07916666666667,562.6666666666666,58.6875,32.9375,23.08333333333333,18.808333333333334,22.5,14.8,73.5,13.629166666666668,0.0,0.0,1017.6333333333332,6.041666666666667,9.4,172.91666666666666,78.5,4114.0,2023,10,4,286,0,No Holiday,0,0,1,1,0,0,-0.8660254037844386,0.5000000000000001,-0.433883739117558,-0.9009688679024191,-0.9785481345802031,0.20601832032517084,34.175000000000004,34.12083333333333,67.03333333333333,16.837500000000002,49.7875,35.574999999999996,33.08839285714286,35.00930555555556,18.177692086272582,Moderate
2023-10-14,63.1,82.0,96.35416666666669,805.6666666666666,58.76666666666667,35.145833333333336,35.125,18.67083333333333,23.6,14.1,75.25,13.891666666666666,0.0,0.0,1013.7041666666668,8.720833333333333,12.7,241.45833333333331,46.75,4164.0,2023,10,5,287,1,No Holiday,0,0,0,1,0,0,-0.8660254037844386,0.5000000000000001,-0.9749279121818236,-0.2225209339563146,-0.9748595108374125,0.22282040779479959,38.71666666666667,34.175000000000004,34.12083333333333,16.175,28.29583333333333,38.70059523809523,32.29761904761905,35.64125,16.191364372959423,Moderate
2023-10-15,67.70416666666667,100.8,101.74166666666667,805.7083333333334,64.78333333333333,38.00833333333333,36.125,19.42083333333333,25.1,15.1,72.0,13.708333333333334,0.0,0.0,1013.7875,7.654166666666666,11.7,215.875,2.875,4648.0,2023,10,6,288,1,No Holiday,0,0,0,1,0,0,-0.8660254037844386,0.5000000000000001,-0.7818314824680299,0.6234898018587334,-0.9708824104813836,0.23955655912092708,63.1,38.71666666666667,34.175000000000004,29.95,38.125,45.40416666666666,34.78363095238095,36.98097222222222,14.97956999920604,Moderate
2023-10-16,71.87916666666666,95.5,111.21666666666664,803.125,65.75,46.04583333333333,23.916666666666668,18.8875,26.0,13.4,72.0,13.104166666666666,0.0,0.0,1017.7375,6.620833333333334,9.4,133.375,0.0,4749.0,2023,10,0,289,0,No Holiday,0,0,1,1,0,0,-0.8660254037844386,0.5000000000000001,0.0,1.0,-0.9666180104000972,0.2562218218071163,67.70416666666667,63.1,38.71666666666667,50.73333333333333,22.025,50.79761904761905,36.896428571428565,38.37013888888888,15.281571345394866,Moderate
2023-10-17,73.96249999999999,115.3,118.4125,1104.0,62.65416666666667,43.6875,36.208333333333336,19.1125,25.8,12.6,67.625,12.429166666666667,0.0,0.0,1018.6875,9.904166666666669,14.3,135.95833333333334,0.0,4722.0,2023,10,1,290,0,No Holiday,0,0,1,1,0,0,-0.8660254037844386,0.5000000000000001,0.7818314824680298,0.6234898018587336,-0.9620675724981452,0.27281126433401914,71.87916666666666,67.70416666666667,63.1,67.03333333333333,23.445833333333336,53.81845238095237,40.45744047619048,39.69819444444444,17.232275995318712,Moderate
2023-10-18,65.95,92.9,104.27083333333331,786.375,64.16250000000001,33.35,52.91666666666666,20.15833333333333,26.1,15.2,72.20833333333333,14.675,0.0,0.0,1016.175,8.833333333333334,14.3,163.875,5.875,4498.0,2023,10,2,291,0,No Holiday,0,0,1,1,0,0,-0.8660254037844386,0.5000000000000001,0.9749279121818236,-0.22252093395631434,-0.957232443323312,0.28931997761869527,73.96249999999999,71.87916666666666,67.70416666666667,34.12083333333333,28.995833333333334,54.80833333333334,44.06577380952381,40.22736111111111,18.284777556147056,Moderate
2023-10-19,72.47083333333333,122.5,109.1125,723.0,56.975,41.49583333333333,50.875,19.65833333333333,26.0,14.4,80.20833333333333,15.858333333333334,3.3,3.3,1015.9166666666666,9.354166666666666,24.8,265.5833333333333,31.875,4332.0,2023,10,3,292,0,No Holiday,0,0,1,1,0,0,-0.8660254037844386,0.5000000000000001,0.43388373911755823,-0.900968867902419,-0.9521140536681102,0.3057430764672831,65.95,73.96249999999999,71.87916666666666,34.175000000000004,23.5375,59.355357142857144,46.705357142857146,40.66805555555556,16.111251983511128,Moderate
2023-10-20,24.98333333333333,38.8,38.21666666666667,406.3333333333333,33.56666666666667,24.70833333333333,29.791666666666668,15.5,19.9,11.4,62.375,7.479166666666667,0.7,0.7,1023.1208333333334,14.425,21.6,303.375,29.166666666666668,4602.0,2023,10,4,293,0,No Holiday,0,0,1,1,0,0,-0.8660254037844386,0.5000000000000001,-0.433883739117558,-0.9009688679024191,-0.9467139181463862,0.3220757010206104,72.47083333333333,65.95,73.96249999999999,38.71666666666667,16.837500000000002,64.82619047619048,50.20059523809524,41.315416666666664,12.1510620330795,Good
2023-10-21,43.5375,90.8,63.3125,708.5833333333334,47.4875,46.8125,10.791666666666666,14.441666666666668,19.5,9.6,63.083333333333336,6.641666666666667,0.0,0.0,1024.2791666666667,5.229166666666667,10.8,233.875,0.0,4661.0,2023,10,5,294,1,No Holiday,0,0,0,1,0,0,-0.8660254037844386,0.5000000000000001,-0.9749279121818236,-0.2225209339563146,-0.9410336347451197,0.3383130181923076,24.98333333333333,72.47083333333333,65.95,63.1,16.175,62.86428571428571,50.78244047619047,41.177361111111104,17.1497929573169,Moderate
2023-10-22,54.78333333333333,105.0,79.40833333333333,897.375,51.14166666666667,46.6,14.625,15.341666666666669,21.4,9.6,70.70833333333333,9.679166666666667,0.0,0.0,1021.6791666666668,6.3125,10.2,159.33333333333334,20.125,4338.0,2023,10,6,295,1,No Holiday,0,0,0,1,0,0,-0.8660254037844386,0.5000000000000001,-0.7818314824680299,0.6234898018587334,-0.9350748843515574,0.3544502230989869,43.5375,24.98333333333333,72.47083333333333,67.70416666666667,29.95,60.06964285714286,52.73690476190476,41.74986111111111,18.63460613483058,Moderate
2023-10-23,74.02499999999999,109.9,107.24583333333334,1067.5833333333333,61.89166666666667,48.25,28.95833333333333,17.029166666666665,23.0,11.8,73.54166666666667,11.670833333333334,0.0,0.0,1019.475,5.625,10.1,134.0,0.0,4464.0,2023,10,0,296,0,No Holiday,0,0,1,1,0,0,-0.8660254037844386,0.5000000000000001,0.0,1.0,-0.9288394302558068,0.3704825404820963,54.78333333333333,43.5375,24.98333333333333,71.87916666666666,50.73333333333333,58.223809523809514,54.510714285714286,42.544305555555546,18.39067102511405,Moderate
2023-10-24,80.16666666666667,138.3,116.66666666666669,1078.125,72.075,54.1,25.041666666666668,18.258333333333333,24.7,13.2,77.33333333333333,13.904166666666669,0.0,0.0,1016.8666666666668,6.866666666666667,10.3,173.45833333333334,24.20833333333333,4255.0,2023,10,1,297,0,No Holiday,0,0,1,1,0,0,-0.8660254037844386,0.5000000000000001,0.7818314824680298,0.6234898018587336,-0.9223291176290545,0.3864052261209853,74.02499999999999,54.78333333333333,43.5375,73.96249999999999,67.03333333333333,58.53035714285714,56.17440476190476,44.38194444444444,18.671956361481794,Unhealthy for Sensitive Groups
2023-10-25,102.18333333333334,153.7,147.58333333333334,1346.0833333333333,77.87083333333334,62.57916666666667,26.20833333333333,19.529166666666665,24.7,15.2,75.75,14.904166666666669,0.0,0.0,1016.1208333333334,5.145833333333333,9.4,182.08333333333331,86.66666666666667,3022.0,2023,10,2,298,0,No Holiday,0,0,1,1,0,0,-0.8660254037844386,0.5000000000000001,0.9749279121818236,-0.22252093395631434,-0.9155458729775467,0.40221356823680365,80.16666666666667,74.02499999999999,54.78333333333333,65.95,34.12083333333333,59.416666666666664,57.112500000000004,46.13375,19.648289878228333,Unhealthy for Sensitive Groups
2023-10-26,116.79166666666669,165.3,170.0,1552.5,72.81666666666666,78.86666666666666,14.125,20.525,25.6,15.8,70.45833333333333,14.554166666666667,0.0,0.0,1015.6625,3.6291666666666655,6.5,189.79166666666663,57.75,4211.0,2023,10,3,299,0,No Holiday,0,0,1,1,0,0,-0.8660254037844386,0.5000000000000001,0.43388373911755823,-0.900968867902419,-0.9084917035725082,0.41790288888678667,102.18333333333334,80.16666666666667,74.02499999999999,72.47083333333333,34.175000000000004,64.59285714285714,61.974107142857136,48.48708333333333,25.544355114343215,Unhealthy
2023-10-27,58.13333333333333,121.5,93.06666666666666,703.7083333333334,51.42916666666667,34.112500000000004,16.791666666666668,19.22083333333333,23.5,16.6,74.75,14.295833333333334,0.0,0.0,1017.3791666666666,11.416666666666666,16.9,66.20833333333333,97.95833333333331,3421.0,2023,10,4,300,0,No Holiday,0,0,1,1,0,0,-0.8660254037844386,0.5000000000000001,-0.433883739117558,-0.9009688679024191,-0.9011686968561569,0.4334685453485363,116.79166666666669,102.18333333333334,80.16666666666667,24.98333333333333,38.71666666666667,70.92440476190477,67.87529761904763,50.8825,32.39629147841204,Moderate
2023-10-28,28.25,39.0,45.145833333333336,1068.1666666666667,54.7,46.9,10.791666666666666,18.370833333333334,23.4,15.4,61.375,10.545833333333333,0.0,0.0,1017.375,9.775,12.0,118.625,66.66666666666667,2807.0,2023,10,5,301,1,No Holiday,0,0,0,1,0,0,-0.8660254037844386,0.5000000000000001,-0.9749279121818236,-0.2225209339563146,-0.8935790198239952,0.4489059314938798,58.13333333333333,116.79166666666669,102.18333333333334,43.5375,63.1,75.66011904761906,69.26220238095239,51.05152777777778,26.435956401082716,Good
2023-10-29,39.775,56.8,61.94583333333333,1273.0,53.93333333333334,48.50416666666666,14.541666666666666,18.0125,24.1,13.6,74.33333333333333,13.075,0.0,0.0,1017.8,8.691666666666666,10.2,118.16666666666669,6.666666666666667,4107.0,2023,10,6,302,1,No Holiday,0,0,0,1,0,0,-0.8660254037844386,0.5000000000000001,-0.7818314824680299,0.6234898018587334,-0.8857249183835637,0.4642104791518923,28.25,58.13333333333333,116.79166666666669,54.78333333333333,67.70416666666667,73.47619047619048,66.77291666666666,49.99583333333333,29.932225306055788,Moderate
2023-10-30,52.45,109.0,82.09583333333333,850.4166666666666,59.55833333333334,38.50416666666667,22.416666666666668,18.6375,24.8,12.9,78.5,14.45,0.0,0.0,1018.8958333333334,6.358333333333333,9.5,147.83333333333334,0.0,4103.0,2023,10,0,303,0,No Holiday,0,0,1,1,0,0,-0.8660254037844386,0.5000000000000001,0.0,1.0,-0.8776087166898392,0.4793776594606945,39.775,28.25,58.13333333333333,74.02499999999999,71.87916666666666,71.33214285714287,64.7779761904762,49.662083333333335,31.962992717190193,Moderate
2023-10-31,50.6625,73.3,78.57083333333334,578.5,53.91666666666666,31.58333333333333,42.625,19.5875,26.6,14.1,73.54166666666667,14.25,0.0,0.0,1019.4,8.6875,12.2,179.5,8.125,4102.0,2023,10,1,304,0,No Holiday,0,0,1,1,0,0,-0.8660254037844386,0.5000000000000001,0.7818314824680298,0.6234898018587336,-0.8692328164574792,0.49440298420761813,52.45,39.775,28.25,80.16666666666667,73.96249999999999,68.25000000000001,63.39017857142858,50.46722222222222,32.69195626801232,Moderate
2023-11-01,39.59583333333333,57.7,59.825,503.0,51.21666666666667,28.179166666666664,49.208333333333336,20.479166666666668,27.6,15.6,61.875,12.5,0.0,0.0,1017.0791666666668,10.425,13.6,179.25,23.95833333333333,4089.0,2023,11,2,305,0,No Holiday,0,0,1,1,0,1,-0.5000000000000004,0.8660254037844384,0.9749279121818236,-0.22252093395631434,-0.8605996962501181,0.5092820071573356,50.6625,52.45,39.775,102.18333333333334,65.95,64.03511904761906,61.72589285714286,50.885138888888896,32.801272052274975,Moderate
2023-11-02,34.8125,47.7,50.41666666666666,464.5833333333333,48.225,25.9,38.25,20.08333333333333,26.9,14.5,62.29166666666666,12.354166666666666,0.0,0.0,1013.4083333333332,10.475,16.0,182.58333333333331,3.125,4047.0,2023,11,3,306,0,No Holiday,0,0,1,1,0,1,-0.5000000000000004,0.8660254037844384,0.43388373911755823,-0.900968867902419,-0.8517119107469189,0.5240103253675756,39.59583333333333,50.6625,52.45,116.79166666666669,72.47083333333333,55.09404761904762,59.843452380952385,51.47083333333333,28.9768120356149,Good
2023-11-03,56.20416666666667,107.8,81.0,857.4583333333334,77.28333333333333,50.19166666666666,26.95833333333333,20.804166666666667,26.8,16.1,73.0,15.4875,0.0,0.0,1012.4,6.770833333333333,11.5,144.125,60.125,3654.0,2023,11,4,307,0,No Holiday,0,0,1,1,0,1,-0.5000000000000004,0.8660254037844384,-0.433883739117558,-0.9009688679024191,-0.8425720899866032,0.5385835804920232,34.8125,39.59583333333333,50.6625,58.13333333333333,24.98333333333333,43.382738095238096,57.15357142857143,51.849722222222226,10.666109856498878,Moderate
2023-11-04,48.45416666666667,65.0,70.92083333333333,1284.5833333333333,62.7625,58.32916666666667,5.416666666666667,19.654166666666665,23.1,16.9,89.625,17.825,0.8,0.8,1014.1875,11.0375,17.6,60.75,70.58333333333333,1527.0,2023,11,5,308,1,No Holiday,0,0,0,1,0,1,-0.5000000000000004,0.8660254037844384,-0.9749279121818236,-0.2225209339563146,-0.8331829385891785,0.5529974600700271,56.20416666666667,34.8125,39.59583333333333,28.25,43.5375,43.107142857142854,59.383630952380955,52.75666666666667,10.237778880309904,Moderate
2023-11-05,31.854166666666668,55.9,46.15833333333333,824.7083333333334,43.30833333333334,35.983333333333334,27.125,19.754166666666663,26.9,14.9,88.54166666666667,17.683333333333334,17.8,17.8,1010.4208333333332,13.425,25.6,197.58333333333331,83.0,2238.0,2023,11,6,309,1,No Holiday,0,0,0,1,0,1,-0.5000000000000004,0.8660254037844384,-0.7818314824680299,0.6234898018587334,-0.8235472349556007,0.5672476988027229,48.45416666666667,56.20416666666667,34.8125,39.775,54.78333333333333,45.99345238095238,59.73482142857143,53.58722222222222,7.941590830181568,Good
2023-11-06,20.0,34.5,29.96666666666667,555.875,32.88333333333333,27.454166666666666,23.791666666666668,13.2625,16.0,9.4,58.16666666666666,4.629166666666666,0.0,0.0,1019.4291666666668,16.8,23.0,280.7916666666667,21.95833333333333,4027.0,2023,11,0,310,0,No Holiday,0,0,1,1,0,1,-0.5000000000000004,0.8660254037844384,0.0,1.0,-0.8136678304455991,0.5813300798152042,31.854166666666668,48.45416666666667,56.20416666666667,52.45,74.02499999999999,44.86190476190477,58.09702380952382,54.08777777777778,9.404791685456319,Good
2023-11-07,34.666666666666664,61.2,49.54166666666666,653.0,43.333333333333336,41.079166666666666,15.541666666666666,12.225,17.8,7.2,61.0,4.445833333333334,0.0,0.0,1021.3041666666668,8.554166666666667,13.8,116.29166666666669,0.0,4026.0,2023,11,1,311,0,No Holiday,0,0,1,1,0,1,-0.5000000000000004,0.8660254037844384,0.7818314824680298,0.6234898018587336,-0.8035476485339116,0.5952404359043674,20.0,31.854166666666668,48.45416666666667,50.6625,80.16666666666667,40.22619047619048,54.23809523809525,54.215277777777786,12.522026129698842,Good
2023-11-08,42.11666666666667,82.9,60.2375,1123.7916666666667,54.583333333333336,52.325,12.25,15.016666666666666,21.5,9.0,73.25,10.029166666666669,0.0,0.0,1016.0458333333332,9.541666666666666,14.4,169.20833333333334,33.916666666666664,3626.0,2023,11,2,312,0,No Holiday,0,0,1,1,0,1,-0.5000000000000004,0.8660254037844384,0.9749279121818236,-0.22252093395631434,-0.7931896839451843,0.6089746507720486,34.666666666666664,20.0,31.854166666666668,39.59583333333333,102.18333333333334,37.94107142857143,50.98809523809524,54.372499999999995,11.73489238295016,Moderate
2023-11-09,58.60416666666666,80.1,84.44583333333334,917.25,55.1,53.75,2.25,15.004166666666668,17.4,11.8,90.375,13.4375,4.3,4.3,1017.4041666666668,9.366666666666667,19.2,82.45833333333333,85.5,1074.0,2023,11,3,313,0,No Holiday,0,0,1,1,0,1,-0.5000000000000004,0.8660254037844384,0.43388373911755823,-0.900968867902419,-0.7825970017677834,0.6225286602431057,42.11666666666667,34.666666666666664,20.0,34.8125,116.79166666666669,38.30119047619048,46.69761904761906,54.08527777777778,11.83241137700649,Moderate
2023-11-10,16.283333333333335,38.5,27.79583333333333,333.9166666666667,27.27083333333333,15.229166666666666,36.91666666666666,12.3625,14.5,11.1,69.58333333333333,6.754166666666666,1.4,1.4,1026.1666666666667,20.529166666666665,24.8,46.16666666666666,100.0,1209.0,2023,11,4,314,0,No Holiday,0,0,1,1,0,1,-0.5000000000000004,0.8660254037844384,-0.433883739117558,-0.9009688679024191,-0.7717727365467836,0.6358984534680745,58.60416666666666,42.11666666666667,34.666666666666664,56.20416666666667,58.13333333333333,41.7,42.54136904761905,53.80430555555555,13.899713975874265,Good
2023-11-11,17.154166666666665,23.4,28.2625,291.7083333333333,36.15,19.495833333333334,22.916666666666668,10.691666666666668,12.2,8.8,74.16666666666667,6.183333333333334,6.2,6.2,1028.6166666666666,15.604166666666666,21.3,36.458333333333336,73.70833333333333,1137.0,2023,11,5,315,1,No Holiday,0,0,0,1,0,1,-0.5000000000000004,0.8660254037844384,-0.9749279121818236,-0.2225209339563146,-0.7607200913564104,0.6490800741100398,16.283333333333335,58.60416666666666,42.11666666666667,48.45416666666667,28.25,35.99702380952381,39.55208333333333,53.20972222222222,15.09514725230552,Good
2023-11-12,27.166666666666668,36.7,40.94166666666667,417.7916666666667,38.05416666666667,26.98333333333333,18.166666666666668,8.0,11.1,5.3,70.125,2.5,0.9,0.9,1032.1875,14.866666666666667,18.8,292.4583333333333,69.95833333333333,3306.0,2023,11,6,316,1,No Holiday,0,0,0,1,0,1,-0.5000000000000004,0.8660254037844384,-0.7818314824680299,0.6234898018587334,-0.7494423368521954,0.6620696215153815,17.154166666666665,16.283333333333335,58.60416666666666,31.854166666666668,39.775,31.525595238095235,38.759523809523806,52.64236111111111,15.422375337313566,Good
2023-11-13,31.025,49.5,44.975,502.0833333333333,42.99166666666667,33.36666666666667,19.33333333333333,6.0625,9.8,1.6,54.958333333333336,-2.4916666666666667,0.0,0.0,1032.875,8.3125,16.8,142.16666666666666,46.66666666666666,3600.0,2023,11,0,317,0,No Holiday,0,0,1,1,0,1,-0.5000000000000004,0.8660254037844384,0.0,1.0,-0.7379428103031386,0.6748632518680403,27.166666666666668,17.154166666666665,16.283333333333335,20.0,52.45,30.85595238095238,37.85892857142857,52.25736111111111,15.507263429783222,Good
2023-11-14,65.32083333333334,132.2,94.1375,1179.0,50.94166666666666,69.25,8.625,8.016666666666667,11.6,4.8,63.66666666666666,1.125,0.0,0.0,1027.8458333333333,3.75,7.6,201.04166666666663,0.0,3711.0,2023,11,1,318,0,No Holiday,0,0,1,1,0,1,-0.5000000000000004,0.8660254037844384,0.7818314824680298,0.6234898018587336,-0.7262249146041543,0.6874571793269664,31.025,27.166666666666668,17.154166666666665,34.666666666666664,50.6625,32.43095238095238,36.32857142857143,51.18819444444445,14.762925491944065,Moderate
2023-11-15,81.36666666666666,121.1,118.6,1148.2083333333333,53.4375,71.90416666666667,6.75,9.025,14.4,3.5,70.54166666666667,3.470833333333333,0.2,0.2,1026.5166666666669,6.454166666666667,8.7,97.08333333333331,57.625,3353.0,2023,11,2,319,0,No Holiday,0,0,1,1,0,1,-0.5000000000000004,0.8660254037844384,0.9749279121818236,-0.22252093395631434,-0.7142921172691032,0.699847677146407,65.32083333333334,31.025,27.166666666666668,42.11666666666667,39.59583333333333,36.81011904761905,37.37559523809524,51.10875,19.36564810998022,Unhealthy for Sensitive Groups
2023-11-16,42.6375,68.5,67.84583333333333,649.6666666666666,39.391666666666666,34.266666666666666,20.625,9.958333333333334,14.1,6.2,64.25,2.7125,3.3000000000000003,3.3000000000000003,1026.5,15.029166666666669,25.7,288.75,39.0,3293.0,2023,11,3,320,0,No Holiday,0,0,1,1,0,1,-0.5000000000000004,0.8660254037844384,0.43388373911755823,-0.900968867902419,-0.7021479494046978,0.7120310787787131,81.36666666666666,65.32083333333334,31.025,58.60416666666666,34.8125,42.41726190476191,40.35922619047619,51.425,25.778596067506143,Moderate
2023-11-17,29.42083333333333,45.9,48.04166666666666,540.375,39.75833333333333,28.90833333333333,16.583333333333332,8.504166666666666,14.4,5.1,51.833333333333336,-1.4583333333333333,0.0,0.0,1024.7875,13.854166666666666,20.9,288.625,0.0,3691.0,2023,11,4,321,0,No Holiday,0,0,1,1,0,1,-0.5000000000000004,0.8660254037844384,-0.433883739117558,-0.9009688679024191,-0.6897960046655887,0.7240037789593305,42.6375,81.36666666666666,65.32083333333334,16.283333333333335,56.20416666666667,40.13630952380952,40.91815476190476,50.380833333333335,24.79525997702072,Good
2023-11-18,37.18333333333333,76.4,56.2875,748.0416666666666,49.21666666666667,47.20416666666667,10.666666666666666,7.779166666666666,13.8,2.2,51.833333333333336,-2.1416666666666666,0.0,0.0,1025.7541666666666,7.016666666666667,10.2,212.70833333333331,44.54166666666666,3681.0,2023,11,5,322,1,No Holiday,0,0,0,1,0,1,-0.5000000000000004,0.8660254037844384,-0.9749279121818236,-0.2225209339563146,-0.6772399381909491,0.7357622347736527,29.42083333333333,42.6375,81.36666666666666,17.154166666666665,48.45416666666667,42.01309523809523,39.00505952380952,49.16319444444444,23.130175775712274,Moderate
2023-11-19,45.40416666666667,106.9,66.14166666666667,852.7916666666666,51.3625,51.3625,15.875,10.733333333333334,19.0,5.2,63.458333333333336,3.725,0.0,0.0,1020.0708333333332,10.679166666666667,15.7,215.66666666666663,0.5416666666666666,3632.0,2023,11,6,323,1,No Holiday,0,0,0,1,0,1,-0.5000000000000004,0.8660254037844384,-0.7818314824680299,0.6234898018587334,-0.6644834655228552,0.7473029667054296,37.18333333333333,29.42083333333333,42.6375,27.166666666666668,31.854166666666668,44.87440476190476,38.199999999999996,47.98694444444445,20.648167043315972,Moderate
2023-11-20,73.0,108.3,104.60833333333332,1238.625,56.15,67.1875,15.083333333333334,11.8625,20.0,5.3,72.20833333333333,6.533333333333334,0.0,0.0,1021.1291666666666,8.154166666666667,11.6,104.125,0.0,3542.0,2023,11,0,324,0,No Holiday,0,0,1,1,0,1,-0.5000000000000004,0.8660254037844384,0.0,1.0,-0.6515303615068021,0.75862255966641,45.40416666666667,37.18333333333333,29.42083333333333,31.025,20.0,47.47976190476191,39.167857142857144,48.66763888888889,19.136711106428447,Moderate
2023-11-21,58.90833333333333,87.3,84.67083333333333,1257.0833333333333,66.39166666666667,57.07083333333333,13.708333333333334,12.941666666666668,21.0,7.2,70.45833333333333,7.341666666666666,0.0,0.0,1017.1583333333332,8.604166666666666,10.7,156.08333333333334,0.0,3552.0,2023,11,1,325,0,No Holiday,0,0,1,1,0,1,-0.5000000000000004,0.8660254037844384,0.7818314824680298,0.6234898018587336,-0.6383844591746642,0.7697176640069211,73.0,45.40416666666667,37.18333333333333,65.32083333333334,34.666666666666664,53.47619047619048,42.95357142857143,49.64972222222222,19.689699276673117,Moderate
2023-11-22,54.6,73.8,78.06666666666666,868.375,60.55833333333334,50.23333333333333,16.041666666666668,14.733333333333334,21.5,8.7,75.58333333333333,10.145833333333334,0.0,0.0,1013.7916666666666,10.295833333333333,16.1,211.91666666666663,59.5,2846.0,2023,11,2,326,0,No Holiday,0,0,1,1,0,1,-0.5000000000000004,0.8660254037844384,0.9749279121818236,-0.22252093395631434,-0.6250496486104377,0.7805849965070866,58.90833333333333,73.0,45.40416666666667,81.36666666666666,42.11666666666667,52.56011904761905,44.68511904761905,49.787222222222226,19.189597221786425,Moderate
2023-11-23,65.12916666666668,149.9,97.27916666666664,892.2083333333334,46.61666666666667,44.50416666666666,21.5,11.720833333333331,17.7,5.9,60.083333333333336,2.7125,0.0,0.0,1020.4791666666666,13.1,26.6,330.1666666666667,10.791666666666666,3462.0,2023,11,3,327,0,No Holiday,0,0,1,1,0,1,-0.5000000000000004,0.8660254037844384,0.43388373911755823,-0.900968867902419,-0.6115298757991053,0.7912213413483807,54.6,58.90833333333333,73.0,42.6375,58.60416666666666,48.73630952380953,45.57678571428572,49.13972222222222,14.614132103647465,Moderate
2023-11-24,21.0375,39.6,30.525,371.4166666666667,39.24166666666667,28.175,15.583333333333334,5.875,9.9,2.4,47.625,-4.695833333333334,0.0,0.0,1030.5375,11.75,14.3,50.0,0.0,3467.0,2023,11,4,328,0,No Holiday,0,0,1,1,0,1,-0.5000000000000004,0.8660254037844384,-0.433883739117558,-0.9009688679024191,-0.5978291414589552,0.801623551065242,65.12916666666668,54.6,58.90833333333333,29.42083333333333,16.283333333333335,51.94940476190476,46.04285714285714,48.63847222222223,15.49569598034712,Good
2023-11-25,22.73333333333333,34.1,34.95,614.375,50.075,33.704166666666666,15.416666666666666,8.779166666666667,14.4,3.8,67.5,2.9166666666666665,0.0,0.0,1027.8583333333331,15.125,22.4,99.20833333333331,1.7083333333333333,3225.0,2023,11,5,329,1,No Holiday,0,0,0,1,0,1,-0.5000000000000004,0.8660254037844384,-0.9749279121818236,-0.2225209339563146,-0.5839514998576998,0.8117885474764613,21.0375,65.12916666666668,54.6,37.18333333333333,17.154166666666665,50.751785714285724,46.382440476190474,45.93361111111111,17.694956198525244,Good
2023-11-26,45.5125,65.4,66.95416666666667,1461.4583333333333,57.5125,63.99583333333334,3.375,9.745833333333334,13.8,6.6,81.45833333333333,6.608333333333333,0.4,0.4,1021.8291666666668,7.7,13.3,225.95833333333331,72.08333333333333,1494.0,2023,11,6,330,1,No Holiday,0,0,0,1,0,1,-0.5000000000000004,0.8660254037844384,-0.7818314824680299,0.6234898018587334,-0.5699010576127624,0.8217133225960589,22.73333333333333,21.0375,65.12916666666668,45.40416666666667,27.166666666666668,48.6875,46.78095238095238,42.79833333333333,20.206313759336293,Moderate
2023-11-27,54.04583333333333,71.0,78.7625,1033.7083333333333,51.36666666666667,52.35,15.0,10.0,16.9,4.8,76.83333333333333,5.754166666666666,0.0,0.0,1019.2208333333332,11.070833333333333,18.3,251.125,0.0,3330.0,2023,11,0,331,0,No Holiday,0,0,1,1,0,1,-0.5000000000000004,0.8660254037844384,0.0,1.0,-0.5556819724760489,0.8313949395234058,45.5125,22.73333333333333,21.0375,73.0,31.025,48.70297619047619,48.09136904761905,42.37763888888889,20.20342118338451,Moderate
2023-11-28,60.19583333333333,106.4,95.58333333333331,797.4583333333334,49.01666666666667,46.18333333333334,17.333333333333332,10.383333333333333,15.4,4.9,60.91666666666666,2.583333333333333,0.0,0.0,1021.9583333333334,10.45,15.8,140.66666666666666,17.083333333333332,3372.0,2023,11,1,332,0,No Holiday,0,0,1,1,0,1,-0.5000000000000004,0.8660254037844384,0.7818314824680298,0.6234898018587336,-0.5412984521036173,0.8408305333122887,54.04583333333333,45.5125,22.73333333333333,58.90833333333333,65.32083333333334,45.99523809523809,49.73571428571429,43.2375,17.492604162812015,Moderate
2023-11-29,64.9875,145.8,102.37083333333334,1485.375,61.59583333333333,63.18333333333334,11.291666666666666,10.475,15.6,6.3,65.375,4.1375,0.0,0.0,1022.7916666666666,14.875,27.4,127.375,92.625,3017.0,2023,11,2,333,0,No Holiday,0,0,1,1,0,1,-0.5000000000000004,0.8660254037844384,0.9749279121818236,-0.22252093395631434,-0.5267547528105542,0.8500173118187018,60.19583333333333,54.04583333333333,45.5125,54.6,81.36666666666666,46.17916666666667,49.369642857142864,43.918194444444445,17.657006498051274,Moderate
2023-11-30,23.6,40.0,34.2125,413.2083333333333,35.354166666666664,27.90833333333333,28.58333333333333,4.241666666666666,6.7,0.8,44.91666666666666,-7.0125,0.0,0.0,1032.6083333333331,13.8375,18.9,150.91666666666666,87.66666666666667,2460.0,2023,11,3,334,0,No Holiday,0,0,1,1,0,1,-0.5000000000000004,0.8660254037844384,0.43388373911755823,-0.900968867902419,-0.5120551783114646,0.8589525565270845,64.9875,60.19583333333333,54.04583333333333,65.12916666666668,42.6375,47.66309523809524,48.19970238095238,44.336111111111116,18.877005110043427,Good
2023-12-01,59.87916666666666,136.9,85.84166666666665,1008.875,49.95,65.19583333333334,12.291666666666666,3.4166666666666665,7.9,-1.6,49.54166666666666,-6.833333333333333,0.0,0.0,1031.05,5.6125,8.8,262.4166666666667,46.208333333333336,3411.0,2023,12,4,335,0,No Holiday,0,0,1,1,0,1,-2.4492935982947064e-16,1.0,-0.433883739117558,-0.9009688679024191,-0.4972040784469378,0.8676336233547726,23.6,64.9875,60.19583333333333,21.0375,29.42083333333333,41.730357142857144,46.83988095238095,43.43402777777778,18.998399773360276,Moderate
2023-12-02,75.8125,175.6,108.5125,1222.25,48.875,72.27083333333333,16.041666666666668,4.7375,10.9,-0.9,54.04166666666666,-4.466666666666667,0.0,0.0,1027.15,7.445833333333333,10.0,173.08333333333334,26.45833333333333,3355.0,2023,12,5,336,1,No Holiday,0,0,0,1,0,1,-2.4492935982947064e-16,1.0,-0.9749279121818236,-0.2225209339563146,-0.4822058478963526,0.8760579434344281,59.87916666666666,23.6,64.9875,22.73333333333333,37.18333333333333,47.27916666666666,49.015476190476186,44.11013888888888,17.565568138485595,Unhealthy for Sensitive Groups
2023-12-03,94.5625,151.8,135.47083333333333,1451.75,61.35,92.25416666666666,9.083333333333334,6.2375,12.0,2.8,61.375,-1.3,0.0,0.0,1026.1541666666667,5.175,8.3,87.83333333333333,34.791666666666664,3294.0,2023,12,6,337,1,No Holiday,0,0,0,1,0,1,-2.4492935982947064e-16,1.0,-0.7818314824680299,0.6234898018587334,-0.46706492487743034,0.8842230238742036,75.8125,59.87916666666666,23.6,45.5125,45.40416666666667,54.86190476190476,51.77470238095238,45.47680555555555,16.63561872460807,Unhealthy for Sensitive Groups
2023-12-04,78.25833333333334,116.9,112.10833333333332,1790.5416666666667,52.06666666666666,94.4125,3.5416666666666665,6.841666666666666,13.8,0.9,64.83333333333333,0.2749999999999999,0.0,0.0,1019.1875,7.845833333333334,10.8,179.04166666666666,68.91666666666667,2389.0,2023,12,0,338,0,No Holiday,0,0,1,1,0,1,-2.4492935982947064e-16,1.0,0.0,1.0,-0.451785789832884,0.8921264484954345,94.5625,75.8125,59.87916666666666,54.04583333333333,73.0,61.869047619047606,55.2860119047619,46.75541666666666,21.62363058406807,Unhealthy for Sensitive Groups
2023-12-05,71.58333333333333,98.7,102.96666666666664,1631.625,60.0875,86.01666666666667,7.958333333333333,9.458333333333334,17.0,3.2,72.125,4.3,0.0,0.0,1016.0041666666666,9.15,13.8,214.79166666666663,37.79166666666666,3228.0,2023,12,1,339,0,No Holiday,0,0,1,1,0,1,-2.4492935982947064e-16,1.0,0.7818314824680298,0.6234898018587336,-0.4363729641045924,0.8997658785476209,78.25833333333334,94.5625,75.8125,60.19583333333333,58.90833333333333,65.32797619047619,55.661607142857136,47.74888888888889,22.095041277196234,Moderate
2023-12-06,50.85833333333333,85.2,78.59583333333333,930.2916666666666,45.39166666666667,47.98333333333333,15.25,11.216666666666669,16.6,6.3,52.5,0.5375,0.0,0.0,1016.8875,14.745833333333332,24.4,269.5833333333333,39.375,3189.0,2023,12,2,340,0,No Holiday,0,0,1,1,0,1,-2.4492935982947064e-16,1.0,0.9749279121818236,-0.22252093395631434,-0.42083100859565564,0.9071390534005044,71.58333333333333,78.25833333333334,94.5625,64.9875,54.6,66.95476190476191,56.566964285714285,49.07319444444444,22.073402828604888,Moderate
2023-12-07,44.38333333333333,62.4,66.34583333333333,844.9166666666666,47.05833333333334,48.78333333333333,19.75,11.708333333333334,19.0,5.3,57.208333333333336,3.3875,0.0,0.0,1014.6708333333332,16.412499999999998,23.5,205.25,0.0,3218.0,2023,12,3,341,0,No Holiday,0,0,1,1,0,1,-2.4492935982947064e-16,1.0,0.43388373911755823,-0.900968867902419,-0.4051645224207563,0.9142437912130223,50.85833333333333,71.58333333333333,78.25833333333334,23.6,65.12916666666668,64.93630952380953,56.29970238095238,50.10180555555555,22.913302242209813,Moderate
2023-12-08,34.1625,51.3,49.875,674.0833333333334,47.37916666666666,41.020833333333336,34.166666666666664,14.733333333333334,21.3,10.2,62.29166666666666,7.241666666666667,0.0,0.0,1011.9416666666666,15.645833333333334,21.1,207.70833333333331,46.875,3243.0,2023,12,4,342,0,No Holiday,0,0,1,1,0,1,-2.4492935982947064e-16,1.0,-0.433883739117558,-0.9009688679024191,-0.3893781415452015,0.9210779895789526,44.38333333333333,50.85833333333333,71.58333333333333,59.87916666666666,21.0375,67.90535714285714,54.817857142857136,50.42569444444444,17.33082108434773,Good
2023-12-09,51.60833333333333,112.0,73.95833333333333,894.25,54.99166666666667,57.10416666666666,14.708333333333334,15.141666666666666,21.9,10.1,64.875,8.1,0.0,0.0,1013.2125,8.487499999999999,13.1,176.625,84.83333333333333,2650.0,2023,12,5,343,1,No Holiday,0,0,0,1,0,1,-2.4492935982947064e-16,1.0,-0.9749279121818236,-0.2225209339563146,-0.37347653741307074,0.9276396261490467,34.1625,44.38333333333333,50.85833333333333,75.8125,22.73333333333333,64.23154761904762,55.75535714285714,50.160555555555554,21.532249829920136,Moderate
2023-12-10,34.96666666666667,77.1,52.275,839.0833333333334,43.35833333333333,34.6,14.458333333333334,11.433333333333332,13.9,9.3,85.79166666666667,9.070833333333333,3.5,3.5,1016.9333333333334,19.629166666666663,24.8,39.958333333333336,94.70833333333331,601.0,2023,12,6,344,1,No Holiday,0,0,0,1,0,1,-2.4492935982947064e-16,1.0,-0.7818314824680299,0.6234898018587334,-0.3574644155648614,0.9339267592294762,51.60833333333333,34.1625,44.38333333333333,94.5625,45.5125,60.77380952380952,57.81785714285714,49.92736111111112,21.304780794205662,Good
2023-12-11,17.974999999999998,25.2,26.40833333333333,561.2083333333334,34.47083333333333,26.84583333333333,23.666666666666668,6.641666666666667,9.1,4.6,80.83333333333333,3.5,5.1,5.1,1020.3875,18.45833333333333,23.0,264.5833333333333,96.91666666666669,759.0,2023,12,0,345,0,No Holiday,0,0,1,1,0,1,-2.4492935982947064e-16,1.0,0.0,1.0,-0.34134651424503615,0.9399375283564133,34.96666666666667,51.60833333333333,34.1625,78.25833333333334,54.04583333333333,52.26011904761905,57.064583333333324,50.550138888888895,17.03092602599496,Good
2023-12-12,25.3875,66.4,36.9875,489.7083333333333,38.13333333333333,36.625,21.33333333333333,4.220833333333333,6.9,2.8,69.70833333333333,-0.8916666666666666,0.0,0.0,1026.2708333333333,10.5125,18.8,253.41666666666663,81.125,1838.0,2023,12,1,346,0,No Holiday,0,0,1,1,0,1,-2.4492935982947064e-16,1.0,0.7818314824680298,0.6234898018587336,-0.3251276029999093,0.9456701548465688,17.974999999999998,34.96666666666667,51.60833333333333,71.58333333333333,60.19583333333333,43.64821428571428,54.488095238095234,50.5775,16.93478946077251,Good
2023-12-13,45.67916666666667,78.7,67.66250000000001,1006.0833333333334,45.7375,54.17916666666667,6.041666666666667,7.616666666666667,11.7,3.3,73.875,3.15,2.4000000000000004,2.4000000000000004,1022.5708333333332,10.65,21.9,99.5,98.125,1119.0,2023,12,2,347,0,No Holiday,0,0,1,1,0,1,-2.4492935982947064e-16,1.0,0.9749279121818236,-0.22252093395631434,-0.30881248126625377,0.9511229423235357,25.3875,17.974999999999998,34.96666666666667,50.85833333333333,64.9875,37.04880952380952,52.00178571428571,50.51819444444445,12.707874015899483,Moderate
2023-12-14,79.64999999999999,104.5,93.92083333333332,1828.3333333333333,45.958333333333336,79.52083333333333,2.833333333333333,10.520833333333334,13.7,7.8,90.5,8.991666666666665,3.8,3.8,1016.8916666666668,7.2625,15.4,202.66666666666663,99.5,1327.0,2023,12,3,348,0,No Holiday,0,0,1,1,0,1,-2.4492935982947064e-16,1.0,0.43388373911755823,-0.900968867902419,-0.29240597695107734,0.9562942772197719,45.67916666666667,25.3875,17.974999999999998,44.38333333333333,23.6,36.308928571428574,50.62261904761905,51.00666666666666,11.8945962648691,Unhealthy for Sensitive Groups
2023-12-15,24.104166666666668,92.9,18.4375,836.7083333333334,40.020833333333336,33.44166666666667,7.666666666666667,3.8791666666666655,7.2,0.6,88.58333333333333,2.125,12.3,11.5,1023.3208333333332,18.758333333333333,23.2,322.9166666666667,98.95833333333331,683.0,2023,12,4,349,0,No Holiday,0,0,1,1,0,1,-2.4492935982947064e-16,1.0,-0.433883739117558,-0.9009688679024191,-0.27591294500296043,0.9611826292540837,79.64999999999999,45.67916666666667,25.3875,34.1625,59.87916666666666,41.34702380952381,54.62619047619047,51.48430555555556,20.34889086554046,Good
2023-12-16,28.425,40.2,40.875,495.7083333333333,26.78333333333333,28.175,37.25,-0.8125,1.7,-2.8,51.125,-9.858333333333333,0.9,0.0,1035.4666666666667,19.4,25.5,329.0416666666667,76.79166666666667,2530.0,2023,12,5,350,1,No Holiday,0,0,0,1,0,1,-2.4492935982947064e-16,1.0,-0.9749279121818236,-0.2225209339563146,-0.2593382659754056,0.9657865518844574,24.104166666666668,79.64999999999999,45.67916666666667,51.60833333333333,75.8125,39.91011904761905,52.07083333333333,49.57555555555555,21.27482874886788,Good
2023-12-17,27.34166666666667,51.5,39.06666666666667,461.8333333333333,40.73333333333333,35.854166666666664,30.541666666666668,-2.625,0.2,-5.5,40.083333333333336,-14.670833333333334,0.0,0.0,1037.2708333333333,10.2875,15.2,125.95833333333331,40.29166666666666,3124.0,2023,12,6,351,1,No Holiday,0,0,0,1,0,1,-2.4492935982947064e-16,1.0,-0.7818314824680299,0.6234898018587334,-0.2426868445825954,0.9701046827361175,28.425,24.104166666666668,79.64999999999999,34.96666666666667,94.5625,36.598214285714285,48.68601190476191,49.10180555555556,20.952282213647337,Good
2023-12-18,34.93333333333333,53.1,50.9125,544.9583333333334,53.5375,39.704166666666666,11.208333333333334,-0.6416666666666667,0.1,-1.5,78.95833333333333,-4.0875,8.7,0.0,1031.6208333333334,10.691666666666668,13.9,72.25,100.0,372.0,2023,12,0,352,0,No Holiday,0,0,1,1,0,1,-2.4492935982947064e-16,1.0,0.0,1.0,-0.22596360824801906,0.974135744004672,27.34166666666667,28.425,24.104166666666668,17.974999999999998,78.25833333333334,35.50892857142857,43.884523809523806,49.032500000000006,21.247371219286492,Good
2023-12-19,46.49583333333334,92.2,67.22916666666667,770.875,50.520833333333336,41.91666666666666,9.0,1.2958333333333332,4.2,-0.2,85.75,-0.9375,0.3,0.1,1031.3416666666667,9.25,13.2,329.9583333333333,99.58333333333331,910.0,2023,12,1,353,0,No Holiday,0,0,1,1,0,1,-2.4492935982947064e-16,1.0,0.7818314824680298,0.6234898018587336,-0.20917350564635637,0.9778785428342386,34.93333333333333,27.34166666666667,28.425,25.3875,71.58333333333333,37.93154761904761,40.789880952380955,48.957499999999996,19.83479173809636,Moderate
2023-12-20,51.40833333333333,68.5,74.14166666666667,717.1666666666666,45.65416666666667,42.12083333333333,16.833333333333332,-1.8375,1.9,-4.7,60.04166666666666,-9.25,0.0,0.0,1035.2583333333334,11.470833333333331,15.6,137.66666666666666,14.208333333333334,3122.0,2023,12,2,354,0,No Holiday,0,0,1,1,0,1,-2.4492935982947064e-16,1.0,0.9749279121818236,-0.22252093395631434,-0.19232150523909483,0.9813319716704275,46.49583333333334,34.93333333333333,27.34166666666667,45.67916666666667,50.85833333333333,40.947023809523806,38.99791666666666,48.99388888888889,19.20440905235745,Moderate
2023-12-21,38.0875,58.4,54.56666666666666,580.4166666666666,40.583333333333336,37.31666666666667,26.916666666666668,-4.758333333333334,-2.3,-6.5,44.583333333333336,-15.208333333333334,0.0,0.0,1039.8875,12.8875,18.9,331.25,7.625,3258.0,2023,12,3,355,0,No Holiday,0,0,1,1,0,1,-2.4492935982947064e-16,1.0,0.43388373911755823,-0.900968867902419,-0.17541259380427843,0.9844950085880858,51.40833333333333,46.49583333333334,34.93333333333333,79.64999999999999,44.38333333333333,41.76547619047619,39.03720238095237,48.274166666666666,19.558513632750593,Moderate
2023-12-22,64.2375,148.5,91.77083333333331,876.0416666666666,47.09166666666667,60.75833333333333,17.583333333333332,-4.7250000000000005,-0.4,-7.9,44.79166666666666,-15.6125,0.0,0.0,1041.5666666666666,6.691666666666666,10.1,241.79166666666663,33.916666666666664,3298.0,2023,12,4,356,0,No Holiday,0,0,1,1,0,1,-2.4492935982947064e-16,1.0,-0.433883739117558,-0.9009688679024191,-0.15845177496083632,0.9873667175937016,38.0875,51.40833333333333,46.49583333333334,24.104166666666668,34.1625,35.82797619047619,38.5875,47.58013888888889,10.220288270300774,Moderate
2023-12-23,100.25416666666666,197.4,143.48333333333332,1348.8333333333333,54.16666666666666,92.72916666666669,10.416666666666666,-1.8666666666666665,2.5,-4.8,44.91666666666666,-12.841666666666669,0.0,0.0,1037.2,5.408333333333334,9.4,164.29166666666666,59.79166666666666,3087.0,2023,12,5,357,1,No Holiday,0,0,0,1,0,1,-2.4492935982947064e-16,1.0,-0.9749279121818236,-0.2225209339563146,-0.14144406768794202,0.9899462489023779,64.2375,38.0875,51.40833333333333,28.425,51.60833333333333,41.56130952380953,40.73571428571428,47.90138888888889,13.330924633621846,Unhealthy for Sensitive Groups
2023-12-24,107.45833333333331,169.5,155.35833333333332,1518.75,59.895833333333336,90.67083333333332,11.375,-0.6791666666666667,5.9,-5.0,61.0,-7.904166666666666,0.0,0.0,1034.9583333333333,7.645833333333333,12.2,290.0416666666667,7.416666666666667,3208.0,2023,12,6,358,1,No Holiday,0,0,0,1,0,1,-2.4492935982947064e-16,1.0,-0.7818314824680299,0.6234898018587334,-0.12439450483979998,0.9922328391893008,100.25416666666666,64.2375,38.0875,27.34166666666667,34.96666666666667,51.82261904761905,44.21041666666667,49.072222222222216,24.50003009932288,Unhealthy for Sensitive Groups
2023-12-25,123.46666666666664,191.4,180.99166666666667,1628.25,68.9875,97.60416666666669,10.0,0.625,7.5,-4.0,64.875,-5.929166666666667,0.0,0.0,1031.5,4.9750000000000005,10.3,169.5,10.541666666666666,3184.0,2023,12,0,359,0,No Holiday,0,0,1,1,0,1,-2.4492935982947064e-16,1.0,0.0,1.0,-0.10730813165636247,0.9942258118156161,107.45833333333331,100.25416666666666,64.2375,34.93333333333333,17.974999999999998,63.26785714285713,49.388392857142854,51.95291666666667,29.384151619574048,Unhealthy
2023-12-26,84.97500000000001,111.1,126.97916666666669,1159.4166666666667,55.4875,58.44166666666666,11.0,2.6,9.6,-2.2,72.0,-2.1666666666666665,0.0,0.0,1027.45,7.629166666666666,10.4,127.45833333333331,91.20833333333331,2209.0,2023,12,1,360,0,No Holiday,0,0,1,1,0,1,-2.4492935982947064e-16,1.0,0.7818314824680298,0.6234898018587336,-0.09019000427034513,0.9959245770286599,123.46666666666664,107.45833333333331,100.25416666666666,46.49583333333334,25.3875,75.91547619047618,56.923511904761895,55.310694444444444,33.86710733137252,Unhealthy for Sensitive Groups
2023-12-27,139.57500000000002,204.4,202.89166666666665,3725.75,66.62083333333334,150.07083333333333,2.25,4.854166666666667,11.2,0.4,77.95833333333333,1.0291666666666666,0.0,0.0,1027.3958333333333,6.004166666666666,9.0,117.66666666666669,32.25,3032.0,2023,12,2,361,0,No Holiday,0,0,1,1,0,1,-2.4492935982947064e-16,1.0,0.9749279121818236,-0.22252093395631434,-0.07304518821104743,0.9973286321364752,84.97500000000001,123.46666666666664,107.45833333333331,51.40833333333333,45.67916666666667,81.4125,61.179761904761904,56.62611111111111,31.323379033464295,Unhealthy
2023-12-28,119.65416666666664,170.4,177.48333333333335,2054.208333333333,50.82916666666667,102.3,3.9583333333333335,3.529166666666667,11.5,-2.2,87.45833333333333,1.3375,0.0,0.0,1027.5791666666669,7.408333333333334,10.7,112.16666666666669,31.625,2973.0,2023,12,3,362,0,No Holiday,0,0,1,1,0,1,-2.4492935982947064e-16,1.0,0.43388373911755823,-0.900968867902419,-0.05587875690537313,0.9984375616565666,139.57500000000002,84.97500000000001,123.46666666666664,38.0875,79.64999999999999,94.0077380952381,67.88660714285713,59.47708333333333,34.78282783837245,Unhealthy
2023-12-29,74.7,101.3,110.19166666666666,2274.958333333333,75.17083333333333,103.05416666666667,4.0,5.65,11.6,1.9,91.375,4.208333333333333,0.0,0.0,1024.3833333333334,8.808333333333334,12.4,105.04166666666669,64.41666666666667,1968.0,2023,12,4,363,0,No Holiday,0,0,1,1,0,1,-2.4492935982947064e-16,1.0,-0.433883739117558,-0.9009688679024191,-0.03869579017652689,0.9992510374388481,119.65416666666664,139.57500000000002,84.97500000000001,64.2375,24.104166666666668,105.66011904761902,70.74404761904762,61.45902777777778,25.295885935030793,Moderate
2023-12-30,87.25833333333333,124.3,126.15833333333336,2273.7916666666665,73.99583333333334,83.20416666666667,13.166666666666666,8.883333333333333,14.8,5.7,84.875,6.25,3.4,3.4,1017.0125,10.2125,17.8,259.0,47.54166666666666,2764.0,2023,12,5,364,1,No Holiday,0,0,0,1,0,1,-2.4492935982947064e-16,1.0,-0.9749279121818236,-0.2225209339563146,-0.021501372740813793,0.999768818762748,74.7,119.65416666666664,139.57500000000002,100.25416666666666,28.425,107.1547619047619,74.3580357142857,61.78277777777778,22.606595546485416,Unhealthy for Sensitive Groups
2023-12-31,93.04166666666669,132.2,142.29583333333332,1138.125,47.99166666666667,49.80416666666667,29.83333333333333,3.891666666666666,8.8,0.2,76.79166666666667,-0.1666666666666666,0.0,0.0,1026.2458333333334,10.1375,14.8,140.33333333333334,0.125,3178.0,2023,12,6,365,1,No Holiday,0,1,0,1,1,1,-2.4492935982947064e-16,1.0,-0.7818314824680299,0.6234898018587334,-0.004300592702981974,0.9999907524084426,87.25833333333333,74.7,119.65416666666664,107.45833333333331,27.34166666666667,105.29821428571428,78.56041666666667,63.90472222222222,23.771380709583124,Unhealthy for Sensitive Groups
2024-01-01,76.66666666666667,147.1,116.81666666666666,994.9583333333334,45.37916666666666,54.74166666666667,10.166666666666666,2.025,7.8,-2.2,79.125,-1.5166666666666666,0.0,0.0,1027.7625,6.883333333333333,10.2,70.83333333333333,0.1666666666666666,3160.0,2024,1,0,1,0,New Year,1,0,0,0,1,1,0.49999999999999994,0.8660254037844387,0.0,1.0,0.017201575418260506,0.9998520419557735,93.04166666666669,87.25833333333333,74.7,123.46666666666664,34.93333333333333,103.23869047619048,83.2532738095238,65.01013888888889,24.174148113304053,Unhealthy for Sensitive Groups
2024-01-02,66.7375,109.0,99.13333333333333,1833.375,55.05833333333334,98.74583333333334,1.125,2.0708333333333333,7.8,-1.9,86.70833333333333,-0.0666666666666666,6.1,5.2,1023.3791666666666,7.85,15.1,166.29166666666666,86.5,1681.0,2024,1,1,2,0,No Holiday,0,1,1,0,1,1,0.49999999999999994,0.8660254037844387,0.7818314824680298,0.6234898018587336,0.03439806061360801,0.9994082116062598,76.66666666666667,93.04166666666669,87.25833333333333,84.97500000000001,46.49583333333334,96.55297619047619,86.23422619047618,65.03861111111111,24.118964260597156,Moderate
2024-01-03,81.22083333333333,249.6,119.55416666666667,1615.4583333333333,51.9875,78.08749999999999,15.041666666666666,2.191666666666667,7.2,-1.2,88.91666666666667,0.4666666666666666,0.0,0.0,1025.8083333333334,9.691666666666666,11.6,251.79166666666663,62.625,1896.0,2024,1,2,3,0,No Holiday,0,0,1,0,0,1,0.49999999999999994,0.8660254037844387,0.9749279121818236,-0.22252093395631434,0.051584366869408364,0.9986686402879997,66.7375,76.66666666666667,93.04166666666669,139.57500000000002,51.40833333333333,93.94761904761904,87.68005952380952,64.11111111111111,26.45040802750354,Unhealthy for Sensitive Groups
2024-01-04,82.075,174.6,119.7125,1233.2083333333333,56.49583333333334,56.32916666666667,27.95833333333333,3.204166666666667,10.8,-1.5,82.75,0.225,0.0,0.0,1021.575,9.229166666666666,12.8,176.66666666666666,38.083333333333336,3031.0,2024,1,3,4,0,No Holiday,0,0,1,0,0,1,0.49999999999999994,0.8660254037844387,0.43388373911755823,-0.900968867902419,0.06875540848113941,0.9976335468520451,81.22083333333333,66.7375,76.66666666666667,119.65416666666664,38.0875,85.61130952380952,89.80952380952382,64.20986111111111,17.279078368723333,Unhealthy for Sensitive Groups
2024-01-05,104.32083333333333,234.7,149.93333333333334,1877.6666666666667,65.71666666666667,99.36666666666667,10.625,6.141666666666667,13.4,1.0,79.91666666666667,2.654166666666667,0.0,0.0,1020.7,6.275,10.4,192.66666666666663,19.20833333333333,3166.0,2024,1,4,5,0,No Holiday,0,0,1,0,0,1,0.49999999999999994,0.8660254037844387,-0.433883739117558,-0.9009688679024191,0.08590610426133272,0.9963032375991965,82.075,81.22083333333333,66.7375,74.7,64.2375,80.24285714285715,92.95148809523809,64.55958333333334,8.595024640920991,Unhealthy for Sensitive Groups
2024-01-06,140.54583333333332,221.2,202.775,2012.875,77.10000000000001,95.45833333333331,13.25,5.045833333333333,11.8,0.3,84.54166666666667,2.408333333333333,0.0,0.0,1024.1083333333331,7.254166666666666,11.3,137.54166666666666,19.791666666666668,2980.0,2024,1,5,6,1,No Holiday,0,0,0,0,0,1,0.49999999999999994,0.8660254037844387,-0.9749279121818236,-0.2225209339563146,0.10303137904317879,0.9946781061893646,104.32083333333333,82.075,81.22083333333333,87.25833333333333,100.25416666666666,84.47440476190476,95.81458333333333,66.34166666666667,12.02033275208701,Unhealthy
2024-01-07,52.94583333333333,115.7,78.47083333333333,745.7083333333334,44.075,40.1375,10.75,2.533333333333333,6.9,-0.8,69.45833333333333,-3.1791666666666667,0.0,0.0,1029.4541666666669,10.404166666666669,13.5,42.0,24.541666666666668,3245.0,2024,1,6,7,1,No Holiday,0,0,0,0,0,1,0.49999999999999994,0.8660254037844387,-0.7818314824680299,0.6234898018587334,0.1201261651823505,0.9927586335250793,140.54583333333332,104.32083333333333,82.075,93.04166666666669,107.45833333333331,92.08690476190476,98.69255952380954,69.54708333333333,24.486506987949397,Moderate
2024-01-08,48.2125,115.9,72.00416666666666,1074.625,49.61666666666667,59.52916666666667,2.75,2.0708333333333333,6.0,-0.2,76.625,-1.6833333333333331,0.1,0.1,1023.8916666666668,9.566666666666666,14.9,107.25,70.20833333333333,967.0,2024,1,0,8,0,No Holiday,0,0,1,0,0,1,0.49999999999999994,0.8660254037844387,0.0,1.0,0.13718540405660057,0.9905453876091833,52.94583333333333,140.54583333333332,104.32083333333333,76.66666666666667,123.46666666666664,86.35892857142856,94.79880952380951,70.17319444444446,28.574400169955396,Moderate
2024-01-09,92.74166666666667,122.0,135.79583333333332,1591.4583333333333,41.825,77.45,19.0,5.1000000000000005,12.9,-0.9,84.04166666666667,2.333333333333333,0.0,0.0,1019.775,10.045833333333333,17.9,254.5,51.708333333333336,2777.0,2024,1,1,9,0,No Holiday,0,0,1,0,0,1,0.49999999999999994,0.8660254037844387,0.7818314824680298,0.6234898018587336,0.1542040475626894,0.988039023376751,48.2125,52.94583333333333,140.54583333333332,66.7375,84.97500000000001,82.29404761904762,89.42351190476191,70.05999999999999,32.00136804956386,Unhealthy for Sensitive Groups
2024-01-10,91.8375,225.8,135.34166666666667,1269.2916666666667,41.80833333333333,65.9375,11.166666666666666,2.0458333333333334,6.6,-1.5,75.33333333333333,-2.275,0.0,0.0,1025.9708333333333,9.583333333333334,12.7,243.95833333333331,6.0,3327.0,2024,1,2,10,0,No Holiday,0,0,1,0,0,1,0.49999999999999994,0.8660254037844387,0.9749279121818236,-0.22252093395631434,0.17117705961019986,0.985240282501282,92.74166666666667,48.2125,52.94583333333333,81.22083333333333,139.57500000000002,86.00892857142857,89.9782738095238,71.98583333333333,31.39816748572496,Unhealthy for Sensitive Groups
2024-01-11,87.02916666666665,144.4,130.20833333333334,1169.375,54.99166666666667,55.25416666666666,23.041666666666668,4.5125,12.7,-1.6,73.625,-0.15,0.0,0.0,1020.1875,10.616666666666667,14.9,191.16666666666663,17.791666666666668,3373.0,2024,1,3,11,0,No Holiday,0,0,1,0,0,1,0.49999999999999994,0.8660254037844387,0.43388373911755823,-0.900968867902419,0.18809941761179758,0.9821499931752291,91.8375,92.74166666666667,48.2125,82.075,119.65416666666664,87.52559523809524,86.56845238095238,74.44791666666667,31.384746754897407,Unhealthy for Sensitive Groups
2024-01-12,93.275,246.8,136.16666666666666,1566.5833333333333,60.6125,78.14166666666667,21.166666666666668,8.049999999999999,15.9,1.5,75.70833333333333,3.6875,0.0,0.0,1018.6625,7.845833333333334,10.8,211.08333333333331,0.0,3292.0,2024,1,4,12,0,No Holiday,0,0,1,0,0,1,0.49999999999999994,0.8660254037844387,-0.433883739117558,-0.9009688679024191,0.20496611396949532,0.9787690698649216,87.02916666666665,91.8375,92.74166666666667,104.32083333333333,74.7,88.23333333333333,84.23809523809526,76.5026388888889,31.297084991020824,Unhealthy for Sensitive Groups
2024-01-13,116.49166666666667,222.6,168.89583333333334,2206.5,82.63333333333334,85.24166666666666,15.875,8.645833333333334,17.1,1.1,76.58333333333333,4.329166666666667,0.0,0.0,1020.7333333333332,10.441666666666666,16.8,118.79166666666669,0.0833333333333333,3343.0,2024,1,5,13,1,No Holiday,0,0,0,0,0,1,0.49999999999999994,0.8660254037844387,-0.9749279121818236,-0.2225209339563146,0.22177215755648186,0.975098513039961,93.275,87.02916666666665,91.8375,140.54583333333332,87.25833333333333,86.65535714285714,85.56488095238095,78.08916666666667,30.621957966288658,Unhealthy
2024-01-14,62.86666666666667,93.4,91.97916666666669,1205.9166666666667,52.29166666666666,44.6125,16.208333333333332,8.0375,14.8,3.7,73.45833333333333,3.4875000000000003,0.0,0.0,1022.6708333333332,14.8875,24.0,148.70833333333334,63.125,1565.0,2024,1,6,14,1,No Holiday,0,0,0,0,0,1,0.49999999999999994,0.8660254037844387,-0.7818314824680299,0.6234898018587334,0.23851257519407648,0.9711394088771653,116.49166666666667,93.275,87.02916666666665,52.94583333333333,93.04166666666669,83.21904761904761,87.6529761904762,79.31722222222221,24.2541757164109,Moderate
2024-01-15,30.175,57.7,45.025,432.5833333333333,39.05,28.3875,23.291666666666668,1.8916666666666664,5.7,-2.3,69.70833333333333,-3.2291666666666665,0.0,0.0,1031.4375,11.845833333333331,17.8,44.833333333333336,35.333333333333336,3376.0,2024,1,0,15,0,No Holiday,0,0,1,0,0,1,0.49999999999999994,0.8660254037844387,0.0,1.0,0.2551824131233728,0.9668929289391521,62.86666666666667,116.49166666666667,93.275,48.2125,76.66666666666667,84.63630952380952,85.49761904761904,80.60930555555555,22.410123181985018,Good
2024-01-16,26.09166666666667,33.3,41.15,751.0833333333334,54.1125,38.3125,12.75,5.291666666666667,10.2,0.0,68.54166666666667,-0.2333333333333333,0.0,0.0,1027.225,16.099999999999998,21.9,99.58333333333331,79.70833333333333,2234.0,2024,1,1,16,0,No Holiday,0,0,1,0,0,1,0.49999999999999994,0.8660254037844387,0.7818314824680298,0.6234898018587336,0.2717767384711357,0.9623603298276545,30.175,62.86666666666667,116.49166666666667,92.74166666666667,66.7375,82.05952380952382,82.17678571428573,80.66763888888889,27.707229167043675,Good
2024-01-17,48.10416666666666,114.1,70.60833333333333,1149.2083333333333,41.275,55.40833333333333,4.625,7.212499999999999,9.0,5.6,86.70833333333333,5.095833333333333,10.1,10.1,1021.7375,8.016666666666667,13.5,249.375,100.0,802.0,2024,1,2,17,0,No Holiday,0,0,1,0,0,1,0.49999999999999994,0.8660254037844387,0.9749279121818236,-0.22252093395631434,0.2882906407095177,0.9575429528116719,26.09166666666667,30.175,62.86666666666667,91.8375,81.22083333333333,72.53809523809524,79.2735119047619,80.62597222222222,34.131688432568545,Moderate
2024-01-18,19.995833333333334,30.2,28.704166666666666,697.9166666666666,33.8125,33.391666666666666,2.5416666666666665,5.575,6.6,4.7,94.375,4.7250000000000005,14.8,14.8,1023.275,12.9125,17.1,95.20833333333331,100.0,637.0,2024,1,3,18,0,No Holiday,0,0,1,0,0,1,0.49999999999999994,0.8660254037844387,0.43388373911755823,-0.900968867902419,0.3047192331091634,0.9524422234305676,48.10416666666666,26.09166666666667,30.175,87.02916666666665,82.075,66.29047619047618,76.9080357142857,81.065,34.01262894491848,Good
2024-01-19,20.05,29.6,29.254166666666663,785.0416666666666,35.63333333333333,26.39583333333333,7.583333333333333,4.541666666666667,5.6,3.0,92.29166666666669,3.404166666666667,9.7,9.7,1023.9333333333334,16.608333333333334,18.8,73.83333333333333,100.0,696.0,2024,1,4,19,0,No Holiday,0,0,1,0,0,1,0.49999999999999994,0.8660254037844387,-0.433883739117558,-0.9009688679024191,0.321057654185271,0.9470596510722283,19.995833333333334,48.10416666666666,26.09166666666667,93.275,104.32083333333333,56.714285714285715,72.47380952380952,80.18166666666666,36.542966201485456,Good
2024-01-20,32.71666666666667,51.6,48.7,829.5833333333334,33.99166666666667,32.1375,6.5,2.8208333333333333,4.9,1.0,85.625,0.5416666666666666,3.8,2.3,1025.3958333333333,14.5,18.5,325.875,100.0,1118.0,2024,1,5,20,1,No Holiday,0,0,0,0,0,1,0.49999999999999994,0.8660254037844387,-0.9749279121818236,-0.2225209339563146,0.3373010691361842,0.9413968285264122,20.05,19.995833333333334,48.10416666666666,116.49166666666667,140.54583333333332,46.253571428571426,66.45446428571428,79.13638888888887,34.77050590923091,Good
2024-01-21,40.40833333333333,56.0,62.15,594.5416666666666,33.575,28.4,17.958333333333332,2.6125,5.1,-0.4,70.54166666666667,-2.2916666666666665,0.0,0.0,1031.5083333333334,14.204166666666666,20.5,153.58333333333334,94.95833333333331,1535.0,2024,1,6,21,1,No Holiday,0,0,0,0,0,1,0.49999999999999994,0.8660254037844387,-0.7818314824680299,0.6234898018587334,0.3534446712740877,0.9354554315134164,32.71666666666667,20.05,19.995833333333334,62.86666666666667,52.94583333333333,34.285714285714285,58.75238095238095,78.95736111111111,15.817601076108538,Moderate
2024-01-22,22.975,38.4,33.575,385.0416666666667,26.129166666666663,20.558333333333334,34.291666666666664,-2.654166666666667,-0.9,-4.6,48.583333333333336,-12.375,0.0,0.0,1038.65,18.0875,23.4,237.91666666666663,99.79166666666669,2755.0,2024,1,0,22,0,No Holiday,0,0,1,0,0,1,0.49999999999999994,0.8660254037844387,0.0,1.0,0.3694836834473831,0.9292372181882051,40.40833333333333,32.71666666666667,20.05,30.175,48.2125,31.077380952380956,57.85684523809523,78.16305555555554,10.40625475673979,Good
2024-01-23,26.129166666666663,41.8,37.2875,527.75,35.31666666666667,28.425,29.375,-3.875,-0.5,-6.7,43.208333333333336,-14.879166666666668,0.0,0.0,1038.275,12.733333333333334,17.4,320.2916666666667,33.333333333333336,3399.0,2024,1,1,23,0,No Holiday,0,0,1,0,0,1,0.49999999999999994,0.8660254037844387,0.7818314824680298,0.6234898018587336,0.38541335945432564,0.9227440286201427,22.975,40.40833333333333,32.71666666666667,26.09166666666667,92.74166666666667,30.048809523809524,56.05416666666667,75.58708333333334,10.856406709109518,Good
2024-01-24,57.525,165.3,82.2,980.2083333333334,48.12916666666666,54.0,22.416666666666668,-1.6625,3.8,-5.5,52.16666666666666,-10.883333333333333,0.0,0.0,1034.6666666666667,8.441666666666666,10.8,307.6666666666667,11.958333333333334,3702.0,2024,1,2,24,0,No Holiday,0,0,1,0,0,1,0.49999999999999994,0.8660254037844387,0.9749279121818236,-0.22252093395631434,0.4012289854475009,0.9159777842484877,26.129166666666663,22.975,40.40833333333333,48.10416666666666,91.8375,30.054166666666667,51.29613095238095,72.87611111111111,10.854137609259476,Moderate
2024-01-25,89.68333333333334,146.2,128.55833333333334,1371.125,58.75,76.63333333333334,20.416666666666668,0.3625,5.8,-4.3,62.41666666666666,-6.4750000000000005,0.0,0.0,1032.425,7.429166666666667,10.5,275.5,7.25,3711.0,2024,1,3,25,0,No Holiday,0,0,1,0,0,1,0.49999999999999994,0.8660254037844387,0.43388373911755823,-0.900968867902419,0.4169258813287287,0.908940487313808,57.525,26.129166666666663,22.975,19.995833333333334,87.02916666666665,31.400000000000002,48.845238095238095,70.67805555555556,13.681125270145275,Unhealthy for Sensitive Groups
2024-01-26,123.2,241.2,177.14166666666665,1738.4583333333333,60.16666666666666,98.2625,15.791666666666666,1.3291666666666666,7.2,-2.0,64.91666666666667,-5.233333333333333,0.0,0.0,1031.0791666666669,5.520833333333333,10.1,255.04166666666663,24.125,3331.0,2024,1,4,26,0,No Holiday,0,0,1,0,0,1,0.49999999999999994,0.8660254037844387,-0.433883739117558,-0.9009688679024191,0.4324994021339788,0.901634220265486,89.68333333333334,57.525,26.129166666666663,20.05,93.275,41.355357142857144,49.034821428571426,70.835,24.819908367192248,Unhealthy
2024-01-27,122.7,215.6,176.84583333333333,1664.4583333333333,65.77916666666667,91.525,21.58333333333333,1.7666666666666666,8.4,-3.2,68.83333333333333,-3.891666666666667,0.0,0.0,1029.7958333333331,7.391666666666667,11.1,259.625,16.958333333333332,3722.0,2024,1,5,27,1,No Holiday,0,0,0,0,0,1,0.49999999999999994,0.8660254037844387,-0.9749279121818236,-0.2225209339563146,0.44794493940789115,0.8940611451454876,123.2,89.68333333333334,57.525,32.71666666666667,116.49166666666667,56.091071428571425,51.17232142857143,70.28916666666667,37.462882744106544,Unhealthy
2024-01-28,113.425,208.6,169.20833333333334,1386.9583333333333,70.8125,70.10000000000001,20.291666666666668,1.9916666666666665,8.8,-3.5,65.91666666666667,-4.208333333333333,0.0,0.0,1030.3166666666666,6.1125,8.9,255.375,1.0833333333333333,3840.0,2024,1,6,28,1,No Holiday,0,0,0,0,0,1,0.49999999999999994,0.8660254037844387,-0.7818314824680299,0.6234898018587334,0.4632579225674917,0.88622350294858,122.7,123.2,89.68333333333334,40.40833333333333,62.86666666666667,68.94583333333334,51.61577380952381,70.39069444444445,43.11704562980388,Unhealthy for Sensitive Groups
2024-01-29,101.925,151.8,158.69583333333333,1437.1666666666667,65.80416666666666,60.025,18.25,5.216666666666667,12.1,-1.6,62.625,-1.7666666666666666,0.0,0.0,1026.3458333333333,11.358333333333334,14.6,111.0,64.29166666666667,3344.0,2024,1,0,29,0,No Holiday,0,0,1,0,0,1,0.49999999999999994,0.8660254037844387,0.0,1.0,0.4784338202547012,0.8781236129591848,113.425,122.7,123.2,22.975,30.175,79.37678571428572,55.22708333333333,71.68152777777777,43.88783379470665,Unhealthy for Sensitive Groups
2024-01-30,67.39583333333333,122.9,102.18333333333334,1096.0,53.458333333333336,43.53333333333333,26.25,9.05,14.7,5.6,83.08333333333333,6.091666666666666,0.4,0.4,1021.9041666666668,8.533333333333333,13.1,137.20833333333334,89.5,2630.0,2024,1,1,30,0,No Holiday,0,0,1,0,0,1,0.49999999999999994,0.8660254037844387,0.7818314824680298,0.6234898018587336,0.49346814167723735,0.8697638720650646,101.925,113.425,122.7,26.129166666666663,26.09166666666667,90.65535714285714,60.35208333333333,72.17041666666667,36.50038596275237,Moderate
2024-01-31,34.8375,62.9,49.925,1498.4166666666667,57.38333333333333,48.67083333333333,2.0,8.095833333333333,9.9,7.1,96.04166666666669,7.479166666666667,7.7,7.7,1020.225,10.941666666666668,14.8,48.16666666666666,100.0,708.0,2024,1,2,31,0,No Holiday,0,0,1,0,0,1,0.49999999999999994,0.8660254037844387,0.9749279121818236,-0.22252093395631434,0.5083564379375122,0.8611467540480452,67.39583333333333,101.925,113.425,57.525,48.10416666666666,96.55059523809526,63.30238095238095,71.31555555555556,26.229018337389544,Good
2024-02-01,14.208333333333334,21.1,21.9625,592.8333333333334,32.9375,17.8875,16.958333333333332,3.4916666666666667,6.9,0.0,89.875,1.9458333333333333,9.8,9.8,1025.3125,20.35833333333333,25.4,25.20833333333333,100.0,736.0,2024,2,3,32,0,No Holiday,0,0,1,0,0,1,0.8660254037844386,0.5000000000000001,0.43388373911755823,-0.900968867902419,0.5230943033491326,0.8522748088519838,34.8375,67.39583333333333,101.925,89.68333333333334,19.995833333333334,93.30952380952382,62.35476190476191,69.92125,32.505757566420854,Good
2024-02-02,21.55,27.5,33.775,524.875,35.15416666666667,20.79583333333333,19.625,0.9541666666666666,3.8,-1.0,82.20833333333333,-1.8583333333333332,6.3,6.3,1028.2875,15.6875,18.7,53.04166666666666,99.66666666666669,1216.0,2024,2,4,33,0,No Holiday,0,0,1,0,0,1,0.8660254037844386,0.5000000000000001,-0.433883739117558,-0.9009688679024191,0.5376773767406141,0.8431506618282,14.208333333333334,34.8375,67.39583333333333,123.2,20.05,82.52738095238094,61.94136904761905,68.17027777777778,44.29035353031113,Good
2024-02-03,21.729166666666668,29.2,33.52916666666667,641.125,40.42083333333333,25.704166666666666,11.75,0.7625000000000001,1.8,0.2,90.41666666666669,-0.6333333333333334,8.1,7.1,1028.1166666666666,14.645833333333334,17.9,59.66666666666666,100.0,610.0,2024,2,5,34,1,No Holiday,0,0,0,0,0,1,0.8660254037844386,0.5000000000000001,-0.9749279121818236,-0.2225209339563146,0.5521013427459208,0.8337770129585915,21.55,14.208333333333334,34.8375,122.7,32.71666666666667,68.00595238095238,62.0485119047619,66.18125,45.38297832222451,Good
2024-02-04,34.208333333333336,48.1,52.11666666666667,941.1666666666666,43.85416666666666,29.54583333333333,2.5416666666666665,0.0958333333333333,0.7,-0.9,95.0,-0.5916666666666667,16.6,4.4,1025.0666666666666,12.941666666666668,16.1,149.33333333333334,100.0,578.0,2024,2,6,35,1,No Holiday,0,0,0,0,0,1,0.8660254037844386,0.5000000000000001,-0.7818314824680299,0.6234898018587334,0.5663619330814524,0.8241566360566663,21.729166666666668,21.55,14.208333333333334,113.425,40.40833333333333,53.58154761904762,61.26369047619047,64.16972222222222,40.929504863682894,Good
2024-02-05,20.016666666666666,28.5,29.34166666666667,656.5,34.925000000000004,27.316666666666663,34.083333333333336,-0.9916666666666668,1.4,-2.3,85.41666666666667,-3.204166666666667,0.1,0.0,1028.1666666666667,14.0375,18.4,301.2916666666667,99.75,2656.0,2024,2,0,36,0,No Holiday,0,0,1,0,0,1,0.8660254037844386,0.5000000000000001,0.0,1.0,0.580454927809098,0.8142923779467267,34.208333333333336,21.729166666666668,21.55,101.925,22.975,42.26488095238095,60.82083333333333,61.83263888888889,31.487987757490508,Good
2024-02-06,41.05833333333333,70.5,60.833333333333336,554.2916666666666,47.475,34.895833333333336,29.95833333333333,-0.6291666666666667,1.0,-3.1,80.79166666666667,-3.6166666666666663,0.0,0.0,1029.4666666666667,7.795833333333333,11.9,182.25,99.75,1225.0,2024,2,1,37,0,No Holiday,0,0,1,0,0,1,0.8660254037844386,0.5000000000000001,0.7818314824680298,0.6234898018587336,0.5943761565849831,0.804187157621448,20.016666666666666,34.208333333333336,21.729166666666668,67.39583333333333,26.129166666666663,30.563690476190477,60.60952380952381,57.815000000000005,17.917349424052592,Moderate
2024-02-07,81.6875,132.7,124.53333333333332,685.5833333333334,54.45416666666667,38.55416666666667,22.666666666666668,1.125,5.2,-2.0,75.33333333333333,-2.8875,0.0,0.0,1027.9291666666666,9.4125,12.2,110.875,74.79166666666667,2425.0,2024,2,2,38,0,No Holiday,0,0,1,0,0,1,0.8660254037844386,0.5000000000000001,0.9749279121818236,-0.22252093395631434,0.6081214998935418,0.7938439653781019,41.05833333333333,20.016666666666666,34.208333333333336,34.8375,57.525,26.801190476190474,61.67589285714286,57.41875,9.837211662878088,Unhealthy for Sensitive Groups
2024-02-08,134.98749999999998,178.8,202.27916666666667,1221.25,65.57916666666667,67.8125,41.25,0.9583333333333334,7.0,-3.5,72.83333333333333,-3.8041666666666663,0.0,0.0,1025.8041666666666,6.595833333333334,10.3,319.25,79.5,4020.0,2024,2,3,39,0,No Holiday,0,0,1,0,0,1,0.8660254037844386,0.5000000000000001,0.43388373911755823,-0.900968867902419,0.6216868902665479,0.7832658619336791,81.6875,41.05833333333333,20.016666666666666,14.208333333333334,89.68333333333334,33.49404761904761,63.401785714285715,58.53458333333333,23.148033555933285,Unhealthy
2024-02-09,106.85833333333332,163.4,159.13333333333333,1269.1666666666667,61.275,56.87083333333334,39.875,3.4250000000000003,10.2,-2.5,73.45833333333333,-1.3208333333333333,0.0,0.0,1025.5875,9.4625,14.5,248.125,35.75,4243.0,2024,2,4,40,0,No Holiday,0,1,1,0,1,1,0.8660254037844386,0.5000000000000001,-0.433883739117558,-0.9009688679024191,0.6350683134867438,0.7724559775191742,134.98749999999998,81.6875,41.05833333333333,21.55,123.2,50.748214285714276,66.63779761904762,59.94277777777778,42.934110320750676,Unhealthy for Sensitive Groups
2024-02-10,67.325,115.5,100.98333333333332,1273.5416666666667,50.45,51.43333333333334,25.25,6.508333333333333,14.5,-0.1,74.625,1.9208333333333332,0.1,0.1,1025.3875,9.808333333333334,13.6,240.25,21.70833333333333,4204.0,2024,2,5,41,1,Spring Festival,1,1,0,0,1,1,0.8660254037844386,0.5000000000000001,-0.9749279121818236,-0.2225209339563146,0.6482618097757122,0.7614175109532997,106.85833333333332,134.98749999999998,81.6875,21.729166666666668,122.7,62.93511904761904,65.4705357142857,60.44347222222222,45.3067180127842,Moderate
2024-02-11,80.68333333333334,96.6,126.525,1095.5416666666667,52.7875,44.8375,29.20833333333333,6.6625000000000005,14.4,-0.4,73.70833333333333,1.6541666666666668,0.1,0.1,1027.7625,9.129166666666666,13.7,241.83333333333331,0.0416666666666666,4287.0,2024,2,6,42,1,Spring Festival,1,1,0,0,1,1,0.8660254037844386,0.5000000000000001,-0.7818314824680299,0.6234898018587334,0.6612634749656386,0.7501537286959042,67.325,106.85833333333332,134.98749999999998,34.208333333333336,113.425,69.44880952380952,61.51517857142857,59.78666666666666,41.51412526750609,Unhealthy for Sensitive Groups
2024-02-12,41.225,65.4,64.47083333333333,627.5416666666666,36.50416666666667,26.55,51.458333333333336,9.345833333333331,17.5,3.0,63.54166666666666,2.129166666666667,0.0,0.0,1024.1041666666667,11.825,16.3,164.08333333333334,0.0,4388.0,2024,2,0,43,0,Spring Festival,1,1,0,0,1,1,0.8660254037844386,0.5000000000000001,0.0,1.0,0.6740694616546161,0.7386679638813748,80.68333333333334,67.325,106.85833333333332,20.016666666666666,101.925,76.08809523809524,59.17648809523809,59.36694444444445,38.54931503905297,Moderate
2024-02-13,32.21666666666667,50.6,47.075,527.0833333333334,35.1375,24.104166666666668,54.458333333333336,11.879166666666668,19.0,5.5,67.66666666666667,5.8500000000000005,0.3,0.3,1019.1416666666668,11.495833333333332,17.0,166.91666666666666,17.125,3690.0,2024,2,1,44,0,Spring Festival,1,1,0,0,1,1,0.8660254037844386,0.5000000000000001,0.7818314824680298,0.6234898018587336,0.6866759803451553,0.726963615332308,41.225,80.68333333333334,67.325,41.05833333333333,67.39583333333333,79.11785714285713,54.8407738095238,56.85805555555555,33.96928084564981,Good
2024-02-14,58.18333333333334,145.8,85.74166666666667,815.8333333333334,48.76666666666667,44.61666666666667,33.708333333333336,14.266666666666666,22.0,7.5,77.79166666666667,10.179166666666667,0.0,0.0,1017.1916666666666,8.691666666666666,12.1,177.20833333333334,59.79166666666666,4134.0,2024,2,2,45,0,Spring Festival,1,1,0,0,1,1,0.8660254037844386,0.5000000000000001,0.9749279121818236,-0.22252093395631434,0.6990793005655562,0.7150441465537444,32.21666666666667,41.225,80.68333333333334,81.6875,34.8375,77.85476190476189,52.327976190476186,55.83638888888889,35.73863151510908,Moderate
2024-02-15,38.29166666666666,98.0,55.67916666666667,704.9583333333334,42.12916666666667,26.975,24.70833333333333,6.691666666666666,13.0,3.4,73.625,1.9041666666666668,2.5,2.5,1025.3666666666666,16.55,28.8,56.75,95.95833333333331,1508.0,2024,2,3,46,0,Spring Festival,1,1,0,0,1,1,0.8660254037844386,0.5000000000000001,0.43388373911755823,-0.900968867902419,0.7112757519738152,0.7029130847082615,58.18333333333334,32.21666666666667,41.225,134.98749999999998,14.208333333333334,74.49702380952381,53.995535714285715,56.77,36.41623511649056,Moderate
2024-02-16,31.391666666666666,52.6,46.4125,474.6666666666667,38.395833333333336,27.575000000000003,31.041666666666668,4.495833333333333,10.9,-2.0,61.125,-2.983333333333333,0.0,0.0,1023.9666666666668,9.241666666666667,13.5,135.54166666666666,11.125,4642.0,2024,2,4,47,0,Spring Festival,1,1,0,0,1,1,0.8660254037844386,0.5000000000000001,-0.433883739117558,-0.9009688679024191,0.7232617254437388,0.6905740195722293,38.29166666666666,58.18333333333334,32.21666666666667,106.85833333333332,21.55,60.68333333333334,55.7157738095238,57.17666666666666,26.686004273290376,Good
2024-02-17,30.3125,38.6,44.770833333333336,664.7083333333334,31.225,23.979166666666668,37.54166666666666,10.383333333333333,17.9,2.5,74.20833333333333,5.704166666666667,0.0,0.0,1013.5583333333334,12.783333333333331,18.1,150.25,33.625,4212.0,2024,2,5,48,1,Spring Festival,1,1,0,0,1,1,0.8660254037844386,0.5000000000000001,-0.9749279121818236,-0.2225209339563146,0.7350336741329413,0.6780306024735382,31.391666666666666,38.29166666666666,58.18333333333334,67.325,21.729166666666668,49.90238095238095,56.418749999999996,56.61958333333333,19.08369948356018,Good
2024-02-18,29.89583333333333,39.1,43.75416666666666,572.5416666666666,29.304166666666664,19.820833333333333,51.375,17.104166666666668,24.0,12.3,81.41666666666667,13.691666666666668,9.1,9.1,1007.05,14.966666666666669,25.5,187.95833333333331,51.208333333333336,3135.0,2024,2,6,49,1,No Holiday,0,1,0,0,1,1,0.8660254037844386,0.5000000000000001,-0.7818314824680299,0.6234898018587334,0.746588114532413,0.6652865452111116,30.3125,31.391666666666666,38.29166666666666,80.68333333333334,34.208333333333336,44.61488095238095,57.03184523809524,56.963472222222215,18.572550100318363,Good
2024-02-19,26.2,47.6,37.60416666666666,628.6666666666666,32.858333333333334,23.816666666666663,18.125,11.866666666666667,15.9,4.5,86.58333333333333,9.654166666666669,1.3,1.3,1014.7833333333332,17.82916666666667,26.8,169.5,90.54166666666669,1341.0,2024,2,0,50,0,No Holiday,0,0,1,0,0,1,0.8660254037844386,0.5000000000000001,0.0,1.0,0.7579216274973472,0.6523456189565257,29.89583333333333,30.3125,31.391666666666666,41.225,20.016666666666666,37.35952380952381,56.72380952380952,57.291666666666664,10.139636401558995,Good
2024-02-20,13.0375,16.8,19.741666666666667,363.9583333333333,29.879166666666663,13.7375,33.916666666666664,4.233333333333333,5.8,3.0,87.875,2.370833333333333,17.2,17.2,1019.4916666666668,23.05,27.7,51.625,100.0,807.0,2024,2,1,51,0,No Holiday,0,0,1,0,0,1,0.8660254037844386,0.5000000000000001,0.7818314824680298,0.6234898018587336,0.7690308592589181,0.6392116531380588,26.2,29.89583333333333,30.3125,32.21666666666667,41.05833333333333,35.213095238095235,57.165476190476184,57.07444444444444,10.756519994290274,Good
2024-02-21,9.3375,14.3,13.404166666666669,523.0,32.65,16.4375,21.375,0.9333333333333332,2.8,-0.2,88.20833333333333,-0.8166666666666668,16.4,16.4,1022.1791666666668,20.870833333333334,27.4,186.125,100.0,701.0,2024,2,2,52,0,No Holiday,0,0,1,0,0,1,0.8660254037844386,0.5000000000000001,0.9749279121818236,-0.22252093395631434,0.7799125224167177,0.6258885343075018,13.0375,26.2,29.89583333333333,58.18333333333334,81.6875,32.473214285714285,55.16398809523809,56.162083333333335,13.68969284335858,Good
2024-02-22,13.270833333333334,20.7,19.8875,377.8333333333333,28.683333333333334,19.1625,36.25,-1.0541666666666667,0.0,-1.9,77.58333333333333,-4.5,3.1,1.4,1030.1583333333333,16.920833333333334,21.0,281.3333333333333,100.0,1246.0,2024,2,3,53,0,No Holiday,0,0,1,0,0,1,0.8660254037844386,0.5000000000000001,0.43388373911755823,-0.900968867902419,0.7905633969115482,0.612380204990065,9.3375,13.0375,26.2,38.29166666666666,134.98749999999998,25.49523809523809,49.99613095238095,55.707499999999996,10.471008650368194,Good
2024-02-23,19.125,25.0,30.6625,451.0416666666667,31.329166666666666,22.3,33.208333333333336,-0.3458333333333332,2.1,-1.9,70.75,-5.104166666666667,0.9,0.0,1031.9291666666666,12.116666666666667,15.4,346.1666666666667,99.66666666666669,2509.0,2024,2,4,54,0,No Holiday,0,0,1,0,0,1,0.8660254037844386,0.5000000000000001,-0.433883739117558,-0.9009688679024191,0.8009803309782905,0.5986906625177214,13.270833333333334,9.3375,13.0375,31.391666666666666,106.85833333333332,21.92083333333333,41.30208333333333,55.27888888888889,9.609934397298014,Good
2024-02-24,16.270833333333332,22.4,24.03333333333333,602.0,36.2,28.58333333333333,21.291666666666668,-0.3958333333333333,0.5,-1.0,76.29166666666667,-4.0875,2.9,0.1,1029.8416666666667,11.079166666666666,15.0,308.0,100.0,926.0,2024,2,5,55,1,No Holiday,0,0,0,0,0,1,0.8660254037844386,0.5000000000000001,-0.9749279121818236,-0.2225209339563146,0.8111602420785621,0.5848239578463322,19.125,13.270833333333334,9.3375,30.3125,67.325,20.16845238095238,35.03541666666667,53.99888888888889,8.667267559678743,Good
2024-02-25,42.625,99.9,62.92083333333333,555.625,37.12083333333333,29.079166666666666,39.16666666666666,1.1666666666666667,6.0,-2.8,67.625,-4.4375,0.0,0.0,1029.2,10.516666666666667,14.3,245.45833333333331,45.66666666666666,4619.0,2024,2,6,56,1,No Holiday,0,0,0,0,0,1,0.8660254037844386,0.5000000000000001,-0.7818314824680299,0.6234898018587334,0.8211001178128892,0.5707841943569036,16.270833333333332,19.125,13.270833333333334,29.89583333333333,80.68333333333334,18.1625,31.388690476190476,51.55180555555555,7.470519606723878,Moderate
2024-02-26,62.40833333333333,95.5,95.09583333333336,550.25,45.17083333333333,29.116666666666664,27.291666666666668,3.5416666666666665,8.0,-0.2,62.125,-3.3041666666666667,0.0,0.0,1029.95,10.941666666666668,17.4,67.95833333333333,87.95833333333333,3858.0,2024,2,0,57,0,No Holiday,0,0,1,0,0,1,0.8660254037844386,0.5000000000000001,0.0,1.0,0.8307970168121247,0.5565755266413303,42.625,16.270833333333332,19.125,26.2,41.225,19.98095238095238,28.670238095238094,48.86597222222222,11.346419338812163,Moderate
2024-02-27,41.09166666666667,77.3,66.2875,581.5,42.21666666666667,30.879166666666663,21.041666666666668,3.1750000000000003,7.9,-2.2,70.29166666666667,-1.9875,0.0,0.0,1028.1166666666666,7.579166666666667,11.8,60.625,74.29166666666667,4261.0,2024,2,1,58,0,No Holiday,0,0,1,0,0,1,0.8660254037844386,0.5000000000000001,0.7818314824680298,0.6234898018587336,0.8402480696078469,0.5422021592729844,62.40833333333333,42.625,16.270833333333332,13.0375,32.21666666666667,25.15357142857143,30.183333333333334,46.85625,19.77608647407671,Moderate
2024-02-28,38.72083333333333,65.7,59.17083333333333,579.1666666666666,57.875,36.00833333333333,4.25,3.3000000000000003,4.9,1.2,84.83333333333333,0.9541666666666666,0.3,0.3,1024.475,9.270833333333334,12.1,92.33333333333331,100.0,1055.0,2024,2,2,59,0,No Holiday,0,0,1,0,0,1,0.8660254037844386,0.5000000000000001,0.9749279121818236,-0.22252093395631434,0.8494504794814806,0.527668345562516,41.09166666666667,62.40833333333333,42.625,9.3375,58.18333333333334,29.161309523809525,30.817261904761903,44.445138888888884,19.75411989880064,Moderate
2024-02-29,14.95,31.3,21.75,696.1666666666666,41.81666666666667,24.65,8.0,3.020833333333333,4.4,1.6,94.45833333333331,2.225,4.5,4.5,1024.2,15.7875,22.7,210.625,100.0,581.0,2024,2,3,60,0,No Holiday,0,0,1,0,0,1,0.8660254037844386,0.5000000000000001,0.43388373911755823,-0.900968867902419,0.8584015232918917,0.512978386299228,38.72083333333333,41.09166666666667,62.40833333333333,13.270833333333334,38.29166666666666,33.35892857142857,29.427083333333336,42.33833333333333,17.871823958413696,Good
2024-03-01,45.708333333333336,119.7,68.53750000000001,606.7916666666666,34.579166666666666,31.84166666666667,31.166666666666668,2.3125,5.8,-1.2,63.54166666666666,-4.3625,0.0,0.0,1030.3625,11.1875,16.7,42.958333333333336,95.04166666666669,3745.0,2024,3,4,61,0,No Holiday,0,0,1,1,0,1,1.0,6.123233995736766e-17,-0.433883739117558,-0.9009688679024191,0.8670985522812081,0.4981366284784055,14.95,38.72083333333333,41.09166666666667,19.125,31.391666666666666,33.59880952380952,27.759821428571428,40.59013888888889,17.5659084135395,Moderate
2024-03-02,68.99166666666666,113.2,103.99166666666667,818.7916666666666,48.1375,46.90833333333333,25.166666666666668,4.295833333333333,10.6,-1.6,64.41666666666667,-2.2,0.0,0.0,1023.7916666666666,10.545833333333333,17.7,219.95833333333331,35.5,4914.0,2024,3,5,62,1,No Holiday,0,0,0,1,0,1,1.0,6.123233995736766e-17,-0.9749279121818236,-0.2225209339563146,0.8755389928586302,0.4831474640149687,45.708333333333336,14.95,38.72083333333333,16.270833333333332,30.3125,37.396428571428565,28.782440476190477,40.95249999999999,16.77082219264149,Moderate
2024-03-03,47.6375,61.7,72.25,765.875,40.2,34.737500000000004,38.29166666666666,6.966666666666666,13.6,1.0,70.91666666666667,1.7333333333333334,0.0,0.0,1018.1625,10.583333333333334,16.1,173.875,15.291666666666666,5111.0,2024,3,6,63,1,No Holiday,0,0,0,1,0,1,1.0,6.123233995736766e-17,-0.7818314824680299,0.6234898018587334,0.8837203473619977,0.4680153284438345,68.99166666666666,45.708333333333336,14.95,42.625,29.89583333333333,44.927976190476194,31.545238095238094,42.77861111111111,17.523611174014402,Moderate
2024-03-04,50.49166666666667,79.2,74.925,799.125,48.475,34.208333333333336,13.708333333333334,8.545833333333333,10.2,6.3,84.95833333333333,6.083333333333333,4.9,4.9,1011.0583333333334,10.133333333333333,14.7,102.33333333333331,100.0,897.0,2024,3,0,64,0,No Holiday,0,0,1,1,0,1,1.0,6.123233995736766e-17,0.0,1.0,0.8916401947968874,0.45274469960737107,47.6375,68.99166666666666,45.708333333333336,62.40833333333333,26.2,45.64404761904762,32.8125,43.64819444444445,17.516231536173414,Moderate
2024-03-05,28.445833333333336,71.9,41.954166666666666,762.5416666666666,45.10833333333333,28.429166666666664,16.166666666666668,8.033333333333333,9.4,6.2,93.70833333333331,7.05,2.2,2.2,1010.8166666666666,14.220833333333331,20.1,239.91666666666663,100.0,945.0,2024,3,1,65,0,No Holiday,0,0,1,1,0,1,1.0,6.123233995736766e-17,0.7818314824680298,0.6234898018587336,0.8992961915530253,0.4373400963303323,50.49166666666667,47.6375,68.99166666666666,41.09166666666667,13.0375,43.94166666666666,34.547619047619044,44.606944444444444,16.140433864183272,Good
2024-03-06,53.73333333333333,93.4,88.7375,658.4166666666666,35.7,29.133333333333336,34.25,6.925,11.5,3.7,63.125,0.0916666666666666,0.0,0.0,1020.0125,12.3,17.8,123.25,92.91666666666669,3342.0,2024,3,2,66,0,No Holiday,0,0,1,1,0,1,1.0,6.123233995736766e-17,0.9749279121818236,-0.22252093395631434,0.9066860720977985,0.4218060770826634,28.445833333333336,50.49166666666667,47.6375,38.72083333333333,9.3375,42.13511904761905,35.64821428571428,44.414861111111115,17.186402971242913,Moderate
2024-03-07,60.94166666666666,78.5,95.52916666666664,945.0,45.66666666666666,36.825,25.83333333333333,6.866666666666667,13.4,-0.1,72.0,1.7,0.1,0.1,1021.1666666666666,9.016666666666667,17.0,202.16666666666663,47.083333333333336,4699.0,2024,3,3,67,0,No Holiday,0,0,1,1,0,1,1.0,6.123233995736766e-17,0.43388373911755823,-0.900968867902419,0.9138076496466615,0.4061472386305789,53.73333333333333,28.445833333333336,50.49166666666667,14.95,13.270833333333334,44.279761904761905,38.81934523809524,45.53875,17.6205347030361,Moderate
2024-03-08,60.1375,100.6,103.7625,730.1666666666666,40.48333333333333,34.854166666666664,40.79166666666666,6.833333333333333,13.0,1.5,66.875,0.2291666666666667,0.0,0.0,1023.7458333333334,8.433333333333334,15.0,215.54166666666663,35.458333333333336,4916.0,2024,3,4,68,0,No Holiday,0,0,1,1,0,1,1.0,6.123233995736766e-17,-0.433883739117558,-0.9009688679024191,0.9206588168102428,0.3903682146763026,60.94166666666666,53.73333333333333,28.445833333333336,45.708333333333336,19.125,50.85,42.22440476190476,46.20152777777778,12.7678463064667,Moderate
2024-03-09,68.26666666666667,89.2,109.34583333333336,916.4583333333334,64.2375,47.44166666666666,17.791666666666668,7.266666666666667,13.0,0.5,65.91666666666667,0.8125,0.0,0.0,1024.5958333333333,8.204166666666667,12.0,80.91666666666667,56.875,5112.0,2024,3,5,69,1,No Holiday,0,0,0,1,0,1,1.0,6.123233995736766e-17,-0.9749279121818236,-0.2225209339563146,0.9272375462179537,0.374473674486883,60.1375,60.94166666666666,53.73333333333333,68.99166666666666,16.270833333333332,52.91130952380952,45.15386904761905,45.48319444444444,12.962672932318561,Moderate
2024-03-10,61.46666666666667,85.4,98.22916666666669,1030.6666666666667,59.85,43.425,28.95833333333333,9.0125,15.7,3.2,67.75,2.9166666666666665,0.0,0.0,1024.0541666666666,13.679166666666667,17.8,120.29166666666669,35.541666666666664,5382.0,2024,3,6,70,1,No Holiday,0,0,0,1,0,1,1.0,6.123233995736766e-17,-0.7818314824680299,0.6234898018587334,0.9335418911179212,0.35846832151248087,68.26666666666667,60.1375,60.94166666666666,47.6375,42.625,52.8077380952381,48.86785714285714,43.25916666666667,12.814830959730012,Moderate
2024-03-11,57.5125,88.2,93.25,733.125,47.0,33.77916666666667,34.041666666666664,12.716666666666669,20.2,8.1,67.66666666666667,6.325,0.3,0.3,1016.8666666666668,11.104166666666666,22.3,225.5,59.91666666666666,4282.0,2024,3,0,71,0,No Holiday,0,0,1,1,0,1,1.0,6.123233995736766e-17,0.0,1.0,0.9395699859530622,0.342356891994542,61.46666666666667,68.26666666666667,60.1375,50.49166666666667,62.40833333333333,54.78333333333334,50.21369047619048,41.746111111111105,12.950187909762077,Moderate
2024-03-12,61.84166666666667,98.5,101.84583333333336,678.5833333333334,44.15416666666667,27.47083333333333,33.541666666666664,10.570833333333333,15.6,6.8,67.70833333333333,4.3625,0.0,0.0,1020.575,13.133333333333333,18.9,109.91666666666669,27.75,5454.0,2024,3,1,72,0,No Holiday,0,0,1,1,0,1,1.0,6.123233995736766e-17,0.7818314824680298,0.6234898018587336,0.945320046913132,0.3261441535642696,57.5125,61.46666666666667,68.26666666666667,28.445833333333336,41.09166666666667,55.78630952380952,49.8639880952381,41.41902777777777,12.833760300050534,Moderate
2024-03-13,49.32083333333333,73.3,77.28333333333333,712.0,46.59583333333333,31.29583333333333,22.375,10.3125,17.0,4.3,56.333333333333336,1.3416666666666668,0.0,0.0,1021.1041666666666,10.354166666666666,15.3,129.29166666666666,99.54166666666669,4758.0,2024,3,2,73,0,No Holiday,0,0,1,1,0,1,1.0,6.123233995736766e-17,0.9749279121818236,-0.22252093395631434,0.9507903724625832,0.3098349038318025,61.84166666666667,57.5125,61.46666666666667,53.73333333333333,38.72083333333333,60.557142857142864,51.34613095238095,40.790972222222216,4.436067657647608,Moderate
2024-03-14,84.98333333333333,117.1,137.57083333333333,1096.875,54.87916666666666,48.0875,3.7916666666666665,10.229166666666666,13.6,6.3,75.125,5.929166666666667,0.8,0.8,1019.8333333333334,7.933333333333334,12.0,65.16666666666667,80.41666666666667,1665.0,2024,3,3,74,0,No Holiday,0,0,1,1,0,1,1.0,6.123233995736766e-17,0.43388373911755823,-0.900968867902419,0.9559793438440766,0.2934339689665273,49.32083333333333,61.84166666666667,57.5125,60.94166666666666,14.95,59.926785714285714,52.103273809523806,41.060833333333335,5.700599412695194,Unhealthy for Sensitive Groups
2024-03-15,54.20416666666667,76.8,87.91250000000001,1047.5416666666667,58.2,52.8,11.458333333333334,11.270833333333334,19.0,4.8,78.0,7.212499999999999,0.0,0.0,1020.05,10.5875,15.6,96.75,11.0,5373.0,2024,3,4,75,0,No Holiday,0,0,1,1,0,1,1.0,6.123233995736766e-17,-0.433883739117558,-0.9009688679024191,0.9608854255574977,0.27694620226893646,84.98333333333333,49.32083333333333,61.84166666666667,60.1375,45.708333333333336,63.36130952380953,57.10565476190476,42.819722222222225,11.099624022423145,Moderate
2024-03-16,71.62916666666666,171.8,107.81666666666666,932.2916666666666,54.74583333333334,49.44166666666667,19.125,15.325,22.2,9.4,80.29166666666667,11.591666666666669,0.0,0.0,1016.7625,6.4125000000000005,11.6,148.16666666666666,15.458333333333334,5196.0,2024,3,5,76,1,No Holiday,0,0,0,1,0,1,1.0,6.123233995736766e-17,-0.9749279121818236,-0.2225209339563146,0.9655071658143364,0.2603764827344581,54.20416666666667,84.98333333333333,49.32083333333333,68.26666666666667,68.99166666666666,62.51369047619048,57.71249999999999,42.687083333333334,11.60201873056315,Moderate
2024-03-17,48.71666666666667,122.9,76.54583333333333,562.375,46.29166666666666,28.15,20.875,11.5875,14.4,7.7,67.375,5.433333333333334,3.2,3.2,1021.0375,15.604166666666666,23.5,45.5,95.0,942.0,2024,3,6,77,1,No Holiday,0,0,0,1,0,1,1.0,6.123233995736766e-17,-0.7818314824680299,0.6234898018587334,0.969843196967294,0.24372971360968387,71.62916666666666,54.20416666666667,84.98333333333333,61.46666666666667,47.6375,62.99404761904761,57.900892857142864,43.79833333333333,11.944461770936103,Moderate
2024-03-18,41.97916666666666,99.9,63.52916666666667,514.0833333333334,48.47916666666666,32.979166666666664,18.125,7.191666666666666,9.6,3.4,64.83333333333333,0.9,0.2,0.2,1022.975,9.25,15.4,75.375,76.29166666666667,1406.0,2024,3,0,78,0,No Holiday,0,0,1,1,0,1,1.0,6.123233995736766e-17,0.0,1.0,0.9738922359149924,0.22701082094141847,48.71666666666667,71.62916666666666,54.20416666666667,57.5125,50.49166666666667,61.17261904761905,57.97797619047619,44.37583333333334,13.129537323557424,Moderate
2024-03-19,53.0,89.9,83.325,817.875,42.35416666666666,40.270833333333336,30.791666666666668,9.683333333333334,17.2,4.0,61.875,1.5541666666666665,0.0,0.0,1023.2208333333332,11.4625,18.3,290.8333333333333,2.875,5757.0,2024,3,1,79,0,No Holiday,0,0,1,1,0,1,1.0,6.123233995736766e-17,0.7818314824680298,0.6234898018587336,0.9776530844816641,0.2102247521189836,41.97916666666666,48.71666666666667,71.62916666666666,61.84166666666667,28.445833333333336,58.95357142857143,57.36994047619048,44.76472222222222,15.026817352609202,Moderate
2024-03-20,48.8625,86.1,87.35416666666667,734.5,52.70416666666667,37.4125,25.45833333333333,11.216666666666669,17.6,5.2,57.5,2.5083333333333333,0.0,0.0,1024.3833333333334,7.6875,12.1,172.04166666666666,1.5833333333333333,5807.0,2024,3,2,80,0,No Holiday,0,0,1,1,0,1,1.0,6.123233995736766e-17,0.9749279121818236,-0.22252093395631434,0.981124629771712,0.19337647441020586,53.0,41.97916666666666,48.71666666666667,49.32083333333333,53.73333333333333,57.69047619047619,59.12380952380953,45.534861111111105,15.114934612712046,Moderate
2024-03-21,38.7,61.0,65.52083333333333,632.5,41.97916666666666,23.39583333333333,45.208333333333336,14.045833333333334,22.4,6.2,55.79166666666666,4.154166666666667,0.0,0.0,1013.65,13.916666666666666,21.0,160.66666666666666,41.04166666666666,5555.0,2024,3,3,81,0,No Holiday,0,0,1,1,0,1,1.0,6.123233995736766e-17,0.43388373911755823,-0.900968867902419,0.984305844499033,0.17647097349152166,48.8625,53.0,41.97916666666666,84.98333333333333,60.94166666666666,57.625,58.77589285714286,46.29027777777778,15.15816458888422,Moderate
2024-03-22,45.51666666666667,101.3,67.8625,606.125,43.31666666666666,30.704166666666666,61.16666666666666,18.129166666666663,25.5,11.1,61.458333333333336,10.320833333333333,0.0,0.0,1006.4,13.8375,22.8,197.0,17.25,5610.0,2024,3,4,82,0,No Holiday,0,0,1,1,0,1,1.0,6.123233995736766e-17,-0.433883739117558,-0.9009688679024191,0.9871957872910085,0.15951325197263655,38.7,48.8625,53.0,54.20416666666667,60.1375,51.01309523809523,57.187202380952385,47.145694444444445,10.663613774427452,Moderate
2024-03-23,52.3375,93.6,75.64583333333333,831.6666666666666,60.975,30.225,22.20833333333333,17.95416666666667,20.8,15.1,90.04166666666667,16.279166666666665,20.3,20.3,1007.3833333333332,10.620833333333334,14.9,107.625,100.0,1490.0,2024,3,5,83,1,No Holiday,0,0,0,1,0,1,1.0,6.123233995736766e-17,-0.9749279121818236,-0.2225209339563146,0.9897936029670716,0.14250832791617088,45.51666666666667,38.7,48.8625,71.62916666666666,68.26666666666667,49.77202380952381,56.142857142857146,48.351666666666674,10.735625540878765,Moderate
2024-03-24,36.833333333333336,50.2,54.28333333333333,598.5833333333334,59.96666666666667,25.96666666666667,15.75,15.441666666666668,20.1,13.2,88.125,13.420833333333334,1.8,1.8,1010.6166666666668,12.720833333333331,16.4,63.125,93.04166666666669,1833.0,2024,3,6,84,1,No Holiday,0,0,0,1,0,1,1.0,6.123233995736766e-17,-0.7818314824680299,0.6234898018587334,0.992098522791769,0.12546123335273648,52.3375,45.51666666666667,38.7,48.71666666666667,61.46666666666667,47.01607142857143,55.00505952380952,49.653888888888886,5.278920250196707,Moderate
2024-03-25,25.416666666666668,47.7,37.1125,667.7083333333334,45.86666666666667,24.22083333333333,13.333333333333334,11.8125,13.9,9.1,88.58333333333333,9.945833333333333,63.5,63.5,1012.3875,16.925,22.1,224.08333333333331,97.0,1478.0,2024,3,0,85,0,No Holiday,0,0,1,1,0,1,1.0,6.123233995736766e-17,0.0,1.0,0.9941098647022418,0.10837701279187609,36.833333333333336,52.3375,45.51666666666667,41.97916666666666,57.5125,45.31845238095239,53.245535714285715,50.244166666666665,6.426828559304213,Good
2024-03-26,38.15416666666666,83.6,56.8375,561.5833333333334,39.05416666666667,30.04583333333333,36.833333333333336,11.2625,18.1,6.4,78.20833333333333,7.1375,0.0,0.0,1022.3666666666668,7.995833333333334,15.3,231.91666666666663,65.375,4135.0,2024,3,1,86,0,No Holiday,0,0,1,1,0,1,1.0,6.123233995736766e-17,0.7818314824680298,0.6234898018587336,0.9958270335100595,0.09126072172931188,25.416666666666668,36.833333333333336,52.3375,53.0,61.84166666666667,42.952380952380956,50.952976190476186,50.54902777777777,9.946246691458796,Moderate
2024-03-27,52.45416666666667,99.9,78.32916666666667,853.5833333333334,53.55,41.4,12.25,11.695833333333333,13.9,8.9,85.5,9.341666666666669,2.0,2.0,1016.5916666666668,12.4125,21.3,126.25,95.79166666666669,1592.0,2024,3,2,87,0,No Holiday,0,0,1,1,0,1,1.0,6.123233995736766e-17,0.9749279121818236,-0.22252093395631434,0.9972495210773451,0.07411742515094437,38.15416666666666,25.416666666666668,36.833333333333336,48.8625,49.32083333333333,40.83154761904762,49.26101190476191,50.4,8.982850448634908,Moderate
2024-03-28,55.770833333333336,99.4,83.53333333333333,870.2916666666666,43.57083333333333,40.43333333333333,36.04166666666666,13.841666666666669,19.4,10.4,82.70833333333333,10.65,1.7,1.7,1010.275,9.895833333333334,16.0,274.5,61.125,3600.0,2024,3,3,88,0,No Holiday,0,0,1,1,0,1,1.0,6.123233995736766e-17,0.43388373911755823,-0.900968867902419,0.998376906467142,0.056952196034039754,52.45416666666667,38.15416666666666,25.416666666666668,38.7,84.98333333333333,41.34464285714286,49.48482142857143,50.068194444444444,9.599442895403726,Moderate
2024-03-29,32.6625,48.5,52.0125,592.0833333333334,34.24166666666667,27.3,77.875,19.35,25.9,13.7,72.33333333333333,14.020833333333334,0.0,0.0,1007.8,19.175,25.6,216.83333333333331,0.3333333333333333,5850.0,2024,3,4,89,0,No Holiday,0,0,1,1,0,1,1.0,6.123233995736766e-17,-0.433883739117558,-0.9009688679024191,0.9992088560679753,0.03977011384605572,55.770833333333336,52.45416666666667,38.15416666666666,45.51666666666667,54.20416666666667,43.78333333333334,47.39821428571429,50.5575,10.896376925042249,Good
2024-03-30,33.06666666666667,57.6,53.26666666666667,491.5,42.41666666666666,27.23333333333333,60.208333333333336,20.529166666666665,28.5,14.1,64.58333333333333,13.3125,0.0,0.0,1008.2666666666668,12.9125,27.6,173.375,53.083333333333336,5585.0,2024,3,5,90,1,No Holiday,0,0,0,1,0,1,1.0,6.123233995736766e-17,-0.9749279121818236,-0.2225209339563146,0.9997451236925734,0.022576263041545485,32.6625,55.770833333333336,52.45416666666667,52.3375,71.62916666666666,41.94702380952382,45.859523809523814,50.35555555555556,11.61500783087882,Good
2024-03-31,55.75833333333333,113.2,101.3625,587.75,46.75,38.05,39.375,16.016666666666666,21.2,12.3,69.33333333333333,10.229166666666666,0.0,0.0,1009.5083333333332,10.058333333333334,20.2,114.33333333333331,47.875,4897.0,2024,3,6,91,1,No Holiday,0,0,0,1,0,1,1.0,6.123233995736766e-17,-0.7818314824680299,0.6234898018587334,0.9999855506507186,0.005375731557583884,33.06666666666667,32.6625,55.770833333333336,36.833333333333336,48.71666666666667,39.19404761904762,43.10505952380952,50.95944444444444,11.009821703451864,Moderate
2024-04-01,69.00833333333334,91.0,108.2375,988.5416666666666,44.1125,38.07083333333333,55.5,19.39583333333333,27.1,12.8,77.125,14.908333333333331,1.0,1.0,1008.6375,14.933333333333332,21.5,131.5,50.5,5837.0,2024,4,0,92,0,No Holiday,0,0,1,1,0,0,0.8660254037844387,-0.4999999999999998,0.0,1.0,0.9999300657962057,-0.011826390691832589,55.75833333333333,33.06666666666667,32.6625,25.416666666666668,41.97916666666666,41.89761904761905,43.60803571428571,51.29444444444445,12.549465749922037,Moderate
2024-04-02,32.8875,50.3,46.8625,501.2083333333333,38.66666666666666,22.854166666666668,31.666666666666668,17.908333333333335,19.8,16.3,93.91666666666669,16.912499999999998,33.4,33.4,1001.8083333333334,9.766666666666667,15.2,95.45833333333331,100.0,1185.0,2024,4,1,93,0,No Holiday,0,0,1,1,0,0,0.8660254037844387,-0.4999999999999998,0.7818314824680298,0.6234898018587336,0.9995786855478958,-0.029025013321975237,69.00833333333334,55.75833333333333,33.06666666666667,38.15416666666666,53.0,48.125,45.53869047619048,51.294999999999995,13.764941376958767,Good
2024-04-03,22.054166666666664,49.0,32.025,435.9583333333333,41.79583333333333,20.84583333333333,33.5,15.170833333333334,17.1,12.6,83.41666666666667,12.270833333333334,5.2,5.2,1008.7291666666666,15.9625,22.5,167.95833333333334,96.91666666666669,2346.0,2024,4,2,94,0,No Holiday,0,1,1,1,1,0,0.8660254037844387,-0.4999999999999998,0.9749279121818236,-0.22252093395631434,0.9989315138848577,-0.046215046983708354,32.8875,69.00833333333334,55.75833333333333,52.45416666666667,48.8625,47.37261904761905,44.10208333333333,50.80333333333333,14.523790918541312,Good
2024-04-04,42.9125,54.9,67.44583333333334,455.0,38.7625,23.3625,37.125,13.858333333333334,17.5,11.4,60.66666666666666,6.125,0.0,0.0,1016.9416666666666,12.35,18.3,44.25,95.91666666666669,4551.0,2024,4,3,95,0,Qingming Festival,1,1,0,1,1,0,0.8660254037844387,-0.4999999999999998,0.43388373911755823,-0.900968867902419,0.9979887423155984,-0.06339140486951038,22.054166666666664,32.8875,69.00833333333334,55.770833333333336,38.7,43.029761904761905,42.187202380952385,49.85541666666667,17.072502567442903,Moderate
2024-04-05,30.28333333333333,47.7,46.3875,414.2083333333333,44.37083333333334,22.72083333333333,33.208333333333336,13.379166666666668,18.3,8.0,57.083333333333336,4.691666666666666,0.0,0.0,1018.225,10.55,16.9,65.79166666666667,90.70833333333331,5995.0,2024,4,4,96,0,Qingming Festival,1,1,0,1,1,0,0.8660254037844387,-0.4999999999999998,-0.433883739117558,-0.9009688679024191,0.9967506498213929,-0.08054900421874167,42.9125,22.054166666666664,32.8875,32.6625,45.51666666666667,41.19285714285714,42.48809523809524,50.33763888888889,16.139399921559754,Good
2024-04-06,53.85833333333333,82.4,85.42916666666667,561.25,58.85416666666666,37.47916666666666,15.375,13.916666666666666,18.3,10.4,70.0,8.4,1.0,1.0,1017.1791666666668,7.695833333333333,13.4,84.95833333333333,99.70833333333331,4075.0,2024,4,5,97,1,Qingming Festival,1,1,0,1,1,0,0.8660254037844387,-0.4999999999999998,-0.9749279121818236,-0.2225209339563146,0.9952176027737294,-0.09768276782171598,30.28333333333333,42.9125,22.054166666666664,33.06666666666667,52.3375,40.85297619047619,41.4,49.55597222222222,16.37235201135129,Moderate
2024-04-07,46.85,65.9,70.28750000000001,1252.2916666666667,66.36666666666666,48.8375,11.416666666666666,13.879166666666668,15.6,11.9,86.29166666666667,11.6,4.7,4.7,1015.0083333333332,9.3625,13.0,91.125,100.0,1520.0,2024,4,6,98,1,No Holiday,0,1,0,1,1,0,0.8660254037844387,-0.4999999999999998,-0.7818314824680299,0.6234898018587334,0.9933900548258936,-0.11478762552212701,53.85833333333333,30.28333333333333,42.9125,55.75833333333333,36.833333333333336,43.823214285714286,41.508630952380955,49.31986111111111,16.608632094573913,Moderate
2024-04-08,46.14166666666667,108.3,72.425,490.9583333333333,56.34583333333333,29.70833333333333,27.75,13.141666666666666,16.2,11.7,88.70833333333333,11.275,3.7,3.7,1016.5875,8.941666666666666,14.5,72.875,79.70833333333333,2139.0,2024,4,0,99,0,No Holiday,0,0,1,1,0,0,0.8660254037844387,-0.4999999999999998,0.0,1.0,0.9912685467787256,-0.13185851571739118,46.85,53.85833333333333,30.28333333333333,69.00833333333334,25.416666666666668,42.550595238095234,42.22410714285714,48.87694444444444,15.866407967328803,Moderate
2024-04-09,64.3125,107.1,107.22083333333336,698.6666666666666,53.50416666666666,38.99583333333333,34.083333333333336,15.891666666666666,22.5,8.7,78.0,11.545833333333334,0.0,0.0,1020.7958333333332,7.395833333333333,13.0,118.5,84.5,5946.0,2024,4,1,100,0,No Holiday,0,0,1,1,0,0,0.8660254037844387,-0.4999999999999998,0.7818314824680298,0.6234898018587336,0.9888537064205885,-0.1488903868564548,46.14166666666667,46.85,53.85833333333333,32.8875,38.15416666666666,39.283928571428575,43.70446428571429,48.139444444444436,11.170224720399922,Moderate
2024-04-10,51.63333333333333,69.2,86.59583333333335,929.125,61.5125,34.9375,29.25,16.900000000000002,21.9,12.4,64.33333333333333,9.983333333333333,0.2,0.2,1018.2458333333334,14.670833333333334,18.2,120.33333333333331,91.95833333333331,3461.0,2024,4,2,101,0,No Holiday,0,0,1,1,0,0,0.8660254037844387,-0.4999999999999998,0.9749279121818236,-0.22252093395631434,0.986146248341595,-0.16587819893463143,64.3125,46.14166666666667,46.85,22.054166666666664,52.45416666666667,43.77321428571429,45.57291666666667,48.23430555555556,14.101316767945738,Moderate
2024-04-11,59.4125,85.4,98.9875,702.625,49.65,30.141666666666666,46.333333333333336,18.03333333333333,23.2,13.9,75.70833333333333,13.508333333333333,1.4,1.4,1015.0375,7.425,13.7,116.0,97.45833333333331,4404.0,2024,4,3,102,0,No Holiday,0,0,1,1,0,0,0.8660254037844387,-0.4999999999999998,0.43388373911755823,-0.900968867902419,0.9831469737221499,-0.1828169249850199,51.63333333333333,64.3125,46.14166666666667,42.9125,55.770833333333336,47.99880952380953,45.51428571428572,48.038333333333334,10.473439929097461,Moderate
2024-04-12,56.21666666666667,66.4,84.17916666666666,957.5416666666666,59.94583333333333,34.43333333333333,25.45833333333333,18.279166666666665,22.1,15.4,83.5,15.266666666666666,0.6000000000000001,0.6000000000000001,1012.3666666666668,6.6375,10.1,90.54166666666669,72.29166666666667,3556.0,2024,4,4,103,0,No Holiday,0,0,1,1,0,0,0.8660254037844387,-0.4999999999999998,-0.433883739117558,-0.9009688679024191,0.9798567700958665,-0.1997015525660636,59.4125,51.63333333333333,64.3125,30.28333333333333,32.6625,50.35595238095238,45.77440476190476,47.95736111111111,10.982308441776606,Moderate
2024-04-13,37.425,49.4,54.12916666666666,1337.4583333333333,67.30833333333334,44.1125,16.375,17.670833333333334,21.5,14.6,85.79166666666667,15.058333333333332,0.3,0.3,1012.2083333333334,14.158333333333331,19.0,105.41666666666669,80.83333333333333,2819.0,2024,4,5,104,1,No Holiday,0,0,0,1,0,0,0.8660254037844387,-0.4999999999999998,-0.9749279121818236,-0.2225209339563146,0.9762766110869321,-0.21652708524481437,56.21666666666667,59.4125,51.63333333333333,53.85833333333333,33.06666666666667,54.06071428571429,47.45684523809524,48.18722222222222,6.570485818834309,Moderate
2024-04-14,30.90833333333333,55.5,44.42083333333333,851.1666666666666,54.2125,29.120833333333334,34.0,19.27083333333333,24.7,15.9,88.125,17.183333333333334,2.8000000000000003,2.8000000000000003,1007.35,13.770833333333334,19.3,195.41666666666663,80.41666666666667,2799.0,2024,4,6,105,1,No Holiday,0,0,0,1,0,0,0.8660254037844387,-0.4999999999999998,-0.7818314824680299,0.6234898018587334,0.9724075561219968,-0.23328854407545518,37.425,56.21666666666667,59.4125,46.85,55.75833333333333,51.71309523809524,47.76815476190477,46.60194444444445,9.102696750321144,Good
2024-04-15,53.05416666666667,86.6,77.32916666666667,963.7083333333334,51.6875,35.78333333333333,39.54166666666666,19.754166666666663,25.6,14.3,84.58333333333333,16.833333333333332,0.1,0.1,1010.6333333333332,4.891666666666667,8.7,204.33333333333331,62.75,5625.0,2024,4,0,106,0,No Holiday,0,0,1,1,0,0,0.8660254037844387,-0.4999999999999998,0.0,1.0,0.9682507501166718,-0.2499809690726521,30.90833333333333,37.425,56.21666666666667,46.14166666666667,69.00833333333334,49.435714285714276,45.99315476190476,45.82541666666667,12.04185550052412,Moderate
2024-04-16,57.97916666666666,83.6,91.13333333333333,705.625,53.69166666666666,29.375,55.66666666666666,21.166666666666668,25.1,18.0,78.375,17.004166666666666,0.9,0.9,1011.1791666666668,12.35,19.8,57.875,99.91666666666669,4963.0,2024,4,1,107,0,No Holiday,0,0,1,1,0,0,0.8660254037844387,-0.4999999999999998,0.7818314824680298,0.6234898018587336,0.9638074231367307,-0.26659942067929354,53.05416666666667,30.90833333333333,37.425,64.3125,32.8875,50.42321428571428,44.85357142857142,45.20625,12.010093376959263,Moderate
2024-04-17,51.30416666666667,99.7,80.09166666666667,393.9583333333333,50.85,26.23333333333333,29.20833333333333,15.145833333333334,17.8,12.1,86.875,12.954166666666666,22.3,22.3,1010.6,11.770833333333334,17.5,89.29166666666667,84.45833333333333,789.0,2024,4,2,108,0,No Holiday,0,0,1,1,0,0,0.8660254037844387,-0.4999999999999998,0.9749279121818236,-0.22252093395631434,0.9590788900341131,-0.28313898122818354,57.97916666666666,53.05416666666667,30.90833333333333,51.63333333333333,22.054166666666664,49.51845238095238,46.64583333333333,45.515,10.984110171361815,Moderate
2024-04-18,59.34583333333333,100.4,89.12083333333334,640.5,44.32083333333333,39.74166666666667,28.541666666666668,16.058333333333334,22.8,9.8,77.375,11.545833333333334,0.0,0.0,1011.5458333333332,6.954166666666667,13.6,157.29166666666666,59.0,6307.0,2024,4,3,109,0,No Holiday,0,0,1,1,0,0,0.8660254037844387,-0.4999999999999998,0.43388373911755823,-0.900968867902419,0.9540665500578387,-0.2995947563972602,51.30416666666667,57.97916666666666,53.05416666666667,59.4125,42.9125,49.471428571428575,48.735119047619044,45.82583333333333,10.974247376900994,Moderate
2024-04-19,39.525,51.6,57.81666666666666,757.0416666666666,51.3625,29.8375,29.70833333333333,15.995833333333332,18.8,13.6,79.54166666666667,12.329166666666666,38.5,38.5,1003.875,17.2625,26.9,126.125,99.75,1944.0,2024,4,4,110,0,No Holiday,0,0,1,1,0,0,0.8660254037844387,-0.4999999999999998,-0.433883739117558,-0.9009688679024191,0.9487718864399473,-0.31596187665790293,59.34583333333333,51.30416666666667,57.97916666666666,56.21666666666667,30.28333333333333,49.461904761904755,49.908928571428575,46.03736111111111,10.964206661297505,Moderate
2024-04-20,27.45,44.7,39.66666666666666,611.25,38.48333333333333,22.22083333333333,40.79166666666666,17.558333333333334,21.7,14.8,78.04166666666667,13.433333333333332,0.0,0.0,1005.7291666666666,13.1625,18.1,232.04166666666663,99.54166666666669,4972.0,2024,4,5,111,1,No Holiday,0,0,0,1,0,0,0.8660254037844387,-0.4999999999999998,-0.9749279121818236,-0.2225209339563146,0.9431964659565866,-0.33223549871590435,39.525,59.34583333333333,51.30416666666667,37.425,53.85833333333333,47.077380952380956,50.56904761904762,45.72611111111111,11.064933781543727,Good
2024-04-21,45.05833333333334,75.9,66.75416666666666,377.2916666666667,56.57916666666667,26.570833333333336,32.291666666666664,17.150000000000002,21.4,12.8,78.125,13.141666666666666,0.0,0.0,1010.1666666666666,7.158333333333334,11.7,70.25,94.5,4920.0,2024,4,6,112,1,No Holiday,0,0,0,1,0,0,0.8660254037844387,-0.4999999999999998,-0.7818314824680299,0.6234898018587334,0.9373419384643772,-0.3484108069446808,27.45,39.525,59.34583333333333,30.90833333333333,46.85,45.65238095238095,48.68273809523809,45.351111111111116,12.990046237662678,Moderate
2024-04-22,57.65,70.3,88.3,615.9166666666666,55.083333333333336,32.575,28.166666666666668,18.325,23.2,13.3,77.04166666666667,13.933333333333332,0.0,0.0,1009.2666666666668,8.762500000000001,13.1,90.25,53.54166666666666,5945.0,2024,4,0,113,0,No Holiday,0,0,1,1,0,0,0.8660254037844387,-0.4999999999999998,0.0,1.0,0.9312100364121947,-0.3644830148102912,45.05833333333334,27.45,39.525,53.05416666666667,46.14166666666667,47.67380952380952,48.554761904761904,45.335833333333326,11.30494394527547,Moderate
2024-04-23,62.8,100.4,96.175,1277.6666666666667,66.25,44.53333333333333,28.58333333333333,18.60833333333333,23.6,15.3,83.16666666666667,15.504166666666668,3.2,3.2,1008.05,8.266666666666667,14.1,155.20833333333334,87.625,4402.0,2024,4,1,114,0,No Holiday,0,0,1,1,0,0,0.8660254037844387,-0.4999999999999998,0.7818314824680298,0.6234898018587336,0.9248025743285089,-0.38044736628785164,57.65,45.05833333333334,27.45,57.97916666666666,64.3125,48.330357142857146,49.37678571428571,45.51291666666667,11.792436104235934,Moderate
2024-04-24,45.083333333333336,65.4,72.1875,414.2916666666667,42.86666666666667,23.5,64.29166666666667,18.654166666666665,24.6,13.3,67.29166666666667,11.633333333333333,0.0,0.0,1010.525,8.908333333333333,13.2,146.58333333333334,88.66666666666667,6272.0,2024,4,2,115,0,No Holiday,0,0,1,1,0,0,0.8660254037844387,-0.4999999999999998,0.9749279121818236,-0.22252093395631434,0.9181214482844364,-0.39629913726891813,62.8,57.65,45.05833333333334,51.30416666666667,51.63333333333333,49.01904761904762,49.26875,46.378472222222214,12.565297932649418,Moderate
2024-04-25,41.8625,55.6,63.59583333333333,419.0833333333333,34.0875,19.78333333333333,63.29166666666666,19.47083333333333,24.5,14.8,63.16666666666666,12.191666666666668,0.0,0.0,1006.4833333333332,11.520833333333334,17.4,130.29166666666666,78.04166666666667,4824.0,2024,4,3,116,0,No Holiday,0,0,1,1,0,0,0.8660254037844387,-0.4999999999999998,0.43388373911755823,-0.900968867902419,0.9111686353326631,-0.41203363695942635,45.083333333333336,62.8,57.65,59.34583333333333,59.4125,48.130357142857136,48.800892857142856,47.03402777777778,12.596692392298499,Moderate
2024-04-26,46.53333333333333,57.0,68.52499999999999,588.375,45.90833333333333,24.991666666666664,50.083333333333336,19.9125,26.0,15.1,77.04166666666667,15.4375,0.0,0.0,1004.6,8.762500000000001,13.7,100.75,17.5,5918.0,2024,4,4,117,0,No Holiday,0,0,1,1,0,0,0.8660254037844387,-0.4999999999999998,-0.433883739117558,-0.9009688679024191,0.9039461929224011,-0.42764620926777464,41.8625,45.083333333333336,62.8,39.525,56.21666666666667,45.632738095238096,47.54732142857142,47.15763888888889,11.703933640675874,Moderate
2024-04-27,49.10833333333333,72.9,73.21666666666667,1271.2916666666667,70.26666666666667,47.54583333333333,28.5,19.7625,25.5,15.0,79.625,15.875,0.0,0.0,1007.3625,13.129166666666668,21.4,97.41666666666669,50.833333333333336,6081.0,2024,4,5,118,1,No Holiday,0,0,0,1,0,0,0.8660254037844387,-0.4999999999999998,-0.9749279121818236,-0.2225209339563146,0.8964562582905575,-0.44313223418263453,46.53333333333333,41.8625,45.083333333333336,27.45,37.425,46.63392857142857,46.85565476190476,46.96027777777778,11.389924689154167,Moderate
2024-04-28,19.883333333333333,42.6,28.6625,784.2083333333334,64.04166666666667,30.45833333333333,12.125,18.166666666666668,20.7,16.5,90.375,16.545833333333334,18.4,18.4,1007.0,15.083333333333334,20.5,71.08333333333333,100.0,1288.0,2024,4,6,119,1,No Holiday,0,0,0,1,0,0,0.8660254037844387,-0.4999999999999998,-0.7818314824680299,0.6234898018587334,0.8887010478292915,-0.45848712914008766,49.10833333333333,46.53333333333333,41.8625,45.05833333333334,30.90833333333333,49.727976190476184,47.690178571428575,46.73819444444444,7.6318407058536115,Good
2024-04-29,33.93333333333333,54.5,51.16666666666666,322.4583333333333,46.333333333333336,23.870833333333334,43.79166666666666,18.3,23.0,15.4,80.25,14.579166666666666,0.9,0.9,1008.5291666666668,9.204166666666667,13.7,107.45833333333331,73.625,4850.0,2024,4,0,120,0,No Holiday,0,0,1,1,0,0,0.8660254037844387,-0.4999999999999998,0.0,1.0,0.8806828564301475,-0.47370635037968,19.883333333333333,49.10833333333333,46.53333333333333,57.65,53.05416666666667,46.131547619047616,46.902678571428574,46.31222222222222,13.71025777127339,Good
2024-04-30,26.829166666666666,41.2,41.45,269.2083333333333,41.90833333333333,17.958333333333332,37.875,14.645833333333334,17.8,12.1,80.0,11.204166666666666,3.9,3.9,1009.7083333333334,16.804166666666667,23.2,37.5,100.0,1505.0,2024,4,1,121,0,No Holiday,0,1,1,1,1,0,0.8660254037844387,-0.4999999999999998,0.7818314824680298,0.6234898018587336,0.8724040568049612,-0.48878539428899265,33.93333333333333,19.883333333333333,49.10833333333333,62.8,57.97916666666666,42.74345238095238,45.53690476190476,46.34111111111111,13.314117632796691,Good
2024-05-01,45.16666666666666,67.3,65.71249999999999,385.8333333333333,45.9,25.1125,34.458333333333336,15.9,21.0,12.0,63.0,8.354166666666666,0.0,0.0,1013.7833333333332,7.5625,10.0,152.70833333333334,78.375,6308.0,2024,5,2,122,0,Labor Day,1,1,0,1,1,0,0.49999999999999994,-0.8660254037844387,0.9749279121818236,-0.22252093395631434,0.8638670987837349,-0.503719798736334,26.829166666666666,33.93333333333333,19.883333333333333,45.083333333333336,51.30416666666667,37.6047619047619,43.31190476190476,45.37680555555555,11.028378384648146,Moderate
2024-05-02,45.1375,66.6,67.31666666666666,482.7083333333333,52.025,27.7125,36.91666666666666,16.245833333333334,21.4,10.6,57.708333333333336,7.2625,0.0,0.0,1016.2166666666668,9.233333333333333,14.6,98.29166666666669,50.16666666666666,5136.0,2024,5,3,123,0,Labor Day,1,1,0,1,1,0,0.49999999999999994,-0.8660254037844387,0.43388373911755823,-0.900968867902419,0.8550745085896932,-0.518505144391157,45.16666666666666,26.829166666666666,33.93333333333333,41.8625,59.34583333333333,37.61666666666667,42.873511904761905,44.58208333333334,11.037837648457446,Moderate
2024-05-03,37.92083333333333,47.1,57.275,870.9583333333334,62.725,37.37916666666667,23.541666666666668,16.829166666666666,20.6,12.5,74.20833333333333,11.929166666666667,0.0,0.0,1015.3458333333332,13.520833333333334,19.5,110.75,88.33333333333333,3820.0,2024,5,4,124,0,Labor Day,1,1,0,1,1,0,0.49999999999999994,-0.8660254037844387,-0.433883739117558,-0.9009688679024191,0.8460288880917339,-0.533137056031809,45.1375,45.16666666666666,26.829166666666666,46.53333333333333,39.525,38.08452380952381,41.85863095238095,44.99041666666667,11.31375829770037,Moderate
2024-05-04,36.44583333333333,45.4,54.11666666666667,785.25,55.86666666666667,29.641666666666666,37.208333333333336,17.412499999999998,21.6,14.8,80.83333333333333,13.991666666666667,14.4,14.4,1009.6375,13.191666666666668,19.1,111.75,100.0,2428.0,2024,5,5,125,1,Labor Day,1,1,0,1,1,0,0.49999999999999994,-0.8660254037844387,-0.9749279121818236,-0.2225209339563146,0.8367329140344921,-0.5476112038402312,37.92083333333333,45.1375,45.16666666666666,49.10833333333333,27.45,36.854166666666664,41.74404761904761,45.51930555555555,10.693103090483353,Moderate
2024-05-05,28.241666666666664,48.0,40.425,736.5416666666666,49.32916666666667,29.666666666666668,28.291666666666668,18.070833333333333,21.1,15.9,86.75,15.725,15.1,15.1,1007.4,9.216666666666669,17.0,258.7083333333333,95.41666666666669,2688.0,2024,5,6,126,1,Labor Day,1,1,0,1,1,0,0.49999999999999994,-0.8660254037844387,-0.7818314824680299,0.6234898018587334,0.8271893372462497,-0.5619233046832195,36.44583333333333,37.92083333333333,45.1375,19.883333333333333,45.05833333333334,35.0452380952381,42.386607142857144,45.30375,9.2479844615208,Good
2024-05-06,47.708333333333336,82.2,70.39583333333333,676.3333333333334,48.325,27.570833333333336,56.54166666666666,19.9,25.0,14.9,80.45833333333333,16.104166666666668,0.7000000000000001,0.7000000000000001,1011.0708333333332,10.183333333333334,17.3,203.79166666666663,44.208333333333336,6029.0,2024,5,0,127,0,No Holiday,0,1,1,1,1,0,0.49999999999999994,-0.8660254037844387,0.0,1.0,0.8174009818249189,-0.5760691233798758,28.241666666666664,36.44583333333333,37.92083333333333,33.93333333333333,57.65,36.239285714285714,41.18541666666666,45.23569444444444,7.298130808203684,Moderate
2024-05-07,78.29166666666667,103.4,116.7625,520.375,56.90416666666667,29.85,65.29166666666667,20.1625,25.5,16.5,79.625,16.129166666666666,1.2999999999999998,1.2999999999999998,1014.7875,5.808333333333334,12.7,80.33333333333333,26.125,6411.0,2024,5,1,128,0,No Holiday,0,0,1,1,0,0,0.49999999999999994,-0.8660254037844387,0.7818314824680298,0.6234898018587336,0.8073707443023492,-0.5900444739548627,47.708333333333336,28.241666666666664,36.44583333333333,26.829166666666666,62.8,38.207142857142856,40.47529761904762,45.03069444444444,8.353548991534621,Unhealthy for Sensitive Groups
2024-05-08,54.60416666666666,73.8,80.15833333333333,524.5,52.05833333333334,23.0125,66.75,18.7125,23.0,15.3,70.41666666666667,12.729166666666666,0.0,0.0,1018.1166666666668,9.454166666666667,13.2,46.41666666666666,3.0,7015.0,2024,5,2,129,0,No Holiday,0,0,1,1,0,0,0.49999999999999994,-0.8660254037844387,0.9749279121818236,-0.22252093395631434,0.7971015927871943,-0.6038452208771035,78.29166666666667,47.708333333333336,28.241666666666664,45.16666666666666,45.083333333333336,45.55892857142857,41.581845238095234,46.07875,15.904192943202231,Moderate
2024-05-09,34.7125,47.3,51.17083333333333,531.3333333333334,40.75,22.191666666666663,57.958333333333336,18.604166666666668,23.5,13.4,65.875,11.675,0.0,0.0,1016.625,12.733333333333334,16.5,132.375,91.625,5903.0,2024,5,3,130,0,No Holiday,0,0,1,1,0,0,0.49999999999999994,-0.8660254037844387,0.43388373911755823,-0.900968867902419,0.7865965660866021,-0.6174672802835514,54.60416666666666,78.29166666666667,47.708333333333336,45.1375,41.8625,46.90714285714286,42.26190476190476,46.36083333333333,16.261400152527926,Good
2024-05-10,40.43333333333333,49.9,60.22083333333333,418.8333333333333,32.34583333333333,18.754166666666663,91.45833333333331,21.883333333333336,28.4,14.6,68.33333333333333,15.491666666666667,0.0,0.0,1010.7958333333332,13.366666666666667,18.1,175.95833333333334,27.125,6794.0,2024,5,4,131,0,No Holiday,0,0,1,1,0,0,0.49999999999999994,-0.8660254037844387,-0.433883739117558,-0.9009688679024191,0.7758587728069828,-0.6309066211876704,34.7125,54.60416666666666,78.29166666666667,37.92083333333333,46.53333333333333,45.41785714285714,41.75119047619047,45.37416666666666,16.914740536604025,Moderate
2024-05-11,31.883333333333336,41.0,46.16666666666666,489.5416666666667,44.208333333333336,24.195833333333336,47.333333333333336,21.4875,24.4,17.7,88.66666666666667,19.525,15.9,15.9,1009.075,11.308333333333332,16.6,174.79166666666666,99.0,2326.0,2024,5,5,132,1,No Holiday,0,0,0,1,0,0,0.49999999999999994,-0.8660254037844387,-0.9749279121818236,-0.2225209339563146,0.7648913904341225,-0.6441592666722685,40.43333333333333,34.7125,54.60416666666666,36.44583333333333,49.10833333333333,45.776785714285715,41.31547619047619,45.000833333333325,16.755043957443785,Good
2024-05-12,41.47916666666666,74.0,78.0625,363.1666666666667,49.03333333333333,22.7625,50.958333333333336,19.041666666666668,24.2,14.6,68.83333333333333,12.529166666666669,0.0,0.0,1013.35,8.079166666666667,12.4,48.333333333333336,76.70833333333333,6040.0,2024,5,6,133,1,No Holiday,0,0,0,1,0,0,0.49999999999999994,-0.8660254037844387,-0.7818314824680299,0.6234898018587334,0.753697664392914,-0.6572212950663319,31.883333333333336,40.43333333333333,34.7125,28.241666666666664,19.883333333333333,45.125,40.085119047619045,44.083194444444445,17.259666675518403,Moderate
2024-05-13,55.67083333333333,82.2,98.25416666666666,546.5416666666666,59.54166666666666,32.62916666666667,56.25,19.89583333333333,26.0,12.8,64.125,12.279166666666669,0.0,0.0,1014.35,7.054166666666667,10.1,199.91666666666663,15.75,7091.0,2024,5,0,134,0,No Holiday,0,0,1,1,0,0,0.49999999999999994,-0.8660254037844387,0.0,1.0,0.742280907086982,-0.6700888411055113,41.47916666666666,31.883333333333336,40.43333333333333,47.708333333333336,33.93333333333333,47.01607142857143,41.627678571428575,43.59194444444445,15.761708138789443,Moderate
2024-05-14,41.71666666666667,61.2,66.875,440.7916666666667,44.67916666666667,19.570833333333333,86.375,20.695833333333333,26.8,14.4,63.958333333333336,13.283333333333331,0.0,0.0,1012.5666666666666,10.095833333333331,14.5,159.91666666666666,0.0,7189.0,2024,5,1,135,0,No Holiday,0,0,1,1,0,0,0.49999999999999994,-0.8660254037844387,0.7818314824680298,0.6234898018587336,0.7306444969184916,-0.6827580970759147,55.67083333333333,41.47916666666666,31.883333333333336,78.29166666666667,26.829166666666666,48.153571428571425,43.18035714285713,44.20013888888889,16.103607225544327,Moderate
2024-05-15,45.333333333333336,83.4,71.37916666666666,472.9583333333333,45.5625,19.754166666666663,52.125,18.925,23.1,14.4,66.41666666666667,12.0,0.0,0.0,1017.0541666666668,13.641666666666666,33.0,113.54166666666669,7.083333333333333,6995.0,2024,5,2,136,0,No Holiday,0,0,1,1,0,0,0.49999999999999994,-0.8660254037844387,0.9749279121818236,-0.22252093395631434,0.7187918772884232,-0.6952253139408722,41.71666666666667,55.67083333333333,41.47916666666666,54.60416666666666,45.16666666666666,42.92857142857143,44.24374999999999,44.56041666666666,9.110265065490278,Moderate
2024-05-16,27.133333333333336,33.3,40.02916666666667,279.5833333333333,34.88333333333333,15.929166666666667,70.70833333333333,19.2375,25.8,12.8,58.708333333333336,10.391666666666667,0.0,0.0,1014.4,11.358333333333334,14.9,183.125,4.75,7373.0,2024,5,3,137,0,No Holiday,0,0,1,1,0,0,0.49999999999999994,-0.8660254037844387,0.43388373911755823,-0.900968867902419,0.7067265555776158,-0.7074868024503348,45.333333333333336,41.71666666666667,55.67083333333333,34.7125,45.1375,41.604166666666664,44.25565476190476,44.30305555555556,7.6937918395529135,Good
2024-05-17,35.87083333333333,48.9,53.99583333333334,408.25,43.2375,19.870833333333334,92.66666666666669,23.5875,29.6,18.0,64.54166666666667,16.270833333333332,0.0,0.0,1007.9291666666668,12.2625,16.5,186.875,33.0,6221.0,2024,5,4,138,0,No Holiday,0,0,1,1,0,0,0.49999999999999994,-0.8660254037844387,-0.433883739117558,-0.9009688679024191,0.6944521021088763,-0.719538934232584,27.133333333333336,45.333333333333336,41.71666666666667,40.43333333333333,37.92083333333333,40.521428571428565,42.96964285714285,43.27486111111111,9.209327632521408,Moderate
2024-05-18,50.17916666666667,72.4,75.20416666666667,487.6666666666667,39.3375,21.95833333333333,104.83333333333331,25.35,32.0,19.4,68.08333333333333,18.504166666666663,0.0,0.0,1008.3875,10.666666666666666,15.3,144.5,24.5,6711.0,2024,5,5,139,1,No Holiday,0,0,0,1,0,0,0.49999999999999994,-0.8660254037844387,-0.9749279121818236,-0.2225209339563146,0.6819721490904629,-0.7313781428679254,35.87083333333333,27.133333333333336,45.333333333333336,31.883333333333336,36.44583333333333,39.86964285714286,42.823214285714286,42.760416666666664,9.376538057255148,Moderate
2024-05-19,37.85,59.8,58.29583333333333,663.0416666666666,49.225,28.258333333333336,51.125,23.04583333333333,28.7,18.2,73.33333333333333,17.595833333333335,0.0,0.0,1008.8291666666668,14.6625,18.3,112.70833333333331,95.625,6279.0,2024,5,6,140,1,No Holiday,0,0,0,1,0,0,0.49999999999999994,-0.8660254037844387,-0.7818314824680299,0.6234898018587334,0.6692903895412567,-0.7430009249440493,50.17916666666667,35.87083333333333,27.133333333333336,41.47916666666666,28.241666666666664,42.483333333333334,43.80416666666667,42.45486111111111,9.32918620661944,Moderate
2024-05-20,44.7125,61.5,66.925,1035.5416666666667,65.8125,40.44166666666667,24.45833333333333,22.77083333333333,27.9,17.8,75.375,17.945833333333333,0.0,0.0,1010.7458333333334,11.470833333333331,15.2,89.66666666666667,87.5,5909.0,2024,5,0,141,0,No Holiday,0,0,1,1,0,0,0.49999999999999994,-0.8660254037844387,0.0,1.0,0.6564105761979381,-0.7544038410927472,37.85,50.17916666666667,35.87083333333333,55.67083333333333,47.708333333333336,41.96488095238095,44.490476190476194,42.399027777777775,9.493683590075364,Moderate
2024-05-21,36.09166666666667,57.0,53.12083333333334,947.8333333333334,61.00416666666666,37.82083333333333,21.95833333333333,23.35,27.7,19.8,76.58333333333333,18.758333333333333,0.2,0.2,1012.75,14.208333333333334,17.9,102.875,88.95833333333333,3587.0,2024,5,1,142,0,No Holiday,0,0,1,1,0,0,0.49999999999999994,-0.8660254037844387,0.7818314824680298,0.6234898018587336,0.6433365204044917,-0.765583517007675,44.7125,37.85,50.17916666666667,41.71666666666667,78.29166666666667,40.39940476190476,44.27648809523809,42.97444444444444,7.564406106805607,Moderate
2024-05-22,43.25,58.3,65.925,1051.6666666666667,61.91666666666666,46.45,25.83333333333333,22.77916666666667,27.4,19.4,65.25,15.583333333333334,0.3,0.3,1011.6791666666668,11.425,14.1,111.58333333333331,97.125,6181.0,2024,5,2,143,0,No Holiday,0,0,1,1,0,0,0.49999999999999994,-0.8660254037844387,0.9749279121818236,-0.22252093395631434,0.6300720909843687,-0.7765366444428655,36.09166666666667,44.7125,37.85,45.333333333333336,54.60416666666666,39.59583333333334,41.26220238095238,42.675555555555555,7.698731256704815,Moderate
2024-05-23,48.270833333333336,67.1,71.54166666666667,771.7916666666666,45.68333333333333,27.954166666666666,57.708333333333336,24.075,29.7,18.4,70.66666666666667,17.983333333333334,0.0,0.0,1007.7666666666668,8.8125,13.8,122.875,27.125,6896.0,2024,5,3,144,0,No Holiday,0,0,1,1,0,0,0.49999999999999994,-0.8660254037844387,0.43388373911755823,-0.900968867902419,0.6166212130956382,-0.7872599821916922,43.25,36.09166666666667,44.7125,27.133333333333336,34.7125,39.29821428571429,40.45119047619047,42.19555555555555,7.477040032359289,Moderate
2024-05-24,64.81666666666666,108.5,94.95416666666668,1014.5833333333334,52.5,37.91666666666666,37.125,25.6875,31.2,20.4,67.5,18.59583333333333,0.0,0.0,1008.7083333333334,10.091666666666669,16.7,105.45833333333331,0.875,6900.0,2024,5,4,145,0,No Holiday,0,0,1,1,0,0,0.49999999999999994,-0.8660254037844387,-0.433883739117558,-0.9009688679024191,0.6029878670694714,-0.7977503570459932,48.270833333333336,43.25,36.09166666666667,35.87083333333333,40.43333333333333,42.31785714285714,41.419642857142854,41.71125,5.832847060230789,Moderate
2024-05-25,40.40833333333333,75.9,58.54166666666666,967.625,55.9625,36.329166666666666,44.125,25.10833333333333,30.1,19.5,74.08333333333333,19.825,0.0,0.0,1008.1625,14.908333333333331,17.3,118.5,48.083333333333336,5360.0,2024,5,5,146,1,No Holiday,0,0,0,1,0,0,0.49999999999999994,-0.8660254037844387,-0.9749279121818236,-0.2225209339563146,0.5891760872322963,-0.8080046647350754,64.81666666666666,48.270833333333336,43.25,50.17916666666667,31.883333333333336,46.45297619047619,43.16130952380952,42.369027777777774,9.566177190066387,Moderate
2024-05-26,57.6125,86.6,82.64166666666667,656.625,49.525,28.05,62.04166666666666,25.816666666666663,30.4,22.5,81.29166666666667,22.254166666666663,1.7999999999999998,1.7999999999999998,1003.0583333333334,9.591666666666669,23.7,164.29166666666666,93.33333333333331,4425.0,2024,5,6,147,1,No Holiday,0,0,0,1,0,0,0.49999999999999994,-0.8660254037844387,-0.7818314824680299,0.6234898018587334,0.5751899607119775,-0.8180198708443174,40.40833333333333,64.81666666666666,48.270833333333336,37.85,41.47916666666666,45.05714285714286,43.77023809523809,42.32055555555555,9.644387254900503,Moderate
2024-05-27,36.583333333333336,76.4,57.55833333333334,371.625,41.55416666666667,19.479166666666668,55.75,19.03333333333333,24.4,15.8,82.0,15.833333333333334,31.7,31.7,1005.45,16.441666666666666,24.0,59.25,79.375,1661.0,2024,5,0,148,0,No Holiday,0,0,1,1,0,0,0.49999999999999994,-0.8660254037844387,0.0,1.0,0.5610336262283677,-0.8277930117131022,57.6125,40.40833333333333,64.81666666666666,44.7125,55.67083333333333,47.88035714285714,44.922619047619044,42.68986111111111,10.066326255019108,Moderate
2024-05-28,42.35,55.6,61.38333333333333,474.1666666666667,44.99166666666667,29.09583333333333,45.66666666666666,20.54583333333333,26.4,14.2,65.54166666666667,13.283333333333331,0.0,0.0,1008.5666666666666,7.554166666666667,12.4,153.08333333333334,18.416666666666668,7228.0,2024,5,1,149,0,No Holiday,0,0,1,1,0,0,0.49999999999999994,-0.8660254037844387,0.7818314824680298,0.6234898018587336,0.5467112728685939,-0.8373211953118121,36.583333333333336,57.6125,40.40833333333333,36.09166666666667,41.71666666666667,46.719047619047615,43.559226190476195,42.27236111111111,10.924990427453356,Moderate
2024-05-29,32.362500000000004,44.0,47.4375,716.375,50.43333333333334,32.5125,45.91666666666666,21.425,25.9,17.0,54.75,11.716666666666669,0.0,0.0,1008.8,14.783333333333331,21.4,123.95833333333331,81.375,6961.0,2024,5,2,150,0,No Holiday,0,0,1,1,0,0,0.49999999999999994,-0.8660254037844387,0.9749279121818236,-0.22252093395631434,0.5322271388474397,-0.8466016020976267,42.35,36.583333333333336,57.6125,43.25,45.333333333333336,47.61309523809524,43.604464285714286,43.02125,10.138084945839028,Good
2024-05-30,40.59583333333333,56.6,61.74583333333334,560.625,55.50416666666666,40.22916666666666,29.70833333333333,19.991666666666667,21.0,18.8,85.75,17.483333333333334,10.6,10.6,1006.8583333333332,5.420833333333333,14.2,164.41666666666666,100.0,1328.0,2024,5,3,151,0,No Holiday,0,0,1,1,0,0,0.49999999999999994,-0.8660254037844387,0.43388373911755823,-0.900968867902419,0.5175855102531889,-0.8556314858488706,32.362500000000004,42.35,36.583333333333336,48.270833333333336,27.133333333333336,46.0577380952381,42.677976190476194,42.968888888888884,11.642556294194693,Moderate
2024-05-31,66.175,81.5,97.00416666666666,849.2916666666666,57.55416666666667,51.975,34.25,21.558333333333334,25.5,18.5,83.41666666666667,18.495833333333334,0.2,0.2,1010.1583333333332,5.4,13.1,162.95833333333334,91.16666666666669,4997.0,2024,5,4,152,0,No Holiday,0,0,1,1,0,0,0.49999999999999994,-0.8660254037844387,-0.433883739117558,-0.9009688679024191,0.5027907197793043,-0.8644081744776648,40.59583333333333,32.362500000000004,42.35,64.81666666666666,35.87083333333333,44.96130952380952,43.639583333333334,43.42777777777778,11.760202848239757,Moderate
2024-06-01,55.78333333333333,80.6,83.18333333333334,496.2083333333333,46.77916666666667,25.8625,61.333333333333336,22.6875,26.9,17.7,68.70833333333333,16.220833333333335,0.0,0.0,1012.875,9.995833333333334,15.5,74.29166666666667,62.375,5711.0,2024,6,5,153,1,No Holiday,0,0,0,1,0,0,1.2246467991473532e-16,-1.0,-0.9749279121818236,-0.2225209339563146,0.4878471454423119,-0.8729290708206411,66.175,40.59583333333333,32.362500000000004,40.40833333333333,50.17916666666667,45.15535714285714,45.804166666666674,44.128055555555555,12.147263760414518,Moderate
2024-06-02,37.32083333333333,63.3,56.12083333333334,603.4166666666666,55.19166666666666,28.7875,42.833333333333336,21.8875,26.5,18.2,62.583333333333336,14.225,0.0,0.0,1011.2333333333332,8.183333333333334,14.2,118.33333333333331,88.5,5040.0,2024,6,6,154,1,No Holiday,0,0,0,1,0,0,1.2246467991473532e-16,-1.0,-0.7818314824680299,0.6234898018587334,0.47275920928627757,-0.881191653407483,55.78333333333333,66.175,40.59583333333333,57.6125,37.85,47.35178571428572,46.20446428571429,44.48291666666667,12.529868679558634,Moderate
2024-06-03,38.975,72.2,56.770833333333336,491.7083333333333,56.5375,28.758333333333336,69.25,24.42083333333333,29.7,19.8,57.75,15.020833333333334,0.0,0.0,1009.6375,7.725,16.8,171.625,51.333333333333336,7078.0,2024,6,0,155,0,No Holiday,0,0,1,1,0,0,1.2246467991473532e-16,-1.0,0.0,1.0,0.4575313760742512,-0.8891934772070711,37.32083333333333,55.78333333333333,66.175,36.583333333333336,44.7125,44.45297619047619,46.16666666666667,44.462916666666665,12.100287367045455,Moderate
2024-06-04,34.170833333333334,51.1,51.99166666666667,346.2916666666667,50.84583333333333,20.620833333333334,58.16666666666666,23.866666666666664,28.6,19.2,54.54166666666666,13.775,0.0,0.0,1012.1125,9.954166666666667,14.2,81.0,99.0,5672.0,2024,6,1,156,0,No Holiday,0,0,1,1,0,0,1.2246467991473532e-16,-1.0,0.7818314824680298,0.6234898018587336,0.44216815196707204,-0.8969321743510065,38.975,37.32083333333333,55.78333333333333,42.35,36.09166666666667,44.794642857142854,45.756845238095245,44.547222222222224,11.872668317450419,Good
2024-06-05,50.15,63.3,77.5625,954.7083333333334,64.32083333333334,40.66666666666666,23.33333333333333,20.92083333333333,22.1,19.0,79.875,17.275000000000002,4.3,4.3,1013.1375,9.275,13.0,118.29166666666669,97.375,1752.0,2024,6,2,157,0,No Holiday,0,0,1,1,0,0,1.2246467991473532e-16,-1.0,0.9749279121818236,-0.22252093395631434,0.42667408318992467,-0.9044054548343001,34.170833333333334,38.975,37.32083333333333,32.362500000000004,43.25,43.62619047619047,45.61964285714286,44.74486111111111,12.537235216150325,Moderate
2024-06-06,36.516666666666666,52.2,53.65,687.2916666666666,46.0625,26.604166666666668,59.875,21.34166666666667,26.3,17.1,71.625,15.533333333333331,0.0,0.0,1012.7958333333332,11.145833333333334,17.5,113.08333333333331,50.833333333333336,6434.0,2024,6,3,158,0,No Holiday,0,0,1,1,0,0,1.2246467991473532e-16,-1.0,0.43388373911755823,-0.900968867902419,0.4110537546870351,-0.9116111071930239,50.15,34.170833333333334,38.975,40.59583333333333,48.270833333333336,46.16726190476191,46.112500000000004,44.826249999999995,11.644624372890465,Moderate
2024-06-07,39.30833333333333,55.3,57.270833333333336,644.5416666666666,47.35,25.058333333333334,47.708333333333336,21.8375,26.2,17.2,76.91666666666667,17.35833333333333,0.9,0.9,1008.7875,9.2625,14.2,135.04166666666666,84.875,4628.0,2024,6,4,159,0,No Holiday,0,1,1,1,1,0,1.2246467991473532e-16,-1.0,-0.433883739117558,-0.9009688679024191,0.3953117887649151,-0.9185469991587165,36.516666666666666,50.15,34.170833333333334,66.175,64.81666666666666,45.58452380952381,45.27291666666667,43.43375,12.064408723070603,Moderate
2024-06-08,57.32916666666667,103.1,83.82916666666667,472.125,56.0375,27.5875,76.29166666666667,24.195833333333336,29.5,17.9,73.79166666666667,18.7,0.0,0.0,1006.4833333333332,4.883333333333334,11.0,153.70833333333334,56.25,6756.0,2024,6,5,160,1,Dragon Boat Festival,1,1,0,1,1,0,1.2246467991473532e-16,-1.0,-0.9749279121818236,-0.2225209339563146,0.37945284372454435,-0.925211078289358,39.30833333333333,36.516666666666666,50.15,55.78333333333333,40.40833333333333,41.746428571428574,43.450892857142854,42.92388888888889,8.016709411907993,Moderate
2024-06-09,55.35,90.6,81.63333333333334,450.0416666666667,43.458333333333336,19.9125,95.25,26.604166666666668,30.9,22.9,67.08333333333333,19.633333333333333,0.0,0.0,1006.3208333333332,9.0375,13.1,171.16666666666666,74.25,6374.0,2024,6,6,161,1,Dragon Boat Festival,1,1,0,1,1,0,1.2246467991473532e-16,-1.0,-0.7818314824680299,0.6234898018587334,0.36348161248290634,-0.9316013725767187,57.32916666666667,39.30833333333333,36.516666666666666,37.32083333333333,57.6125,41.967261904761905,44.65952380952381,43.67777777777778,8.475960501049105,Moderate
2024-06-10,30.825,51.3,45.083333333333336,361.2083333333333,34.050000000000004,17.95,85.29166666666667,25.45833333333333,29.3,22.1,68.08333333333333,18.691666666666663,0.0,0.0,1005.8666666666668,11.8875,18.3,150.08333333333334,82.70833333333333,6499.0,2024,6,0,162,0,Dragon Boat Festival,1,1,0,1,1,0,1.2246467991473532e-16,-1.0,0.0,1.0,0.3474028211842774,-0.9377159910299093,55.35,57.32916666666667,39.30833333333333,38.975,36.583333333333336,44.542857142857144,44.49791666666666,44.175,9.505471960358099,Good
2024-06-11,33.0375,51.0,47.62083333333334,359.9166666666667,45.13333333333333,21.7125,65.58333333333333,24.33333333333333,27.9,20.7,77.25,19.925,0.3,0.3,1003.4583333333334,7.075,11.7,121.125,93.54166666666669,4045.0,2024,6,1,163,0,No Holiday,0,1,1,1,1,0,1.2246467991473532e-16,-1.0,0.7818314824680298,0.6234898018587336,0.3312212278016865,-0.9435531242349544,30.825,55.35,57.32916666666667,34.170833333333334,42.35,43.378571428571426,44.08660714285714,44.13972222222222,10.722356908131001,Good
2024-06-12,47.54583333333333,69.6,69.3875,491.6666666666667,46.71666666666667,25.5875,91.83333333333331,26.89583333333333,31.9,21.6,73.33333333333333,21.25,0.0,0.0,1001.5916666666668,4.95,9.5,179.04166666666666,28.625,6777.0,2024,6,2,164,0,No Holiday,0,0,1,1,0,0,1.2246467991473532e-16,-1.0,0.9749279121818236,-0.22252093395631434,0.31494162072895193,-0.9491110448902284,33.0375,30.825,55.35,50.15,32.362500000000004,43.21666666666666,43.42142857142858,43.858333333333334,10.89178169836393,Moderate
2024-06-13,52.875,70.1,77.02083333333333,579.6666666666666,41.675,23.7,100.75,27.866666666666664,32.5,22.9,71.16666666666667,21.829166666666666,0.0,0.0,1000.9,8.529166666666667,12.0,148.66666666666666,98.16666666666669,5872.0,2024,6,3,165,0,No Holiday,0,0,1,1,0,0,1.2246467991473532e-16,-1.0,0.43388373911755823,-0.900968867902419,0.2985688173637202,-0.9543881083175908,47.54583333333333,33.0375,30.825,36.516666666666666,40.59583333333333,42.84464285714285,44.50595238095237,43.5875,10.657448195992567,Moderate
2024-06-14,47.18333333333334,81.7,73.74583333333334,832.0833333333334,45.9625,31.320833333333336,110.25,28.495833333333334,33.5,23.8,70.875,22.40416666666667,0.0,0.0,999.4291666666668,10.0625,13.3,132.5,77.29166666666667,6254.0,2024,6,4,166,0,No Holiday,0,0,1,1,0,0,1.2246467991473532e-16,-1.0,-0.433883739117558,-0.9009688679024191,0.2821076626819194,-0.9593827529490743,52.875,47.54583333333333,33.0375,39.30833333333333,66.175,45.18154761904761,45.38303571428571,43.95944444444444,10.830698092183242,Moderate
2024-06-15,73.37916666666666,118.5,115.24583333333334,991.7083333333334,60.29583333333333,42.66666666666666,92.125,28.4375,32.9,24.1,69.0,21.775,0.4,0.4,1001.6458333333334,7.3125,11.8,114.875,42.583333333333336,6144.0,2024,6,5,167,1,No Holiday,0,0,0,1,0,0,1.2246467991473532e-16,-1.0,-0.9749279121818236,-0.2225209339563146,0.26556302780405594,-0.9640935007889755,47.18333333333334,52.875,47.54583333333333,57.32916666666667,55.78333333333333,46.30654761904761,44.0264880952381,44.021111111111104,10.52360245657454,Moderate
2024-06-16,59.3,91.0,88.78333333333335,1448.7916666666667,79.40833333333333,58.65416666666667,40.79166666666666,28.754166666666663,34.2,24.5,59.75,19.3625,0.0,0.0,1004.8791666666666,11.525,16.6,121.0,95.04166666666669,6092.0,2024,6,6,168,1,No Holiday,0,0,0,1,0,0,1.2246467991473532e-16,-1.0,-0.7818314824680299,0.6234898018587334,0.24893980855376657,-0.9685189578512204,73.37916666666666,47.18333333333334,52.875,55.35,37.32083333333333,48.59940476190476,45.28333333333334,45.562638888888884,14.37071945699451,Moderate
2024-06-17,45.145833333333336,62.4,70.44166666666666,822.5416666666666,60.07916666666667,36.42083333333333,65.20833333333333,27.325,32.3,23.7,61.0,18.45833333333333,0.1,0.1,1005.1041666666666,9.554166666666667,15.5,89.41666666666667,42.625,6162.0,2024,6,0,169,0,No Holiday,0,0,1,1,0,0,1.2246467991473532e-16,-1.0,0.0,1.0,0.23224292400907015,-0.9726578145718654,59.3,73.37916666666666,47.18333333333334,30.825,38.975,49.163690476190474,46.853273809523806,46.343611111111116,14.752450305397671,Moderate
2024-06-18,34.88333333333333,51.5,52.07083333333333,400.875,25.683333333333334,20.1875,110.54166666666669,26.47083333333333,31.4,21.3,60.833333333333336,17.504166666666666,0.0,0.0,1004.2916666666666,13.8375,19.4,124.33333333333331,58.16666666666666,6613.0,2024,6,1,170,0,No Holiday,0,0,1,1,0,0,1.2246467991473532e-16,-1.0,0.7818314824680298,0.6234898018587336,0.21547731504673012,-0.976508846196619,45.145833333333336,59.3,73.37916666666666,33.0375,34.170833333333334,51.209523809523816,47.29404761904762,46.17583333333334,12.625016894535303,Good
2024-06-19,25.629166666666663,34.0,37.38333333333333,390.9583333333333,40.0375,22.92083333333333,54.083333333333336,25.21666666666667,28.1,23.0,82.41666666666667,21.929166666666664,6.2,6.2,1001.5458333333332,9.445833333333333,14.8,140.16666666666666,98.625,3151.0,2024,6,2,171,0,No Holiday,0,0,1,1,0,0,1.2246467991473532e-16,-1.0,0.9749279121818236,-0.22252093395631434,0.19864794288017112,-0.9800709131432666,34.88333333333333,45.145833333333336,59.3,47.54583333333333,50.15,51.473214285714285,47.34494047619048,46.07694444444444,12.194135386762282,Good
2024-06-20,34.22083333333333,80.3,49.48333333333333,473.75,50.270833333333336,28.516666666666666,68.95833333333333,26.84583333333333,30.8,24.2,78.91666666666667,22.558333333333334,2.2,2.2,999.3833333333332,6.654166666666666,11.0,209.16666666666663,76.20833333333333,5334.0,2024,6,3,172,0,No Holiday,0,0,1,1,0,0,1.2246467991473532e-16,-1.0,0.43388373911755823,-0.900968867902419,0.18175978759137534,-0.9833429613388902,25.629166666666663,34.88333333333333,45.145833333333336,52.875,36.516666666666666,48.34226190476191,45.59345238095238,45.44083333333334,15.684663759503346,Good
2024-06-21,33.791666666666664,61.2,48.425,462.2083333333333,49.70416666666667,28.554166666666664,58.583333333333336,26.995833333333334,30.9,24.9,88.375,24.875,59.0,59.0,998.9,12.704166666666666,20.8,195.75,97.45833333333331,3204.0,2024,6,4,173,0,No Holiday,0,0,1,1,0,0,1.2246467991473532e-16,-1.0,-0.433883739117558,-0.9009688679024191,0.16481784665719793,-0.9863240225317866,34.22083333333333,25.629166666666663,34.88333333333333,47.18333333333334,39.30833333333333,45.67738095238095,45.42946428571428,45.37847222222222,16.35649697784473,Good
2024-06-22,26.304166666666664,44.8,37.60416666666666,509.9166666666667,43.35833333333333,26.6125,54.41666666666666,27.004166666666663,30.4,25.0,88.54166666666667,24.879166666666663,28.6,28.6,997.8291666666668,16.566666666666666,22.7,235.70833333333331,92.25,3363.0,2024,6,5,174,1,No Holiday,0,0,0,1,0,0,1.2246467991473532e-16,-1.0,-0.9749279121818236,-0.2225209339563146,0.14782713347053048,-0.9890132145779883,33.791666666666664,34.22083333333333,25.629166666666663,73.37916666666666,57.32916666666667,43.76428571428572,45.03541666666667,45.06319444444445,16.924305687852414,Good
2024-06-23,30.5,38.5,44.85833333333333,468.5833333333333,48.14166666666667,25.883333333333336,56.083333333333336,25.08333333333333,26.6,22.9,83.125,21.8625,0.0,0.0,1000.9375,14.9625,23.5,216.25,89.79166666666667,4371.0,2024,6,6,175,1,No Holiday,0,0,0,1,0,0,1.2246467991473532e-16,-1.0,-0.7818314824680299,0.6234898018587334,0.13079267585675922,-0.9914097417023038,26.304166666666664,33.791666666666664,34.22083333333333,59.3,55.35,37.03928571428571,42.819345238095245,44.33097222222222,11.760300070070322,Good
2024-06-24,42.391666666666666,64.5,63.03333333333333,606.3333333333334,61.54583333333333,38.85416666666666,36.29166666666666,24.15833333333333,27.4,21.9,85.70833333333333,21.575,13.1,13.1,1004.7875,7.925000000000001,14.3,215.58333333333331,93.45833333333331,2366.0,2024,6,0,176,0,No Holiday,0,0,1,1,0,0,1.2246467991473532e-16,-1.0,0.0,1.0,0.11371951458594969,-0.9935128947338007,30.5,26.304166666666664,33.791666666666664,45.145833333333336,30.825,32.925,41.04434523809524,43.187083333333334,6.564543332682599,Moderate
2024-06-25,30.2875,37.4,46.09166666666667,367.125,49.770833333333336,28.20833333333333,52.708333333333336,23.666666666666668,26.8,21.8,88.41666666666667,21.575,13.7,13.7,1009.4416666666666,6.9125000000000005,12.2,111.16666666666669,100.0,3462.0,2024,6,1,177,0,No Holiday,0,0,1,1,0,0,1.2246467991473532e-16,-1.0,0.7818314824680298,0.6234898018587336,0.0966127018812031,-0.9953220513156602,42.391666666666666,30.5,26.304166666666664,34.88333333333333,33.0375,32.53154761904762,41.870535714285715,43.253194444444446,5.740858704411916,Good
2024-06-26,38.80416666666667,49.8,55.458333333333336,626.0,57.52916666666667,34.94583333333333,24.625,24.120833333333334,28.0,20.7,83.33333333333333,20.92083333333333,1.2000000000000002,1.2000000000000002,1010.7416666666668,8.529166666666667,14.0,81.58333333333333,87.33333333333333,4447.0,2024,6,2,178,0,No Holiday,0,0,1,1,0,0,1.2246467991473532e-16,-1.0,0.9749279121818236,-0.22252093395631434,0.07947729992362097,-0.9968366760893436,30.2875,42.391666666666666,30.5,25.629166666666663,47.54583333333333,31.874999999999996,41.674107142857146,42.34236111111112,5.689642962175918,Moderate
2024-06-27,44.23333333333333,56.5,63.34166666666667,862.875,63.48333333333333,47.25833333333333,40.375,24.27916666666667,27.4,21.9,86.20833333333333,21.741666666666664,1.2,1.2,1008.3,6.629166666666666,15.2,153.875,94.33333333333331,3873.0,2024,6,3,179,0,No Holiday,0,0,1,1,0,0,1.2246467991473532e-16,-1.0,0.43388373911755823,-0.900968867902419,0.062318379354325076,-0.998056320853012,38.80416666666667,30.2875,42.391666666666666,34.22083333333333,52.875,33.75714285714286,41.04970238095239,42.41638888888888,5.453407294924842,Moderate
2024-06-28,22.4375,42.3,32.0875,321.8333333333333,43.458333333333336,25.45,23.125,23.5875,26.5,21.4,90.83333333333331,21.925,38.0,38.0,1004.65,11.983333333333334,20.0,178.45833333333334,100.0,1994.0,2024,6,4,180,0,No Holiday,0,0,1,1,0,0,1.2246467991473532e-16,-1.0,-0.433883739117558,-0.9009688679024191,0.04514101777397193,-0.9989806246941579,44.23333333333333,38.80416666666667,30.2875,33.791666666666664,47.18333333333334,35.18749999999999,40.43244047619048,42.479166666666664,6.753419058631138,Good
2024-06-29,18.716666666666665,27.8,26.85833333333333,380.5416666666667,40.45,22.820833333333336,25.45833333333333,25.025,26.5,23.5,93.5,23.90416666666667,100.8,100.8,998.1583333333332,18.066666666666663,26.9,211.375,100.0,1159.0,2024,6,5,181,1,No Holiday,0,0,0,1,0,0,1.2246467991473532e-16,-1.0,-0.9749279121818236,-0.2225209339563146,0.02795029824021032,-0.999609314096404,22.4375,44.23333333333333,38.80416666666667,26.304166666666664,73.37916666666666,33.56547619047619,38.66488095238095,42.14833333333333,8.325157000759951,Good
2024-06-30,34.329166666666666,47.6,49.1125,513.0833333333334,47.04166666666666,30.695833333333336,62.54166666666666,26.90416666666667,30.9,24.0,85.75,24.1625,11.0,11.0,998.725,8.666666666666666,13.0,214.20833333333331,78.83333333333333,5533.0,2024,6,6,182,1,No Holiday,0,0,0,1,0,0,1.2246467991473532e-16,-1.0,-0.7818314824680299,0.6234898018587334,0.01075130776352193,-0.9999422030204416,18.716666666666665,22.4375,44.23333333333333,30.5,59.3,32.48154761904762,34.760416666666664,41.41902777777778,9.792732464791683,Good
2024-07-01,17.333333333333332,23.0,24.754166666666663,261.2083333333333,29.454166666666666,17.195833333333333,63.79166666666666,26.71666666666667,30.5,24.7,88.70833333333333,24.641666666666666,17.5,17.5,998.3125,13.291666666666666,20.0,174.75,84.83333333333333,4241.0,2024,7,0,183,0,No Holiday,0,0,1,0,0,0,-0.4999999999999997,-0.8660254037844388,0.0,1.0,-0.00645086419810515,-0.9999791929590823,34.329166666666666,18.716666666666665,22.4375,42.391666666666666,45.145833333333336,33.028571428571425,32.97678571428571,40.3575,9.770518363962577,Good
2024-07-02,32.2625,58.0,46.23333333333333,428.3333333333333,32.854166666666664,18.966666666666665,70.625,24.954166666666666,27.0,23.4,88.70833333333333,22.941666666666663,15.1,15.1,998.3125,16.570833333333333,28.2,210.75,99.70833333333331,1992.0,2024,7,1,184,0,No Holiday,0,0,1,0,0,0,-0.4999999999999997,-0.8660254037844388,0.7818314824680298,0.6234898018587336,-0.023651127245231586,-0.9997202729664083,17.333333333333332,34.329166666666666,18.716666666666665,30.2875,34.88333333333333,29.448809523809523,30.990178571428572,39.07583333333333,10.342052133307165,Good
2024-07-03,42.59583333333333,52.5,61.06666666666666,506.375,42.18333333333333,27.7875,117.16666666666669,26.816666666666663,31.0,22.6,83.83333333333333,23.71666666666667,1.3,1.3,1007.3875,10.558333333333334,15.8,194.875,74.29166666666667,5361.0,2024,7,2,185,0,No Holiday,0,0,1,0,0,0,-0.4999999999999997,-0.8660254037844388,0.9749279121818236,-0.22252093395631434,-0.04084439154329611,-0.9991655196610109,32.2625,17.333333333333332,34.329166666666666,38.80416666666667,25.629166666666663,29.73095238095238,30.80297619047619,38.907222222222224,10.395547718505544,Moderate
2024-07-04,26.23333333333333,51.6,37.829166666666666,340.25,39.75833333333333,20.1625,80.16666666666667,29.254166666666663,33.2,26.5,80.70833333333333,25.42083333333333,7.899999999999999,7.899999999999999,1005.15,14.7625,29.3,214.79166666666663,37.04166666666666,6491.0,2024,7,3,186,0,No Holiday,0,0,1,0,0,0,-0.4999999999999997,-0.8660254037844388,0.43388373911755823,-0.900968867902419,-0.05802556932878035,-0.9983150972033183,42.59583333333333,32.2625,17.333333333333332,44.23333333333333,34.22083333333333,30.27261904761904,32.01488095238095,39.02791666666666,11.026729639126573,Good
2024-07-05,24.2875,46.0,35.1,315.2916666666667,38.775,21.95833333333333,84.41666666666667,30.4625,34.5,26.2,75.0,25.28333333333333,0.0,0.0,1002.7375,14.470833333333331,23.4,201.08333333333331,50.333333333333336,6889.0,2024,7,4,187,0,No Holiday,0,0,1,0,0,0,-0.4999999999999997,-0.8660254037844388,-0.433883739117558,-0.9009688679024191,-0.07518957641475855,-0.9971692572470178,26.23333333333333,42.59583333333333,32.2625,22.4375,33.791666666666664,27.701190476190476,31.444345238095234,38.76333333333333,9.171161055494618,Good
2024-07-06,21.875,36.6,32.0125,276.0416666666667,30.883333333333336,18.7625,86.08333333333333,31.308333333333334,34.0,29.0,69.33333333333333,24.945833333333336,0.0,0.0,1001.2583333333332,19.166666666666668,27.3,211.625,89.0,5982.0,2024,7,5,188,1,No Holiday,0,0,0,0,0,0,-0.4999999999999997,-0.8660254037844388,-0.9749279121818236,-0.2225209339563146,-0.09233133369539122,-0.9957283388645872,24.2875,26.23333333333333,42.59583333333333,18.716666666666665,26.304166666666664,27.96547619047619,30.765476190476193,37.90125,9.019599836851537,Good
2024-07-07,23.3625,36.3,33.65,294.375,36.425,21.029166666666665,88.75,31.35833333333333,34.9,28.1,70.41666666666667,25.23333333333333,0.0,0.0,1002.2666666666668,15.5875,24.0,205.25,81.0,6781.0,2024,7,6,189,1,No Holiday,0,0,0,0,0,0,-0.4999999999999997,-0.8660254037844388,-0.7818314824680299,0.6234898018587334,-0.10944576864891556,-0.993992768446958,21.875,24.2875,26.23333333333333,34.329166666666666,30.5,28.416666666666664,30.449107142857144,37.41319444444444,8.546417378059711,Good
2024-07-08,26.6375,49.6,38.49583333333333,329.125,41.6,22.3875,79.875,31.6875,35.0,29.0,70.95833333333333,25.691666666666663,0.0,0.0,1000.8916666666668,14.329166666666666,21.2,209.08333333333331,98.04166666666669,6482.0,2024,7,0,190,0,No Holiday,0,0,1,0,0,0,-0.4999999999999997,-0.8660254037844388,0.0,1.0,-0.12652781683868314,-0.9919630595773397,23.3625,21.875,24.2875,17.333333333333332,42.391666666666666,26.849999999999998,29.939285714285713,36.88166666666667,8.28304828483391,Good
2024-07-09,36.770833333333336,80.3,53.74166666666667,391.6666666666667,46.675,26.429166666666664,79.0,29.92083333333333,32.6,26.9,77.375,25.441666666666663,3.5,3.5,1000.7291666666666,13.3625,23.5,226.91666666666663,93.25,3528.0,2024,7,1,191,0,No Holiday,0,0,1,0,0,0,-0.4999999999999997,-0.8660254037844388,0.7818314824680298,0.6234898018587336,-0.1435724234118113,-0.9896398128792412,26.6375,23.3625,21.875,32.2625,30.2875,28.179166666666667,28.8139880952381,35.85861111111111,7.173617833706721,Moderate
2024-07-10,26.60833333333333,52.9,38.1,643.9166666666666,54.49166666666667,33.141666666666666,41.625,26.354166666666668,27.4,25.5,91.91666666666669,24.9125,30.5,30.5,1002.8708333333334,6.208333333333333,13.0,235.29166666666663,98.08333333333331,1606.0,2024,7,2,192,0,No Holiday,0,0,1,0,0,0,-0.4999999999999997,-0.8660254037844388,0.9749279121818236,-0.22252093395631434,-0.16057454459499376,-0.9870237158387383,36.770833333333336,26.6375,23.3625,42.59583333333333,38.80416666666667,28.82321428571429,29.277083333333334,35.23930555555555,7.778220668371014,Good
2024-07-11,34.583333333333336,47.4,48.92916666666667,403.0,67.75416666666668,31.579166666666666,22.45833333333333,22.9125,25.4,21.4,88.375,20.854166666666668,36.8,36.8,1002.3208333333332,6.825,11.6,150.5,96.0,1191.0,2024,7,3,193,0,No Holiday,0,0,1,0,0,0,-0.4999999999999997,-0.8660254037844388,0.43388373911755823,-0.900968867902419,-0.17752914918703497,-0.984115542601034,26.60833333333333,36.770833333333336,26.6375,26.23333333333333,44.23333333333333,26.539285714285715,28.40595238095238,35.098749999999995,4.859880910096314,Good
2024-07-12,37.82083333333333,52.7,53.96666666666667,558.7916666666666,60.6125,30.92083333333333,36.5,23.916666666666668,26.1,21.9,92.375,22.59166666666667,59.8,59.8,999.9458333333332,7.979166666666667,14.0,109.375,96.41666666666669,2304.0,2024,7,4,194,0,No Holiday,0,0,1,0,0,0,-0.4999999999999997,-0.8660254037844388,-0.433883739117558,-0.9009688679024191,-0.19443122004766195,-0.9809161537413774,34.583333333333336,26.60833333333333,36.770833333333336,24.2875,22.4375,27.732142857142858,27.716666666666665,35.150277777777774,5.720771988364701,Moderate
2024-07-13,40.1875,74.5,57.73333333333333,510.4166666666667,54.85416666666666,30.5125,61.833333333333336,26.229166666666668,30.9,24.1,90.45833333333331,24.4875,18.8,18.8,1000.1208333333334,8.237499999999999,14.8,214.16666666666663,94.08333333333331,3842.0,2024,7,5,195,1,No Holiday,0,0,0,0,0,0,-0.4999999999999997,-0.8660254037844388,-0.9749279121818236,-0.2225209339563146,-0.2112757555821793,-0.9774264960104055,37.82083333333333,34.583333333333336,26.60833333333333,21.875,18.716666666666665,29.66547619047619,28.815476190476186,34.82611111111111,6.58426229130006,Moderate
2024-07-14,39.25,56.3,56.145833333333336,563.2083333333334,65.4125,37.07083333333333,22.916666666666668,25.8375,27.6,24.5,93.45833333333331,24.67083333333333,19.4,19.4,1005.2791666666668,4.533333333333333,6.9,169.25,99.91666666666669,1810.0,2024,7,6,196,1,No Holiday,0,0,0,0,0,0,-0.4999999999999997,-0.8660254037844388,-0.7818314824680299,0.6234898018587334,-0.2280577712215198,-0.9736476020539838,40.1875,37.82083333333333,34.583333333333336,23.3625,34.329166666666666,32.28154761904762,30.349107142857143,34.403194444444445,6.610972158237018,Moderate
2024-07-15,54.76666666666667,97.6,78.91250000000001,474.5416666666667,56.97916666666666,35.4375,77.58333333333333,27.4875,31.1,24.3,89.45833333333333,25.48333333333333,19.3,19.3,1007.075,6.104166666666667,11.0,144.04166666666666,99.625,3963.0,2024,7,0,197,0,No Holiday,0,0,1,0,0,0,-0.4999999999999997,-0.8660254037844388,0.0,1.0,-0.24477230089725957,-0.9695805901076308,39.25,40.1875,37.82083333333333,26.6375,17.333333333333332,34.55119047619048,30.70059523809524,34.13875,5.703517694134242,Moderate
2024-07-16,46.725,65.2,68.55416666666666,397.2916666666667,38.075,22.0875,111.29166666666669,29.804166666666664,32.9,26.6,83.75,26.64583333333333,0.0,0.0,1005.0958333333332,10.475,13.9,179.0,93.79166666666669,3510.0,2024,7,1,198,0,No Holiday,0,0,1,0,0,0,-0.4999999999999997,-0.8660254037844388,0.7818314824680298,0.6234898018587336,-0.2614143985111562,-0.965226663665613,54.76666666666667,39.25,40.1875,36.770833333333336,32.2625,38.56964285714286,33.37440476190476,33.51833333333333,8.447721077433668,Moderate
2024-07-17,29.008333333333336,39.5,43.09166666666667,312.4583333333333,40.04166666666666,20.454166666666666,58.125,29.366666666666664,31.9,27.8,79.875,25.47083333333333,0.2,0.2,1003.625,14.166666666666666,22.6,194.83333333333331,100.0,2321.0,2024,7,2,199,0,No Holiday,0,0,1,0,0,0,-0.4999999999999997,-0.8660254037844388,0.9749279121818236,-0.22252093395631434,-0.2779791393987801,-0.9605871111248129,46.725,54.76666666666667,39.25,26.60833333333333,42.59583333333333,39.99166666666667,34.40744047619047,33.09916666666667,8.91910889451535,Good
2024-07-18,29.791666666666668,57.0,43.21666666666667,356.0416666666667,42.30416666666667,23.329166666666666,69.83333333333333,30.09166666666667,33.2,28.0,76.95833333333333,25.541666666666668,2.9,2.9,1002.6833333333334,13.891666666666666,19.8,215.33333333333331,95.95833333333331,4388.0,2024,7,3,200,0,No Holiday,0,0,1,0,0,0,-0.4999999999999997,-0.8660254037844388,0.43388373911755823,-0.900968867902419,-0.2944616217868012,-0.9556633054034704,29.008333333333336,46.725,54.76666666666667,34.583333333333336,26.23333333333333,40.334523809523816,33.43690476190476,32.56125,8.346657651324469,Good
2024-07-19,27.616666666666664,56.3,40.12083333333333,332.7916666666667,42.70416666666667,21.0125,77.70833333333333,29.90416666666667,32.5,28.0,77.08333333333333,25.39583333333333,0.0,0.0,1002.5208333333334,14.220833333333331,20.7,203.54166666666663,98.91666666666669,3154.0,2024,7,4,201,0,No Holiday,0,0,1,0,0,0,-0.4999999999999997,-0.8660254037844388,-0.433883739117558,-0.9009688679024191,-0.3108569682435036,-0.9504567035349151,29.791666666666668,29.008333333333336,46.725,37.82083333333333,24.2875,39.65,33.691071428571426,32.39152777777778,9.06270561707995,Good
2024-07-20,26.1875,32.7,38.579166666666666,311.0416666666667,41.85416666666666,21.258333333333333,48.083333333333336,29.6,32.0,27.7,78.08333333333333,25.329166666666666,0.0,0.0,1003.1958333333332,14.7625,25.2,200.54166666666663,89.95833333333333,3079.0,2024,7,5,202,1,No Holiday,0,0,0,0,0,0,-0.4999999999999997,-0.8660254037844388,-0.9749279121818236,-0.2225209339563146,-0.3271603271220951,-0.9449688462364056,27.616666666666664,29.791666666666668,29.008333333333336,40.1875,21.875,38.19226190476191,33.928869047619045,32.45777777777777,10.160184189173798,Good
2024-07-21,26.2375,47.1,38.24166666666667,314.7083333333333,40.28333333333334,20.070833333333333,84.75,30.92083333333333,35.2,26.6,72.83333333333333,25.3625,0.0,0.0,1003.7083333333334,11.770833333333334,19.9,195.75,44.625,6679.0,2024,7,6,203,1,No Holiday,0,0,0,0,0,0,-0.4999999999999997,-0.8660254037844388,-0.7818314824680299,0.6234898018587334,-0.34336687399638804,-0.939201357453208,26.1875,27.616666666666664,29.791666666666668,39.25,23.3625,36.19226190476191,34.23690476190476,32.19,11.041658917337838,Good
2024-07-22,32.4625,48.7,47.5,360.5,43.6125,19.85,98.75,31.945833333333336,36.0,28.2,72.875,26.254166666666663,0.0,0.0,1001.3583333333332,11.570833333333333,18.5,186.58333333333331,85.875,6752.0,2024,7,0,204,0,No Holiday,0,0,1,0,0,0,-0.4999999999999997,-0.8660254037844388,0.0,1.0,-0.3594718130884232,-0.9331559438780432,26.2375,26.1875,27.616666666666664,54.76666666666667,26.6375,34.333333333333336,34.44226190476191,31.938194444444445,11.525823211139643,Good
2024-07-23,47.708333333333336,66.4,69.92916666666666,383.0833333333333,41.9625,21.79583333333333,114.58333333333331,32.47083333333333,36.7,28.5,73.45833333333333,26.816666666666663,0.0,0.0,999.0416666666666,9.045833333333333,15.3,166.375,65.83333333333333,6772.0,2024,7,1,205,0,No Holiday,0,0,1,0,0,0,-0.4999999999999997,-0.8660254037844388,0.7818314824680298,0.6234898018587336,-0.3754703786876202,-0.9268343944460494,32.4625,26.2375,26.1875,46.725,36.770833333333336,31.14702380952381,34.858333333333334,32.14347222222222,7.2108544540625,Moderate
2024-07-24,24.97083333333333,50.6,38.09583333333333,363.1666666666667,36.05833333333333,20.716666666666665,57.79166666666666,31.0875,35.0,27.6,75.58333333333333,26.133333333333336,0.0,0.0,997.4083333333332,14.391666666666666,19.4,120.66666666666669,64.5,6926.0,2024,7,2,206,0,No Holiday,0,0,1,0,0,0,-0.4999999999999997,-0.8660254037844388,0.9749279121818236,-0.22252093395631434,-0.3913578365610259,-0.9202385798054075,47.708333333333336,32.4625,26.2375,29.008333333333336,26.60833333333333,31.2875,35.639583333333334,32.717083333333335,7.5657564920037785,Good
2024-07-25,20.95833333333333,31.5,33.479166666666664,605.125,39.6625,29.02083333333333,38.0,30.320833333333336,33.6,27.4,73.83333333333333,24.929166666666664,0.0,0.0,996.1125,19.441666666666663,24.5,104.04166666666669,35.708333333333336,6040.0,2024,7,3,207,0,No Holiday,0,0,1,0,0,0,-0.4999999999999997,-0.8660254037844388,0.43388373911755823,-0.900968867902419,-0.4071294853542516,-0.9133704517637858,24.97083333333333,47.708333333333336,32.4625,29.791666666666668,34.583333333333336,30.710714285714285,35.522619047619045,32.13638888888889,7.914342808467937,Good
2024-07-26,18.0875,31.7,28.375,572.875,46.9375,28.2625,27.541666666666668,28.891666666666666,31.4,27.0,80.66666666666667,25.204166666666666,3.0,3.0,995.5208333333334,23.0875,27.4,89.45833333333333,68.125,4662.0,2024,7,4,208,0,No Holiday,0,0,1,0,0,0,-0.4999999999999997,-0.8660254037844388,-0.433883739117558,-0.9009688679024191,-0.4227806579826773,-0.9062320427107697,20.95833333333333,24.97083333333333,47.708333333333336,27.616666666666664,37.82083333333333,29.448809523809523,34.54940476190476,31.82541666666667,8.745840848246571,Good
2024-07-27,10.808333333333332,15.9,15.754166666666668,214.41666666666663,20.40833333333333,10.770833333333334,66.91666666666667,29.254166666666663,31.5,27.2,79.91666666666667,25.379166666666663,3.1,3.1,998.2583333333332,23.6625,27.7,131.95833333333334,97.41666666666669,3027.0,2024,7,5,209,1,No Holiday,0,0,0,0,0,0,-0.4999999999999997,-0.8660254037844388,-0.9749279121818236,-0.2225209339563146,-0.4383067230125192,-0.898825465016444,18.0875,20.95833333333333,24.97083333333333,26.1875,40.1875,28.0875,33.139880952380956,31.13486111111111,9.761223063450894,Good
2024-07-28,14.316666666666668,29.8,21.366666666666664,229.0,23.991666666666664,11.195833333333333,68.5,31.116666666666664,34.2,28.0,70.83333333333333,25.15,0.0,0.0,1003.8541666666666,17.383333333333333,22.8,152.79166666666666,45.208333333333336,6616.0,2024,7,6,210,1,No Holiday,0,0,0,0,0,0,-0.4999999999999997,-0.8660254037844388,-0.7818314824680299,0.6234898018587334,-0.45370308603134424,-0.8911529104063088,10.808333333333332,18.0875,20.95833333333333,26.2375,39.25,25.89047619047619,31.041369047619046,30.02069444444444,11.78176599328964,Good
2024-07-29,19.445833333333333,35.0,28.366666666666664,256.1666666666667,32.2125,15.454166666666666,68.5,31.391666666666666,35.3,27.6,69.45833333333333,25.0,0.0,0.0,1005.2125,10.575,14.3,155.375,1.1666666666666667,6964.0,2024,7,0,211,0,No Holiday,0,0,1,0,0,0,-0.4999999999999997,-0.8660254037844388,0.0,1.0,-0.46896519100763184,-0.8832166493127127,14.316666666666668,10.808333333333332,18.0875,32.4625,54.76666666666667,24.1875,29.260416666666668,29.75,12.559138807760428,Good
2024-07-30,29.5375,40.0,44.42916666666667,312.375,43.15,18.979166666666668,79.375,31.47083333333333,35.5,27.9,71.54166666666667,25.491666666666664,0.0,0.0,1003.2958333333332,8.458333333333334,11.5,147.625,2.833333333333333,6879.0,2024,7,1,212,0,No Holiday,0,0,1,0,0,0,-0.4999999999999997,-0.8660254037844388,0.7818314824680298,0.6234898018587336,-0.48408852163897587,-0.8750190302029955,19.445833333333333,14.316666666666668,10.808333333333332,47.708333333333336,46.725,22.32797619047619,26.737500000000004,29.774305555555554,12.084389253261422,Good
2024-07-31,32.895833333333336,52.2,47.87916666666666,405.7916666666667,49.86666666666667,25.45,86.91666666666667,31.90833333333333,35.2,28.9,70.83333333333333,25.766666666666666,0.0,0.0,1001.9,11.325,19.6,206.16666666666663,6.958333333333333,6754.0,2024,7,2,213,0,No Holiday,0,0,1,0,0,0,-0.4999999999999997,-0.8660254037844388,0.9749279121818236,-0.22252093395631434,-0.4990686026885319,-0.8665624788845385,29.5375,19.445833333333333,14.316666666666668,24.97083333333333,29.008333333333336,19.732142857142858,25.509821428571428,29.614583333333332,6.2827943855427035,Good
2024-08-01,31.52083333333333,54.7,45.5,372.8333333333333,43.425,23.791666666666668,94.91666666666669,30.84583333333333,34.2,28.2,75.08333333333333,25.745833333333334,1.5,1.5,1001.4375,12.483333333333334,21.3,189.875,29.20833333333333,6293.0,2024,8,3,214,0,No Holiday,0,0,1,0,0,0,-0.8660254037844385,-0.5000000000000004,0.43388373911755823,-0.900968867902419,-0.5139010013093103,-0.8578494977869301,32.895833333333336,29.5375,19.445833333333333,20.95833333333333,29.791666666666668,20.86428571428571,25.7875,30.133333333333333,7.892060025227919,Good
2024-08-02,37.8,65.4,54.11666666666667,452.3333333333333,54.583333333333336,28.695833333333336,96.875,30.84583333333333,34.4,28.5,76.04166666666667,25.995833333333334,8.0,8.0,1002.4291666666668,9.179166666666667,16.6,180.16666666666663,44.04166666666666,5965.0,2024,8,4,215,0,No Holiday,0,0,1,0,0,0,-0.8660254037844385,-0.5000000000000004,-0.433883739117558,-0.9009688679024191,-0.5285813283559292,-0.8488826652214553,31.52083333333333,32.895833333333336,29.5375,18.0875,27.616666666666664,22.373214285714287,25.911011904761903,30.10861111111111,8.863057907380398,Moderate
2024-08-03,41.35416666666666,68.5,59.50833333333333,439.25,58.82083333333333,24.3625,92.83333333333331,32.55416666666667,36.5,28.0,67.66666666666667,25.4625,0.0,0.0,1004.4375,8.679166666666667,16.1,177.625,31.666666666666668,6593.0,2024,8,5,216,1,No Holiday,0,0,0,0,0,0,-0.8660254037844385,-0.5000000000000004,-0.9749279121818236,-0.2225209339563146,-0.5431052396834317,-0.8396646346181327,37.8,31.52083333333333,32.895833333333336,10.808333333333332,26.1875,25.189285714285713,26.638392857142858,29.94875,10.291010116581269,Moderate
2024-08-04,35.11666666666667,78.9,50.24583333333334,428.1666666666667,52.10416666666666,23.741666666666664,96.54166666666669,33.06666666666667,37.5,28.2,66.5,25.641666666666666,0.0,0.0,1003.9416666666666,8.6,12.9,192.375,4.333333333333333,6699.0,2024,8,6,217,1,No Holiday,0,0,0,0,0,0,-0.8660254037844385,-0.5000000000000004,-0.7818314824680299,0.6234898018587334,-0.5574684374327892,-0.8301981337405212,41.35416666666666,37.8,31.52083333333333,14.316666666666668,26.2375,29.552976190476187,27.721726190476186,30.45277777777778,9.63179074847911,Moderate
2024-08-05,35.525,68.7,50.92083333333333,426.7083333333333,49.45,24.579166666666666,112.08333333333331,31.491666666666664,35.8,28.5,70.83333333333333,25.379166666666663,11.1,11.1,1003.1333333333332,6.125,13.1,172.70833333333334,20.25,6093.0,2024,8,0,218,0,No Holiday,0,0,1,0,0,0,-0.8660254037844385,-0.5000000000000004,0.0,1.0,-0.5716666713027052,-0.8204859638785327,35.11666666666667,41.35416666666666,37.8,19.445833333333333,32.4625,32.52440476190476,28.355952380952377,30.813749999999995,6.995619673037494,Moderate
2024-08-06,59.3,89.2,85.71249999999999,623.1666666666666,60.00416666666667,31.4375,98.58333333333331,31.891666666666666,37.0,27.5,70.54166666666667,25.454166666666666,41.400000000000006,41.400000000000006,1003.25,6.666666666666667,10.8,118.04166666666669,28.95833333333333,6768.0,2024,8,1,219,0,No Holiday,0,0,1,0,0,0,-0.8660254037844385,-0.5000000000000004,0.7818314824680298,0.6234898018587336,-0.5856957398073508,-0.8105309990194823,35.525,35.11666666666667,41.35416666666666,29.5375,47.708333333333336,34.82142857142857,28.574702380952377,31.26875,3.9718274584615445,Moderate
2024-08-07,65.67916666666666,99.0,94.74166666666667,599.0,55.26666666666667,34.69166666666667,115.41666666666669,31.3375,36.8,27.1,76.08333333333333,26.14583333333333,0.7,0.7,1002.8833333333332,4.095833333333333,11.0,149.08333333333334,51.16666666666666,6715.0,2024,8,2,220,0,No Holiday,0,0,1,0,0,0,-0.8660254037844385,-0.5000000000000004,0.9749279121818236,-0.22252093395631434,-0.5995514915196489,-0.8003361849976323,59.3,35.525,35.11666666666667,32.895833333333336,24.97083333333333,39.073214285714286,29.40267857142857,32.46666666666667,9.481466710316313,Moderate
2024-08-08,65.82916666666667,92.4,95.80416666666667,549.7083333333334,56.75,29.15416666666667,104.75,31.2375,36.3,27.1,76.83333333333333,26.33333333333333,1.2,1.2,1002.2333333333332,6.429166666666667,15.8,154.33333333333334,67.95833333333333,6087.0,2024,8,3,221,0,No Holiday,0,0,1,0,0,0,-0.8660254037844385,-0.5000000000000004,0.43388373911755823,-0.900968867902419,-0.6132298262997502,-0.7899045386224707,65.67916666666666,59.3,35.525,31.52083333333333,20.95833333333333,43.75654761904762,32.31041666666666,33.768055555555556,13.263801960988323,Moderate
2024-08-09,61.25416666666666,84.5,88.54583333333333,640.8333333333334,61.22083333333333,26.975,85.70833333333333,32.458333333333336,37.8,27.5,68.08333333333333,25.14583333333333,0.0,0.0,1000.4958333333334,7.383333333333333,10.7,163.16666666666666,61.29166666666666,6417.0,2024,8,4,222,0,No Holiday,0,0,1,0,0,0,-0.8660254037844385,-0.5000000000000004,-0.433883739117558,-0.9009688679024191,-0.6267266965083301,-0.7792391467859886,65.82916666666667,65.67916666666666,59.3,37.8,18.0875,48.657738095238095,35.515476190476186,34.736666666666665,14.288146519138897,Moderate
2024-08-10,49.45,95.5,71.18333333333334,479.9583333333333,56.43333333333334,22.21666666666667,109.54166666666669,33.487500000000004,37.7,29.5,62.458333333333336,25.008333333333336,0.0,0.0,998.3625,9.466666666666669,17.2,203.375,94.70833333333331,6542.0,2024,8,5,223,1,No Holiday,0,0,0,0,0,0,-0.8660254037844385,-0.5000000000000004,-0.9749279121818236,-0.2225209339563146,-0.6400381082043503,-0.7683431655492202,61.25416666666666,65.82916666666667,65.67916666666666,41.35416666666666,10.808333333333332,52.00833333333333,38.59880952380952,35.89152777777778,14.065921600199639,Moderate
2024-08-11,45.19166666666666,70.1,69.64999999999999,570.25,51.083333333333336,27.64583333333333,115.29166666666669,31.695833333333336,36.8,29.2,73.29166666666667,26.03333333333333,7.6,7.6,997.9041666666668,7.308333333333334,17.3,231.95833333333331,78.0,6352.0,2024,8,6,224,1,No Holiday,0,0,0,0,0,0,-0.8660254037844385,-0.5000000000000004,-0.7818314824680299,0.6234898018587334,-0.65316012232693,-0.7572198192083127,49.45,61.25416666666666,65.82916666666667,35.11666666666667,14.316666666666668,53.16488095238095,41.35892857142857,36.38708333333333,13.35896383266829,Moderate
2024-08-12,50.52916666666667,78.5,78.7375,636.5833333333334,60.875,34.2125,95.95833333333331,31.5875,36.3,27.5,69.08333333333333,24.40416666666667,7.800000000000001,7.800000000000001,1000.1291666666666,5.908333333333334,11.5,235.33333333333331,47.625,6340.0,2024,8,0,225,0,No Holiday,0,0,1,0,0,0,-0.8660254037844385,-0.5000000000000004,0.0,1.0,-0.666088855860977,-0.7458723993404063,45.19166666666666,49.45,61.25416666666666,35.525,19.445833333333333,54.60416666666667,43.56428571428571,36.632777777777775,11.504381713552048,Moderate
2024-08-13,61.95416666666667,78.2,92.55,682.25,56.17916666666667,36.93333333333333,113.95833333333331,28.808333333333334,34.8,26.4,81.875,25.0375,20.5,20.5,1004.0333333333332,7.304166666666667,13.7,142.20833333333334,74.91666666666667,5032.0,2024,8,1,226,0,No Holiday,0,0,1,0,0,0,-0.8660254037844385,-0.5000000000000004,0.7818314824680298,0.6234898018587336,-0.6788204829862355,-0.734304263829602,50.52916666666667,45.19166666666666,49.45,59.3,29.5375,56.74761904761905,45.78452380952381,36.9775,8.311990327295726,Moderate
2024-08-14,64.47916666666667,90.1,94.47083333333336,921.375,63.958333333333336,42.5625,43.083333333333336,27.90416666666667,32.4,24.9,84.45833333333333,24.79583333333333,4.9,4.9,1005.6333333333332,6.966666666666666,15.1,89.66666666666667,74.125,4342.0,2024,8,2,227,0,No Holiday,0,0,1,0,0,0,-0.8660254037844385,-0.5000000000000004,0.9749279121818236,-0.22252093395631434,-0.6913512362094071,-0.722518835873311,61.95416666666667,50.52916666666667,45.19166666666666,65.67916666666666,32.895833333333336,57.12678571428571,48.1,37.73430555555556,8.506097981858876,Moderate
2024-08-15,28.6125,41.9,44.15833333333333,265.625,48.3,19.266666666666666,66.91666666666667,28.47083333333333,33.0,25.3,79.70833333333333,24.34583333333333,0.3,0.3,1005.6208333333334,11.254166666666668,17.7,51.875,40.75,6244.0,2024,8,3,228,0,No Holiday,0,0,1,0,0,0,-0.8660254037844385,-0.5000000000000004,0.43388373911755823,-0.900968867902419,-0.7036774074790128,-0.7105196029692745,64.47916666666667,61.95416666666667,50.52916666666667,65.82916666666667,31.52083333333333,56.955357142857146,50.35595238095238,38.05805555555556,8.314954286209009,Good
2024-08-16,26.6875,49.0,41.2375,241.83333333333331,47.775,19.65833333333333,55.958333333333336,28.65416666666667,32.6,25.2,79.125,24.445833333333336,0.5,0.5,1005.875,10.025,16.9,55.41666666666666,11.0,6157.0,2024,8,4,229,0,No Holiday,0,0,1,0,0,0,-0.8660254037844385,-0.5000000000000004,-0.433883739117558,-0.9009688679024191,-0.7157953492826642,-0.6983101158835584,28.6125,64.47916666666667,61.95416666666667,61.25416666666666,37.8,51.63869047619047,50.14821428571428,37.45430555555556,12.526872668620047,Good
2024-08-17,31.52916666666667,45.8,47.8625,303.875,49.3125,26.7125,41.708333333333336,29.45,33.3,26.0,75.91666666666667,24.45833333333333,0.3,0.3,1006.9208333333332,9.958333333333334,13.7,71.375,24.58333333333333,6209.0,2024,8,5,230,1,No Holiday,0,0,0,0,0,0,-0.8660254037844385,-0.5000000000000004,-0.9749279121818236,-0.2225209339563146,-0.7277014757264236,-0.6858939875998223,26.6875,28.6125,64.47916666666667,49.45,41.35416666666666,46.70059523809523,49.354464285714286,37.37694444444445,14.72495763933326,Good
2024-08-18,43.44583333333333,71.0,64.5125,730.7916666666666,61.86666666666667,39.083333333333336,35.666666666666664,30.195833333333336,33.9,26.5,69.375,23.70833333333333,0.0,0.0,1005.0125,9.554166666666667,14.4,88.20833333333333,87.125,6348.0,2024,8,6,231,1,No Holiday,0,0,0,0,0,0,-0.8660254037844385,-0.5000000000000004,-0.7818314824680299,0.6234898018587334,-0.7393922635959241,-0.673274892250183,31.52916666666667,26.6875,28.6125,45.19166666666666,35.11666666666667,44.14047619047619,48.65267857142857,37.43486111111111,15.693309702270456,Moderate
2024-08-19,53.4375,92.2,78.00416666666666,945.8333333333334,65.7625,42.11666666666667,24.875,28.870833333333334,32.0,26.3,80.79166666666667,25.195833333333336,12.1,12.1,1002.3625,7.945833333333333,15.0,109.29166666666669,92.625,3093.0,2024,8,0,232,0,No Holiday,0,0,1,0,0,0,-0.8660254037844385,-0.5000000000000004,0.0,1.0,-0.7508642533989489,-0.6604565640279754,43.44583333333333,31.52916666666667,26.6875,50.52916666666667,35.525,43.89107142857143,49.24761904761904,37.9625,15.687691165385985,Moderate
2024-08-20,40.266666666666666,66.1,58.16666666666666,668.1666666666666,67.00833333333334,41.60416666666666,34.416666666666664,27.979166666666668,31.5,25.4,85.79166666666667,25.28333333333333,22.6,22.6,1002.9083333333332,4.958333333333333,11.9,164.16666666666666,80.70833333333333,4868.0,2024,8,1,233,0,No Holiday,0,0,1,0,0,0,-0.8660254037844385,-0.5000000000000004,0.7818314824680298,0.6234898018587336,-0.7621140503891487,-0.6474427960827475,53.4375,43.44583333333333,31.52916666666667,61.95416666666667,59.3,44.30654761904763,50.52708333333333,38.87083333333333,15.929446377848864,Moderate
2024-08-21,64.8125,88.0,92.8625,977.375,85.10000000000001,51.8875,33.541666666666664,27.23333333333333,28.9,26.0,90.45833333333331,25.5375,14.8,14.8,1003.4458333333332,5.229166666666667,9.4,281.2083333333333,67.66666666666667,1673.0,2024,8,2,234,0,No Holiday,0,0,1,0,0,0,-0.8660254037844385,-0.5000000000000004,0.9749279121818236,-0.22252093395631434,-0.7731383255706026,-0.6342374393978054,40.266666666666666,53.4375,43.44583333333333,64.47916666666667,65.67916666666666,41.20833333333333,49.16755952380952,39.33847222222222,13.905473917170593,Moderate
2024-08-22,56.47083333333333,82.4,81.22916666666667,687.25,56.475,33.19166666666667,113.33333333333331,29.058333333333334,33.5,25.4,82.0,25.479166666666668,0.3,0.3,1004.45,8.299999999999999,11.8,200.875,15.958333333333334,5983.0,2024,8,3,235,0,No Holiday,0,0,1,0,0,0,-0.8660254037844385,-0.5000000000000004,0.43388373911755823,-0.900968867902419,-0.7839338166829201,-0.620844401650647,64.8125,40.266666666666666,53.4375,28.6125,65.82916666666667,41.25595238095239,49.10565476190476,40.416805555555555,13.998704440952128,Moderate
2024-08-23,48.15,70.8,69.34583333333333,541.2916666666666,56.625,25.566666666666663,107.16666666666669,30.225,34.2,26.5,77.16666666666667,25.59166666666667,0.5,0.5,1006.2375,6.404166666666666,9.7,176.29166666666666,6.666666666666667,6156.0,2024,8,4,236,0,No Holiday,0,0,1,0,0,0,-0.8660254037844385,-0.5000000000000004,-0.433883739117558,-0.9009688679024191,-0.7944973291665992,-0.6072676460566135,56.47083333333333,64.8125,40.266666666666666,26.6875,61.25416666666666,45.23571428571428,48.437202380952385,40.708888888888886,13.763166645715119,Moderate
2024-08-24,70.125,114.8,101.1875,835.4166666666666,53.35416666666666,29.03333333333333,106.70833333333331,30.320833333333336,34.7,27.0,75.66666666666667,25.383333333333336,0.1,0.1,1007.0208333333334,6.708333333333333,16.0,112.0,18.20833333333333,5915.0,2024,8,5,237,1,No Holiday,0,0,0,0,0,0,-0.8660254037844385,-0.5000000000000004,-0.9749279121818236,-0.2225209339563146,-0.8048257371083452,-0.593511190196115,48.15,56.47083333333333,64.8125,31.52916666666667,49.45,48.301785714285714,47.50119047619047,41.48152777777778,11.069475948950414,Moderate
2024-08-25,75.80416666666666,132.7,109.20833333333331,1141.0416666666667,68.6875,47.2375,60.04166666666666,30.59583333333333,34.5,27.1,74.33333333333333,25.23333333333333,0.0,0.0,1006.075,9.075,13.2,88.25,36.208333333333336,6059.0,2024,8,6,238,1,No Holiday,0,0,0,0,0,0,-0.8660254037844385,-0.5000000000000004,-0.7818314824680299,0.6234898018587334,-0.8149159841660791,-0.5795791048257612,70.125,48.15,56.47083333333333,43.44583333333333,45.19166666666666,53.8154761904762,48.97797619047619,43.120416666666664,10.934092250688238,Unhealthy for Sensitive Groups
2024-08-26,65.49583333333334,106.9,95.2875,871.875,61.02916666666667,34.30833333333333,69.70833333333333,30.616666666666664,34.8,26.6,75.20833333333333,25.495833333333334,0.0,0.0,1002.7375,8.195833333333333,12.2,142.625,77.04166666666667,5700.0,2024,8,0,239,0,No Holiday,0,0,1,0,0,0,-0.8660254037844385,-0.5000000000000004,0.0,1.0,-0.8247650844733614,-0.5654755126737576,75.80416666666666,70.125,48.15,53.4375,50.52916666666667,58.43809523809524,51.16458333333333,45.04430555555555,12.541391522584355,Moderate
2024-08-27,36.204166666666666,56.2,52.07916666666667,548.7916666666666,39.54166666666666,24.09166666666667,63.875,27.695833333333336,29.8,24.5,74.33333333333333,22.6625,0.6,0.6,1001.1833333333334,14.070833333333333,21.4,258.2083333333333,87.20833333333333,3633.0,2024,8,1,240,0,No Holiday,0,0,1,0,0,0,-0.8660254037844385,-0.5000000000000004,0.7818314824680298,0.6234898018587336,-0.8343701235229538,-0.5512045872199277,65.49583333333334,75.80416666666666,70.125,40.266666666666666,61.95416666666667,60.16071428571428,52.233630952380956,46.867222222222225,12.568166185112808,Moderate
2024-08-28,38.77916666666667,53.7,57.20416666666667,496.125,49.2375,30.425,57.5,26.85833333333333,30.5,24.1,80.16666666666667,23.0125,3.7,3.7,1003.9041666666668,8.641666666666667,14.2,72.16666666666667,52.583333333333336,4919.0,2024,8,2,241,0,No Holiday,0,0,1,0,0,0,-0.8660254037844385,-0.5000000000000004,0.9749279121818236,-0.22252093395631434,-0.8437282590292712,-0.5367705514607103,36.204166666666666,65.49583333333334,75.80416666666666,64.8125,64.47916666666667,59.580357142857146,50.394345238095234,47.596805555555555,13.684164508667084,Moderate
2024-08-29,24.98333333333333,43.3,39.454166666666666,279.625,46.59583333333333,19.35833333333333,52.375,28.0375,31.3,24.8,82.0,24.52083333333333,0.5,0.5,1005.6583333333332,9.2375,11.7,55.66666666666666,21.625,5467.0,2024,8,3,242,0,No Holiday,0,0,1,0,0,0,-0.8660254037844385,-0.5000000000000004,0.43388373911755823,-0.900968867902419,-0.8528367217694595,-0.522177676659508,38.77916666666667,36.204166666666666,65.49583333333334,56.47083333333333,28.6125,55.86130952380952,48.55863095238095,48.24125,15.449019115581333,Good
2024-08-30,43.43333333333334,75.4,66.0625,569.4166666666666,55.19583333333333,39.04166666666666,51.75,28.90416666666667,32.7,25.6,80.95833333333333,25.1375,0.8,0.8,1006.4916666666668,6.2625,11.0,86.0,13.166666666666666,5684.0,2024,8,4,243,0,No Holiday,0,0,1,0,0,0,-0.8660254037844385,-0.5000000000000004,-0.433883739117558,-0.9009688679024191,-0.8616928164028522,-0.5074302810827518,24.98333333333333,38.77916666666667,36.204166666666666,48.15,26.6875,51.36309523809524,48.29940476190477,48.089444444444446,19.336810844541194,Moderate
2024-08-31,76.54166666666667,111.1,113.54583333333332,1057.3333333333333,72.96249999999999,51.94166666666666,60.958333333333336,29.85833333333333,33.4,26.4,78.20833333333333,25.5,0.5,0.5,1007.2333333333332,6.55,9.4,84.625,11.333333333333334,5437.0,2024,8,5,244,1,No Holiday,0,0,0,0,0,0,-0.8660254037844385,-0.5000000000000004,-0.9749279121818236,-0.2225209339563146,-0.8702939222685674,-0.49253272872205434,43.43333333333334,24.98333333333333,38.77916666666667,70.125,31.52916666666667,50.68928571428571,49.495535714285715,48.440694444444446,19.548454882513113,Unhealthy for Sensitive Groups
2024-09-01,80.47083333333333,131.8,117.46666666666668,1000.5416666666666,57.2625,37.59166666666667,119.95833333333331,31.2125,35.2,26.9,72.70833333333333,25.504166666666663,0.2,0.2,1005.6041666666666,6.216666666666666,9.2,142.95833333333334,12.666666666666666,5889.0,2024,9,6,245,1,No Holiday,0,0,0,1,0,0,-1.0,-1.8369701987210297e-16,-0.7818314824680299,0.6234898018587334,-0.8786374941610001,-0.4774894280028391,76.54166666666667,43.43333333333334,24.98333333333333,75.80416666666666,43.44583333333333,51.60595238095238,52.71071428571429,49.94138888888889,20.726670404853465,Unhealthy for Sensitive Groups
2024-09-02,52.2375,85.7,76.72500000000001,730.4166666666666,44.9875,29.179166666666664,86.04166666666667,29.883333333333336,32.6,26.3,76.08333333333333,25.191666666666663,2.6,2.6,1007.3458333333332,14.241666666666667,23.2,88.0,69.5,5272.0,2024,9,0,246,0,No Holiday,0,0,1,1,0,0,-1.0,-1.8369701987210297e-16,0.0,1.0,-0.886721063082993,-0.46230483047981086,80.47083333333333,76.54166666666667,43.43333333333334,65.49583333333334,53.4375,52.27261904761905,55.355357142857144,51.363749999999996,21.687499714102735,Moderate
2024-09-03,23.3375,41.1,37.55416666666667,314.0833333333333,42.6875,19.945833333333333,64.625,26.95833333333333,30.5,24.2,69.70833333333333,20.866666666666667,0.0,0.0,1009.0125,11.354166666666666,15.6,43.5,66.95833333333333,5098.0,2024,9,1,247,0,No Holiday,0,0,1,1,0,0,-1.0,-1.8369701987210297e-16,0.7818314824680298,0.6234898018587336,-0.8945422369764496,-0.4469834295196741,52.2375,80.47083333333333,76.54166666666667,36.204166666666666,40.266666666666666,50.37857142857143,55.269642857142856,51.726527777777775,20.905030438127746,Good
2024-09-04,36.71666666666667,70.3,55.4,567.0,59.7125,28.84166666666667,58.54166666666666,28.53333333333333,33.1,24.2,72.08333333333333,22.854166666666668,0.0,0.0,1005.2333333333332,8.704166666666667,12.3,101.45833333333331,50.875,5015.0,2024,9,2,248,0,No Holiday,0,0,1,1,0,0,-1.0,-1.8369701987210297e-16,0.9749279121818236,-0.22252093395631434,-0.9020987014301837,-0.43152975897147144,23.3375,52.2375,80.47083333333333,38.77916666666667,64.8125,48.540476190476184,54.060416666666676,51.333888888888886,22.83556225362436,Moderate
2024-09-05,56.82083333333333,96.6,84.01666666666667,1041.25,60.18333333333334,38.66666666666666,56.583333333333336,29.883333333333336,33.8,26.1,72.875,24.23333333333333,0.0,0.0,1005.3291666666668,9.6,14.3,80.04166666666667,3.375,5792.0,2024,9,3,249,0,No Holiday,0,0,1,1,0,0,-1.0,-1.8369701987210297e-16,0.43388373911755823,-0.900968867902419,-0.9093882203647925,-0.4159483918249421,36.71666666666667,23.3375,52.2375,24.98333333333333,56.47083333333333,48.24583333333334,52.05357142857143,51.37361111111111,22.995249610074463,Moderate
2024-09-06,37.10416666666666,58.6,57.19583333333333,478.9583333333333,55.50416666666666,26.625,52.04166666666666,28.9125,33.3,25.9,76.66666666666667,24.10833333333333,0.0,0.0,1009.1375,13.495833333333332,20.3,53.54166666666666,37.66666666666666,5493.0,2024,9,4,250,0,No Holiday,0,0,1,1,0,0,-1.0,-1.8369701987210297e-16,-0.433883739117558,-0.9009688679024191,-0.9164086366943458,-0.4002439388573056,56.82083333333333,36.71666666666667,23.3375,43.43333333333334,48.15,52.79404761904762,52.07857142857142,51.29097222222222,20.657008391852337,Moderate
2024-09-07,44.458333333333336,68.9,68.22916666666667,592.375,57.0,31.383333333333336,42.29166666666666,28.9375,33.0,25.5,76.375,24.0625,0.3,0.3,1010.9958333333334,11.7125,15.6,73.625,8.541666666666666,5684.0,2024,9,5,251,1,No Holiday,0,0,0,1,0,0,-1.0,-1.8369701987210297e-16,-0.9749279121818236,-0.2225209339563146,-0.9231578729647039,-0.38442104726885545,37.10416666666666,56.82083333333333,36.71666666666667,76.54166666666667,70.125,51.88988095238095,51.28958333333333,50.33847222222222,21.264597907632307,Moderate
2024-09-08,35.09583333333333,53.4,54.72916666666666,499.3333333333333,54.99166666666667,31.14583333333333,32.125,29.48333333333333,33.8,25.8,71.45833333333333,23.4125,0.0,0.0,1010.525,12.2,15.5,82.125,27.75,5871.0,2024,9,6,252,1,No Holiday,0,0,0,1,0,0,-1.0,-1.8369701987210297e-16,-0.7818314824680299,0.6234898018587334,-0.9296339319682695,-0.3684843993077793,44.458333333333336,37.10416666666666,56.82083333333333,80.47083333333333,75.80416666666666,47.30654761904763,49.45625,49.62611111111111,18.319240773203838,Moderate
2024-09-09,24.691666666666663,35.5,37.37083333333333,644.4583333333334,52.52916666666667,35.78333333333333,14.75,29.59166666666667,33.8,25.6,71.04166666666667,23.45833333333333,0.7000000000000001,0.7000000000000001,1008.7375,12.35,15.6,98.125,13.833333333333334,5081.0,2024,9,0,253,0,No Holiday,0,0,1,1,0,0,-1.0,-1.8369701987210297e-16,0.0,1.0,-0.9358348973349941,-0.35243871088460327,35.09583333333333,44.458333333333336,37.10416666666666,52.2375,65.49583333333334,40.82440476190476,46.5485119047619,48.75416666666667,11.318656864703525,Good
2024-09-10,27.225,38.8,41.9625,591.125,50.21666666666667,32.016666666666666,32.333333333333336,29.1625,32.7,25.6,72.41666666666667,23.48333333333333,0.0,0.0,1009.1375,13.129166666666668,18.0,72.95833333333333,55.708333333333336,5129.0,2024,9,1,254,0,No Holiday,0,0,1,1,0,0,-1.0,-1.8369701987210297e-16,0.7818314824680298,0.6234898018587336,-0.9417589340994617,-0.33628873017668287,24.691666666666663,35.09583333333333,44.458333333333336,23.3375,36.204166666666666,36.88928571428571,43.63392857142857,47.928888888888885,11.476659803187353,Good
2024-09-11,11.233333333333334,22.0,17.504166666666666,197.5,31.016666666666666,13.395833333333334,28.25,26.329166666666666,28.6,25.5,92.125,24.9125,57.4,57.4,1008.125,20.241666666666667,27.2,36.16666666666666,99.875,1579.0,2024,9,2,255,0,No Holiday,0,0,1,1,0,0,-1.0,-1.8369701987210297e-16,0.9749279121818236,-0.22252093395631434,-0.9474042892438845,-0.32003923622313857,27.225,24.691666666666663,35.09583333333333,36.71666666666667,38.77916666666667,37.44464285714286,42.992559523809526,47.33,10.784795569513202,Good
2024-09-12,31.179166666666664,62.9,45.85,407.1666666666667,45.70416666666667,22.79583333333333,54.75,28.34583333333333,32.0,26.0,86.875,25.866666666666664,2.4000000000000004,2.4000000000000004,1007.1333333333332,9.795833333333333,16.7,118.25,97.33333333333331,4636.0,2024,9,3,256,0,No Holiday,0,0,1,1,0,0,-1.0,-1.8369701987210297e-16,0.43388373911755823,-0.900968867902419,-0.9527692922168511,-0.30369503751065885,11.233333333333334,27.225,24.691666666666663,56.82083333333333,24.98333333333333,33.80416666666667,41.025,46.02013888888889,14.671981360301631,Good
2024-09-13,33.17916666666667,61.0,49.34166666666667,341.0,46.62083333333334,28.29583333333333,41.833333333333336,27.4375,30.8,25.3,89.83333333333333,25.5875,15.4,15.4,1005.9291666666668,4.4125,10.2,145.70833333333334,85.70833333333333,3289.0,2024,9,4,257,0,No Holiday,0,0,1,1,0,0,-1.0,-1.8369701987210297e-16,-0.433883739117558,-0.9009688679024191,-0.9578523554276669,-0.28726097055059635,31.179166666666664,11.233333333333334,27.225,37.10416666666666,43.43333333333334,30.14107142857143,41.46755952380953,44.994305555555556,10.605014817798045,Good
2024-09-14,56.42083333333333,74.0,82.94583333333334,622.5833333333334,61.645833333333336,48.1,19.25,27.433333333333334,31.1,25.0,86.79166666666667,24.945833333333336,5.0,5.0,1004.2583333333332,7.1125,20.5,105.08333333333331,49.16666666666666,4327.0,2024,9,5,258,1,No Holiday,0,1,0,1,1,0,-1.0,-1.8369701987210297e-16,-0.9749279121818236,-0.2225209339563146,-0.9626519747161487,-0.2707418984477642,33.17916666666667,31.179166666666664,11.233333333333334,44.458333333333336,76.54166666666667,29.580357142857142,40.73511904761905,43.95097222222221,10.274098172295716,Moderate
2024-09-15,28.425,44.0,44.8875,589.5416666666666,32.983333333333334,18.729166666666668,54.25,26.525,29.1,23.6,85.79166666666667,23.866666666666664,2.1,2.1,1006.775,18.541666666666668,23.2,33.25,73.83333333333333,4472.0,2024,9,6,259,1,Mid-Autumn Festival,1,1,0,1,1,0,-1.0,-1.8369701987210297e-16,-0.7818314824680299,0.6234898018587334,-0.9671667297977312,-0.2541427094613622,56.42083333333333,33.17916666666667,31.179166666666664,35.09583333333333,80.47083333333333,31.289285714285715,39.29791666666666,44.877916666666664,13.613452220109638,Good
2024-09-16,19.08333333333333,26.6,31.616666666666664,375.375,31.70833333333333,15.908333333333331,51.66666666666666,25.441666666666663,28.4,23.0,85.29166666666667,22.77916666666667,45.0,45.0,1004.775,30.570833333333336,51.7,130.08333333333334,77.83333333333333,2211.0,2024,9,0,260,0,Mid-Autumn Festival,1,1,0,1,1,0,-1.0,-1.8369701987210297e-16,0.0,1.0,-0.97139528468375,-0.23746831555846842,28.425,56.42083333333333,33.17916666666667,24.691666666666663,52.2375,30.336309523809522,35.580357142857146,44.93583333333333,13.53583928339214,Good
2024-09-17,20.683333333333334,69.2,30.879166666666663,368.625,31.291666666666668,18.079166666666666,31.58333333333333,27.0875,31.1,24.8,87.29166666666667,24.754166666666663,76.5,76.5,1006.7291666666666,21.85833333333333,45.7,137.375,85.08333333333333,2263.0,2024,9,1,261,0,Mid-Autumn Festival,1,1,0,1,1,0,-1.0,-1.8369701987210297e-16,0.7818314824680298,0.6234898018587336,-0.9753363880767837,-0.2207236509605022,19.08333333333333,28.425,56.42083333333333,27.225,23.3375,29.535119047619048,33.21220238095238,44.52097222222222,14.080647520265142,Good
2024-09-18,26.633333333333336,71.0,40.59583333333333,669.0416666666666,44.8,31.433333333333334,14.416666666666666,28.04583333333333,31.4,25.2,78.70833333333333,23.89583333333333,0.0,0.0,1008.3041666666668,16.720833333333335,23.8,107.70833333333331,16.25,5072.0,2024,9,2,262,0,No Holiday,0,1,1,1,1,0,-1.0,-1.8369701987210297e-16,0.9749279121818236,-0.22252093395631434,-0.9789888737409319,-0.20391367068311472,20.683333333333334,19.08333333333333,28.425,11.233333333333334,36.71666666666667,28.600595238095234,33.022619047619045,43.76222222222222,14.471189334923292,Good
2024-09-19,13.908333333333331,18.5,22.104166666666668,161.95833333333334,34.083333333333336,17.537499999999998,16.5,28.195833333333336,31.6,25.4,82.04166666666667,24.745833333333334,0.7,0.7,1006.4833333333332,16.1875,22.5,57.25,33.958333333333336,4879.0,2024,9,3,263,0,No Holiday,0,0,1,1,0,0,-1.0,-1.8369701987210297e-16,0.43388373911755823,-0.900968867902419,-0.9823516608469237,-0.18704334906991657,26.633333333333336,20.683333333333334,19.08333333333333,31.179166666666664,56.82083333333333,30.800595238095237,32.30238095238095,42.86875,12.415449098713788,Good
2024-09-20,11.954166666666666,19.7,18.2625,227.04166666666663,33.550000000000004,18.070833333333333,16.375,28.125,31.1,25.9,85.33333333333333,25.4125,2.5,2.5,1002.8916666666668,14.45,18.5,268.875,59.79166666666666,3653.0,2024,9,4,264,0,No Holiday,0,0,1,1,0,0,-1.0,-1.8369701987210297e-16,-0.433883739117558,-0.9009688679024191,-0.9854237542919524,-0.17011767832049052,13.908333333333331,26.633333333333336,20.683333333333334,33.17916666666667,37.10416666666666,28.333333333333332,29.23720238095238,41.990138888888886,13.949036912526935,Good
2024-09-21,15.233333333333334,20.1,22.554166666666664,357.125,25.25,14.433333333333332,46.375,23.35833333333333,27.1,20.1,73.16666666666667,18.229166666666668,0.2,0.2,1010.2958333333332,21.441666666666663,25.6,181.08333333333331,91.41666666666669,3356.0,2024,9,5,265,1,No Holiday,0,0,0,1,0,0,-1.0,-1.8369701987210297e-16,-0.9749279121818236,-0.2225209339563146,-0.9882042449941422,-0.15314166701312007,11.954166666666666,13.908333333333331,26.633333333333336,56.42083333333333,44.458333333333336,25.301190476190474,27.44077380952381,40.22819444444444,14.988281826032065,Good
2024-09-22,15.1875,27.6,23.104166666666668,261.9166666666667,30.254166666666663,15.258333333333333,62.125,19.904166666666665,22.8,17.4,63.04166666666666,12.558333333333332,0.0,0.0,1016.275,17.183333333333334,23.0,87.20833333333333,17.791666666666668,5613.0,2024,9,6,266,1,No Holiday,0,0,0,1,0,0,-1.0,-1.8369701987210297e-16,-0.7818314824680299,0.6234898018587334,-0.9906923101615609,-0.13612033862266704,15.233333333333334,11.954166666666666,13.908333333333331,28.425,35.09583333333333,19.417261904761904,25.35327380952381,38.853611111111114,6.304453722521945,Good
2024-09-23,25.89583333333333,51.9,40.72916666666666,443.4166666666667,46.38333333333333,22.225,39.04166666666666,19.654166666666665,23.8,15.8,70.625,13.925,0.0,0.0,1016.475,9.166666666666666,14.0,85.45833333333333,24.041666666666668,4728.0,2024,9,0,267,0,No Holiday,0,0,1,1,0,0,-1.0,-1.8369701987210297e-16,0.0,1.0,-0.9928872135356962,-0.11905873003404988,15.1875,15.233333333333334,11.954166666666666,19.08333333333333,24.691666666666663,17.526190476190475,23.931250000000002,37.75486111111111,5.003253984148436,Good
2024-09-24,42.25833333333333,84.5,65.86666666666666,611.0833333333334,54.1,30.9375,34.291666666666664,20.725,25.0,16.1,73.70833333333333,15.529166666666669,0.0,0.0,1013.0541666666668,5.925,8.4,156.58333333333334,2.6666666666666665,5559.0,2024,9,1,268,0,No Holiday,0,0,1,1,0,0,-1.0,-1.8369701987210297e-16,0.7818314824680298,0.6234898018587336,-0.994788305609327,-0.10196189005174576,25.89583333333333,15.1875,15.233333333333334,20.683333333333334,27.225,18.499404761904763,24.017261904761906,36.28055555555555,5.932839510393617,Moderate
2024-09-25,51.69583333333333,75.7,78.95416666666667,761.9583333333334,60.22916666666666,40.020833333333336,31.166666666666668,22.7,27.5,17.8,77.75,18.316666666666663,0.0,0.0,1012.0125,4.041666666666667,6.3,242.08333333333331,92.625,4742.0,2024,9,2,269,0,No Holiday,0,0,1,1,0,0,-1.0,-1.8369701987210297e-16,0.9749279121818236,-0.22252093395631434,-0.9963950238187231,-0.08483487790576538,42.25833333333333,25.89583333333333,15.1875,26.633333333333336,11.233333333333334,21.58154761904762,25.09107142857143,35.16236111111111,10.835215877335726,Moderate
2024-09-26,45.72083333333333,69.6,69.78750000000001,442.4583333333333,57.3125,30.433333333333334,19.125,23.60833333333333,27.2,20.8,84.20833333333333,20.695833333333333,0.1,0.1,1012.35,8.866666666666667,15.3,66.41666666666667,90.79166666666669,2531.0,2024,9,3,270,0,No Holiday,0,0,1,1,0,0,-1.0,-1.8369701987210297e-16,0.43388373911755823,-0.900968867902419,-0.9977068927101168,-0.06768276175455162,51.69583333333333,42.25833333333333,25.89583333333333,13.908333333333331,31.179166666666664,25.16190476190476,27.981249999999996,34.70236111111112,15.790442166790442,Moderate
2024-09-27,31.59166666666667,44.7,52.27916666666667,315.8333333333333,51.96666666666667,20.225,50.91666666666666,23.604166666666668,27.8,20.2,79.20833333333333,19.59583333333333,15.0,15.0,1012.5375,13.554166666666667,18.4,72.83333333333333,33.208333333333336,4433.0,2024,9,4,271,0,No Holiday,0,0,1,1,0,0,-1.0,-1.8369701987210297e-16,-0.433883739117558,-0.9009688679024191,-0.9987235240803972,-0.050510617185222886,45.72083333333333,51.69583333333333,42.25833333333333,11.954166666666666,33.17916666666667,29.70654761904762,29.019940476190477,35.01958333333334,16.5704486267512,Good
2024-09-28,25.666666666666668,37.6,43.0625,298.9166666666667,51.958333333333336,21.02083333333333,50.29166666666666,23.27916666666667,28.0,19.0,79.33333333333333,19.304166666666667,0.0,0.0,1013.6958333333332,11.4625,16.7,89.16666666666667,25.916666666666668,5386.0,2024,9,5,272,1,No Holiday,0,0,0,1,0,0,-1.0,-1.8369701987210297e-16,-0.9749279121818236,-0.2225209339563146,-0.9994446170919858,-0.033323525711631344,31.59166666666667,45.72083333333333,51.69583333333333,15.233333333333334,56.42083333333333,32.51190476190476,28.90654761904762,34.78,14.610470273079189,Good
2024-09-29,28.816666666666663,44.6,49.17083333333333,455.7916666666667,56.5375,26.27083333333333,38.66666666666666,24.52083333333333,29.1,20.5,78.54166666666667,20.320833333333333,0.0,0.0,1012.9583333333334,14.35,25.2,100.41666666666669,49.25,4339.0,2024,9,6,273,1,No Holiday,0,0,0,1,0,0,-1.0,-1.8369701987210297e-16,-0.7818314824680299,0.6234898018587334,-0.9998699583618592,-0.016126573270657762,25.666666666666668,31.59166666666667,45.72083333333333,15.1875,28.425,34.00238095238095,26.709821428571427,34.80277777777778,12.997132175027447,Good
2024-09-30,30.379166666666663,55.1,47.59166666666667,799.6666666666666,66.99583333333332,39.9625,20.58333333333333,24.2125,28.6,22.1,89.41666666666667,22.304166666666664,4.8,4.8,1011.525,11.704166666666666,17.9,170.33333333333334,78.5,3506.0,2024,9,0,274,0,No Holiday,0,1,1,1,1,0,-1.0,-1.8369701987210297e-16,0.0,1.0,-0.9999994220246925,0.001075151282798226,28.816666666666663,25.666666666666668,31.59166666666667,25.89583333333333,19.08333333333333,35.949404761904766,26.73779761904762,34.315555555555555,10.487359407461494,Good
2024-10-01,18.70833333333333,28.2,28.066666666666663,319.0,39.47916666666666,18.97083333333333,32.208333333333336,19.916666666666668,22.3,16.9,75.08333333333333,15.066666666666668,3.7,3.7,1015.875,18.5875,25.4,330.875,79.33333333333333,2961.0,2024,10,1,275,0,National Day Golden Week,1,1,0,1,1,0,-0.8660254037844386,0.5000000000000001,0.7818314824680298,0.6234898018587336,-0.999832969770105,0.018276557681691223,30.379166666666663,28.816666666666663,25.666666666666668,42.25833333333333,20.683333333333334,36.58988095238095,27.544642857142858,32.776805555555555,9.890989415977824,Good
2024-10-02,22.120833333333334,28.1,32.891666666666666,308.0833333333333,42.395833333333336,19.654166666666665,32.041666666666664,16.904166666666665,20.0,14.1,58.208333333333336,8.304166666666667,0.0,0.0,1020.7875,12.925,17.3,149.70833333333334,18.041666666666668,5469.0,2024,10,2,276,0,National Day Golden Week,1,1,0,1,1,0,-0.8660254037844386,0.5000000000000001,0.9749279121818236,-0.22252093395631434,-0.9993706508539969,0.03547255575312556,18.70833333333333,30.379166666666663,28.816666666666663,51.69583333333333,26.633333333333336,33.22559523809524,27.40357142857143,30.718055555555555,11.513611466778704,Good
2024-10-03,22.52083333333333,37.0,34.166666666666664,341.9166666666667,44.5,19.15,37.958333333333336,16.724999999999998,21.5,12.6,61.54166666666666,8.983333333333333,0.0,0.0,1022.2125,10.770833333333334,17.3,22.666666666666668,11.708333333333334,5304.0,2024,10,3,277,0,National Day Golden Week,1,1,0,1,1,0,-0.8660254037844386,0.5000000000000001,0.43388373911755823,-0.900968867902419,-0.9986126020839734,0.052658056924614005,22.120833333333334,18.70833333333333,30.379166666666663,45.72083333333333,13.908333333333331,29.000595238095237,27.08125,29.714166666666664,8.68515170385927,Good
2024-10-04,23.2875,37.7,38.8375,331.875,51.90416666666667,18.9,32.458333333333336,17.733333333333334,23.1,11.9,68.25,11.4125,0.0,0.0,1021.6875,10.808333333333332,18.4,60.5,17.875,4868.0,2024,10,4,278,0,National Day Golden Week,1,1,0,1,1,0,-0.8660254037844386,0.5000000000000001,-0.433883739117558,-0.9009688679024191,-0.9975590477788613,0.06982797572987089,22.52083333333333,22.120833333333334,18.70833333333333,31.59166666666667,11.954166666666666,25.686309523809523,27.696428571428566,29.686944444444443,4.797928103598875,Good
2024-10-05,24.391666666666666,31.8,41.24166666666667,298.0833333333333,62.458333333333336,23.60833333333333,16.958333333333332,17.912499999999998,20.1,14.7,80.66666666666667,14.529166666666669,0.2,0.2,1019.7041666666668,9.7125,11.6,45.54166666666666,67.95833333333333,1577.0,2024,10,5,279,1,National Day Golden Week,1,1,0,1,1,0,-0.8660254037844386,0.5000000000000001,-0.9749279121818236,-0.2225209339563146,-0.9962102997023297,0.0869772313136861,23.2875,22.52083333333333,22.120833333333334,25.666666666666668,15.233333333333334,24.5,28.50595238095238,29.239305555555557,4.065103866378677,Good
2024-10-06,22.6125,28.2,34.49166666666667,320.0,62.37916666666666,25.541666666666668,12.708333333333334,18.695833333333333,20.4,17.4,89.33333333333333,16.8875,8.5,8.5,1019.1125,10.804166666666667,14.5,27.791666666666668,100.0,1161.0,2024,10,6,280,1,National Day Golden Week,1,1,0,1,1,0,-0.8660254037844386,0.5000000000000001,-0.7818314824680299,0.6234898018587334,-0.9945667569706337,0.1041007489354256,24.391666666666666,23.2875,22.52083333333333,28.816666666666663,15.1875,24.31785714285714,29.160119047619045,28.158333333333335,4.032551085103658,Good
2024-10-07,22.92083333333333,36.0,33.2125,369.7916666666667,58.675,25.22083333333333,18.166666666666668,16.0625,16.9,13.9,92.79166666666669,14.883333333333333,13.2,13.2,1021.0583333333334,9.75,13.9,97.75,92.41666666666669,832.0,2024,10,0,281,0,National Day Golden Week,1,1,0,1,1,0,-0.8660254037844386,0.5000000000000001,0.0,1.0,-0.9926289059345095,0.121193461470736,22.6125,24.391666666666666,23.2875,30.379166666666663,25.89583333333333,23.431547619047617,29.690476190476186,27.675277777777772,3.529375614586596,Good
2024-10-08,42.38333333333333,63.3,63.225,476.8333333333333,51.2375,26.729166666666668,24.875,16.529166666666665,21.6,13.4,75.54166666666667,11.841666666666669,0.0,0.0,1020.3,9.166666666666666,12.7,252.0,12.208333333333334,4754.0,2024,10,1,282,0,No Holiday,0,1,1,1,1,0,-0.8660254037844386,0.5000000000000001,0.7818314824680298,0.6234898018587336,-0.9903973200352558,0.1382503109109819,22.92083333333333,22.6125,24.391666666666666,18.70833333333333,42.25833333333333,22.366071428571423,29.47797619047619,26.95736111111111,1.7693546580850625,Moderate
2024-10-09,49.87083333333334,90.1,73.10416666666667,637.25,60.25416666666666,39.13333333333333,18.83333333333333,17.066666666666666,21.4,13.5,66.25,10.4625,0.0,0.0,1016.5625,4.754166666666666,9.6,166.83333333333334,37.41666666666666,5027.0,2024,10,2,283,0,No Holiday,0,0,1,1,0,0,-0.8660254037844386,0.5000000000000001,0.9749279121818236,-0.22252093395631434,-0.9878726596350429,0.15526624985999563,42.38333333333333,22.92083333333333,22.6125,22.120833333333334,51.69583333333333,25.748214285714287,29.48690476190476,27.200277777777774,7.371376957350424,Moderate
2024-10-10,67.94166666666666,127.6,100.50833333333333,823.9166666666666,70.83749999999999,46.175,28.125,18.53333333333333,24.0,13.1,72.54166666666667,13.208333333333334,0.0,0.0,1015.2791666666668,4.55,8.5,191.20833333333331,82.20833333333333,4069.0,2024,10,3,284,0,No Holiday,0,0,1,1,0,0,-0.8660254037844386,0.5000000000000001,0.43388373911755823,-0.900968867902419,-0.9850556718215013,0.172236243027682,49.87083333333334,42.38333333333333,22.92083333333333,22.52083333333333,45.72083333333333,29.712500000000002,29.35654761904762,28.039583333333333,11.436470303780848,Moderate
2024-10-11,85.96666666666665,113.4,134.97916666666666,732.6666666666666,61.23333333333333,38.0375,41.375,19.754166666666663,25.2,15.4,73.29166666666667,14.5125,0.0,0.0,1017.0833333333334,5.4625,8.8,119.16666666666669,32.625,4708.0,2024,10,4,285,0,No Holiday,0,0,1,1,0,0,-0.8660254037844386,0.5000000000000001,-0.433883739117558,-0.9009688679024191,-0.981947190186646,0.18915526872004093,67.94166666666666,49.87083333333334,42.38333333333333,23.2875,31.59166666666667,36.20119047619048,30.943749999999998,29.396805555555552,17.794121238807406,Unhealthy for Sensitive Groups
2024-10-12,69.90833333333333,94.1,109.8125,993.2916666666666,77.2375,45.395833333333336,26.08333333333333,19.28333333333333,23.7,15.8,74.625,14.441666666666668,0.0,0.0,1019.3291666666668,11.0375,17.1,102.25,69.29166666666667,3194.0,2024,10,5,286,1,No Holiday,0,0,0,1,0,0,-0.8660254037844386,0.5000000000000001,-0.9749279121818236,-0.2225209339563146,-0.9785481345802031,0.20601832032517084,85.96666666666665,67.94166666666666,49.87083333333334,24.391666666666666,25.666666666666668,45.15535714285714,34.82767857142857,31.887916666666666,24.65895380944193,Moderate
2024-10-13,34.38333333333333,56.7,55.92083333333333,617.875,66.875,29.46666666666667,23.416666666666668,20.6625,25.1,18.5,86.66666666666667,18.325,3.5,3.5,1016.875,9.5875,13.2,81.0,99.79166666666669,1993.0,2024,10,6,287,1,No Holiday,0,0,0,1,0,0,-0.8660254037844386,0.5000000000000001,-0.7818314824680299,0.6234898018587334,-0.9748595108374125,0.22282040779479959,69.90833333333333,85.96666666666665,67.94166666666666,22.6125,28.816666666666663,51.65773809523809,37.98779761904762,33.178888888888885,24.26930949300361,Good
2024-10-14,45.71666666666667,73.6,66.78333333333333,698.9583333333334,63.25416666666666,36.67083333333333,23.20833333333333,20.491666666666667,24.0,18.1,84.25,17.566666666666666,4.6000000000000005,4.6000000000000005,1015.0125,5.845833333333334,11.6,261.25,83.54166666666667,3685.0,2024,10,0,288,0,No Holiday,0,0,1,1,0,0,-0.8660254037844386,0.5000000000000001,0.0,1.0,-0.9708824104813836,0.23955655912092708,34.38333333333333,69.90833333333333,85.96666666666665,22.92083333333333,30.379166666666663,53.339285714285715,38.385416666666664,33.219027777777775,22.24478323377695,Moderate
2024-10-15,63.36666666666667,75.9,93.62916666666666,564.5833333333334,61.2875,33.604166666666664,15.833333333333334,20.6125,24.0,18.6,83.16666666666667,17.533333333333335,0.2,0.2,1017.2583333333332,7.016666666666667,13.5,94.125,100.0,2617.0,2024,10,1,289,0,No Holiday,0,0,1,1,0,0,-0.8660254037844386,0.5000000000000001,0.7818314824680298,0.6234898018587336,-0.9666180104000972,0.2562218218071163,45.71666666666667,34.38333333333333,69.90833333333333,42.38333333333333,18.70833333333333,56.595833333333324,39.48095238095238,32.86222222222222,18.382820992407225,Moderate
2024-10-16,42.32083333333333,74.7,66.3,375.9166666666667,54.175,21.275,22.25,20.25,23.2,18.5,89.08333333333333,18.320833333333333,16.6,16.6,1019.7833333333332,13.65,19.5,72.875,99.58333333333331,1490.0,2024,10,2,290,0,No Holiday,0,0,1,1,0,0,-0.8660254037844386,0.5000000000000001,0.9749279121818236,-0.22252093395631434,-0.9620675724981452,0.27281126433401914,63.36666666666667,45.71666666666667,34.38333333333333,49.87083333333334,22.120833333333334,59.59345238095238,42.670833333333334,34.026944444444446,17.36144019529372,Moderate
2024-10-17,30.666666666666668,41.6,47.575,653.125,52.125,27.67083333333333,31.75,21.816666666666663,26.0,18.4,83.29166666666667,18.78333333333333,20.4,20.4,1015.3583333333332,16.008333333333333,20.5,115.54166666666669,96.16666666666669,2435.0,2024,10,3,291,0,No Holiday,0,0,1,1,0,0,-0.8660254037844386,0.5000000000000001,0.43388373911755823,-0.900968867902419,-0.957232443323312,0.28931997761869527,42.32083333333333,63.36666666666667,45.71666666666667,67.94166666666666,22.52083333333333,58.51488095238095,44.11369047619048,34.80152777777778,18.27652623477219,Good
2024-10-18,22.53333333333333,38.9,32.93333333333333,487.5416666666667,33.85,20.54583333333333,51.91666666666666,22.804166666666664,27.2,18.9,83.70833333333333,19.77083333333333,6.6000000000000005,6.6000000000000005,1011.0166666666668,16.783333333333335,21.9,232.04166666666663,62.25,3329.0,2024,10,4,292,0,No Holiday,0,0,1,1,0,0,-0.8660254037844386,0.5000000000000001,-0.433883739117558,-0.9009688679024191,-0.9521140536681102,0.3057430764672831,30.666666666666668,42.32083333333333,63.36666666666667,85.96666666666665,23.2875,53.18988095238095,44.69553571428571,35.13430555555556,20.381191665609663,Good
2024-10-19,12.4375,15.1,18.3125,368.2083333333333,26.554166666666664,15.125,35.333333333333336,16.145833333333332,18.1,12.8,72.29166666666667,11.083333333333334,0.6000000000000001,0.6000000000000001,1023.375,21.179166666666667,26.4,130.83333333333334,84.875,1279.0,2024,10,5,293,1,No Holiday,0,0,0,1,0,0,-0.8660254037844386,0.5000000000000001,-0.9749279121818236,-0.2225209339563146,-0.9467139181463862,0.3220757010206104,22.53333333333333,30.666666666666668,42.32083333333333,69.90833333333333,24.391666666666666,44.12797619047619,44.641666666666666,34.997638888888886,17.23870280804123,Good
2024-10-20,21.541666666666668,42.6,34.958333333333336,400.9583333333333,37.78333333333333,21.175,25.45833333333333,14.7125,18.5,11.2,70.5,9.308333333333334,0.2,0.2,1025.4375,11.816666666666668,17.2,92.25,75.79166666666667,3525.0,2024,10,6,294,1,No Holiday,0,0,0,1,0,0,-0.8660254037844386,0.5000000000000001,-0.7818314824680299,0.6234898018587334,-0.9410336347451197,0.3383130181923076,12.4375,22.53333333333333,30.666666666666668,34.38333333333333,22.6125,35.917857142857144,43.787797619047616,34.948611111111106,16.587416567773843,Good
2024-10-21,25.4,38.4,39.19583333333333,390.9583333333333,45.425,29.34583333333333,9.916666666666666,16.625,19.5,14.1,81.5,13.379166666666668,4.6,4.6,1019.9833333333332,7.479166666666667,10.6,30.58333333333333,94.20833333333331,2351.0,2024,10,0,295,0,No Holiday,0,0,1,1,0,0,-0.8660254037844386,0.5000000000000001,0.0,1.0,-0.9350748843515574,0.3544502230989869,21.541666666666668,12.4375,22.53333333333333,45.71666666666667,22.92083333333333,34.083333333333336,43.71130952380952,35.26819444444444,17.47195885024962,Good
2024-10-22,26.104166666666668,47.4,37.583333333333336,536.8333333333334,37.775,26.245833333333334,13.875,15.095833333333331,17.0,12.1,85.0,12.483333333333334,6.6,6.6,1020.7541666666666,12.633333333333333,20.9,323.4583333333333,87.91666666666667,1451.0,2024,10,1,296,0,No Holiday,0,0,1,1,0,0,-0.8660254037844386,0.5000000000000001,0.7818314824680298,0.6234898018587336,-0.9288394302558068,0.3704825404820963,25.4,21.541666666666668,12.4375,63.36666666666667,42.38333333333333,31.180952380952384,43.888392857142854,35.60708333333333,16.895340597203244,Good
2024-10-23,49.55416666666667,72.6,75.05416666666666,549.1666666666666,45.24166666666667,34.07083333333333,17.708333333333332,12.529166666666669,17.4,8.6,77.41666666666667,8.35,0.0,0.0,1022.6458333333334,7.845833333333334,9.6,163.45833333333334,0.0,4522.0,2024,10,2,297,0,No Holiday,0,0,1,1,0,0,-0.8660254037844386,0.5000000000000001,0.9749279121818236,-0.22252093395631434,-0.9223291176290545,0.3864052261209853,26.104166666666668,25.4,21.541666666666668,42.32083333333333,49.87083333333334,25.857738095238094,42.72559523809524,35.97097222222222,9.16708314349719,Moderate
2024-10-24,43.5,63.1,67.82916666666667,432.375,51.92083333333333,31.45,14.875,13.954166666666666,18.9,9.2,79.70833333333333,10.2125,0.0,0.0,1020.3791666666666,8.775,12.2,66.95833333333333,19.75,4405.0,2024,10,3,298,0,No Holiday,0,0,1,1,0,0,-0.8660254037844386,0.5000000000000001,0.43388373911755823,-0.900968867902419,-0.9155458729775467,0.40221356823680365,49.55416666666667,26.104166666666668,25.4,30.666666666666668,67.94166666666666,26.89107142857143,42.70297619047619,36.75958333333333,11.454440608606188,Moderate
2024-10-25,27.216666666666665,34.5,48.9125,292.2083333333333,43.44166666666666,18.28333333333333,32.375,16.400000000000002,21.5,12.2,80.79166666666667,12.925,0.0,0.0,1019.7666666666668,12.920833333333334,19.9,47.875,65.91666666666667,3359.0,2024,10,4,299,0,No Holiday,0,0,1,1,0,0,-0.8660254037844386,0.5000000000000001,-0.433883739117558,-0.9009688679024191,-0.9084917035725082,0.41790288888678667,43.5,49.55416666666667,26.104166666666668,22.53333333333333,85.96666666666665,28.72440476190476,40.957142857142856,36.80097222222222,13.072227998366289,Good
2024-10-26,22.0125,27.7,38.00833333333333,325.3333333333333,42.6625,19.05,23.33333333333333,18.966666666666665,22.3,16.3,85.16666666666667,16.375,1.7000000000000002,1.7000000000000002,1016.7208333333332,17.0125,19.6,30.125,95.54166666666669,1759.0,2024,10,5,300,1,No Holiday,0,0,0,1,0,0,-0.8660254037844386,0.5000000000000001,-0.9749279121818236,-0.2225209339563146,-0.9011686968561569,0.4334685453485363,27.216666666666665,43.5,49.55416666666667,12.4375,69.90833333333333,29.39345238095238,36.760714285714286,35.985,12.81996752961251,Good
2024-10-27,29.425,56.3,46.44583333333333,443.0833333333333,45.72916666666666,24.9375,22.666666666666668,16.3625,17.8,14.1,89.5,14.625,7.1,7.1,1016.3875,12.866666666666667,18.8,192.125,94.375,631.0,2024,10,6,301,1,No Holiday,0,0,0,1,0,0,-0.8660254037844386,0.5000000000000001,-0.7818314824680299,0.6234898018587334,-0.8935790198239952,0.4489059314938798,22.0125,27.216666666666665,43.5,21.541666666666668,34.38333333333333,30.761309523809523,33.33958333333334,35.194722222222225,11.105451435547458,Good
2024-10-28,57.12083333333334,79.2,90.28333333333336,511.9583333333333,48.11666666666667,32.56666666666667,19.0,15.058333333333335,19.2,11.6,79.91666666666667,11.379166666666668,0.0,0.0,1017.1375,8.783333333333333,12.2,129.16666666666666,80.95833333333333,3626.0,2024,10,0,302,0,No Holiday,0,0,1,1,0,0,-0.8660254037844386,0.5000000000000001,0.0,1.0,-0.8857249183835637,0.4642104791518923,29.425,22.0125,27.216666666666665,25.4,45.71666666666667,31.8875,32.985416666666666,35.122499999999995,10.391439452207296,Moderate
2024-10-29,44.5625,67.5,67.12916666666666,552.625,52.55,35.362500000000004,15.75,13.954166666666666,19.0,9.3,77.95833333333333,9.870833333333334,0.0,0.0,1018.2458333333334,6.429166666666667,8.7,49.333333333333336,51.125,4158.0,2024,10,1,303,0,No Holiday,0,0,1,1,0,0,-0.8660254037844386,0.5000000000000001,0.7818314824680298,0.6234898018587336,-0.8776087166898392,0.4793776594606945,57.12083333333334,29.425,22.0125,26.104166666666668,63.36666666666667,36.41904761904762,33.800000000000004,36.17097222222222,13.532559941542086,Moderate
2024-10-30,35.6375,53.2,56.4625,519.4583333333334,54.1,26.34166666666667,24.041666666666668,14.708333333333334,19.6,9.5,79.04166666666667,10.895833333333334,0.0,0.0,1020.4625,11.270833333333334,18.3,64.54166666666667,0.6666666666666666,4129.0,2024,10,2,304,0,No Holiday,0,0,1,1,0,0,-0.8660254037844386,0.5000000000000001,0.9749279121818236,-0.22252093395631434,-0.8692328164574792,0.49440298420761813,44.5625,57.12083333333334,29.425,49.55416666666667,42.32083333333333,39.05595238095238,32.45684523809524,36.69583333333333,12.974508673960974,Moderate
2024-10-31,25.633333333333336,37.3,44.84583333333333,425.7083333333333,46.3375,18.79583333333333,36.75,16.654166666666665,21.8,12.6,82.125,13.308333333333332,6.5,6.5,1018.3875,13.825,19.3,52.083333333333336,43.125,3459.0,2024,10,3,305,0,No Holiday,0,0,1,1,0,0,-0.8660254037844386,0.5000000000000001,0.43388373911755823,-0.900968867902419,-0.8605996962501181,0.5092820071573356,35.6375,44.5625,57.12083333333334,43.5,30.666666666666668,37.06785714285714,31.97946428571429,36.87111111111111,12.136947081439915,Good
2024-11-01,16.491666666666667,20.7,28.35833333333333,294.875,30.3875,15.270833333333334,52.583333333333336,17.099999999999998,19.3,14.1,79.54166666666667,13.454166666666666,0.3,0.3,1015.8958333333334,21.39583333333333,27.2,56.708333333333336,84.33333333333333,1270.0,2024,11,4,306,0,No Holiday,0,0,1,1,0,1,-0.5000000000000004,0.8660254037844384,-0.433883739117558,-0.9009688679024191,-0.8517119107469189,0.5240103253675756,25.633333333333336,35.6375,44.5625,27.216666666666665,22.53333333333333,34.51547619047619,31.619940476190475,37.10194444444444,12.433866655760337,Good
2024-11-02,53.23333333333333,101.5,81.44166666666666,544.1666666666666,53.6625,38.270833333333336,23.83333333333333,16.087500000000002,21.3,12.4,77.54166666666667,11.8375,0.0,0.0,1021.0041666666666,7.9375,10.9,241.625,0.5833333333333334,3896.0,2024,11,5,307,1,No Holiday,0,0,0,1,0,1,-0.5000000000000004,0.8660254037844384,-0.9749279121818236,-0.2225209339563146,-0.8425720899866032,0.5385835804920232,16.491666666666667,25.633333333333336,35.6375,22.0125,12.4375,32.983333333333334,31.188392857142862,36.91430555555556,14.040175077387929,Moderate
2024-11-03,91.94166666666666,135.5,141.47916666666666,1604.6666666666667,66.9375,62.79583333333333,17.166666666666668,16.991666666666667,22.0,12.0,78.54166666666667,12.916666666666666,0.0,0.0,1020.5625,4.633333333333334,8.1,130.79166666666666,1.25,3925.0,2024,11,6,308,1,No Holiday,0,0,0,1,0,1,-0.5000000000000004,0.8660254037844384,-0.7818314824680299,0.6234898018587334,-0.8331829385891785,0.5529974600700271,53.23333333333333,16.491666666666667,25.633333333333336,29.425,21.541666666666668,37.44345238095239,34.102380952380955,37.93805555555556,14.906451510234918,Unhealthy for Sensitive Groups
2024-11-04,70.57083333333334,133.2,109.30416666666667,552.7916666666666,51.825,39.895833333333336,22.916666666666668,15.958333333333334,20.9,11.8,75.95833333333333,11.383333333333333,0.0,0.0,1023.4375,13.633333333333333,21.2,64.70833333333333,28.541666666666668,3708.0,2024,11,0,309,0,No Holiday,0,0,1,1,0,1,-0.5000000000000004,0.8660254037844384,0.0,1.0,-0.8235472349556007,0.5672476988027229,91.94166666666666,53.23333333333333,16.491666666666667,57.12083333333334,25.4,46.37440476190476,39.13095238095239,40.226527777777775,24.767721562859663,Moderate
2024-11-05,26.21666666666667,41.1,41.79583333333333,372.9166666666667,42.61666666666667,25.566666666666663,18.45833333333333,13.416666666666666,17.5,9.9,67.375,7.3125,0.0,0.0,1026.4875,9.354166666666666,11.9,29.541666666666668,19.70833333333333,3893.0,2024,11,1,310,0,No Holiday,0,0,1,1,0,1,-0.5000000000000004,0.8660254037844384,0.7818314824680298,0.6234898018587336,-0.8136678304455991,0.5813300798152042,70.57083333333334,91.94166666666666,53.23333333333333,44.5625,26.104166666666668,48.295833333333334,42.35744047619048,41.76583333333333,26.219516912590688,Good
2024-11-06,30.71666666666667,51.3,47.37916666666666,599.2083333333334,46.65,27.4125,15.708333333333334,11.854166666666666,16.7,7.9,72.08333333333333,6.625,0.0,0.0,1028.3208333333334,8.65,12.1,60.625,1.9166666666666667,3952.0,2024,11,2,311,0,No Holiday,0,0,1,1,0,1,-0.5000000000000004,0.8660254037844384,0.9749279121818236,-0.22252093395631434,-0.8035476485339116,0.5952404359043674,26.21666666666667,70.57083333333334,91.94166666666666,35.6375,49.55416666666667,45.675000000000004,42.365476190476194,41.88597222222222,27.5386057931003,Good
2024-11-07,24.64583333333333,38.4,40.25833333333333,541.875,50.425,24.945833333333336,20.625,12.066666666666668,16.8,8.1,67.20833333333333,5.854166666666667,0.0,0.0,1027.7125,9.825,15.8,91.79166666666669,9.541666666666666,3851.0,2024,11,3,312,0,No Holiday,0,0,1,1,0,1,-0.5000000000000004,0.8660254037844384,0.43388373911755823,-0.900968867902419,-0.7931896839451843,0.6089746507720486,30.71666666666667,26.21666666666667,70.57083333333334,25.633333333333336,43.5,44.97202380952381,41.01994047619047,42.145833333333336,27.897998600130027,Good
2024-11-08,27.0625,43.5,43.76666666666667,449.5,54.57083333333333,27.47083333333333,18.166666666666668,12.929166666666667,17.6,9.0,75.45833333333333,8.470833333333333,0.0,0.0,1024.5791666666669,9.829166666666667,14.3,67.79166666666667,66.79166666666667,3326.0,2024,11,4,313,0,No Holiday,0,0,1,1,0,1,-0.5000000000000004,0.8660254037844384,-0.433883739117558,-0.9009688679024191,-0.7825970017677834,0.6225286602431057,24.64583333333333,30.71666666666667,26.21666666666667,16.491666666666667,27.216666666666665,44.83095238095239,39.67321428571429,41.554583333333326,28.01434072417763,Good
2024-11-09,24.866666666666664,39.0,40.575,478.9166666666667,58.97083333333333,28.183333333333334,5.125,15.616666666666667,19.2,12.6,86.70833333333333,13.3875,0.4,0.4,1021.9041666666668,11.183333333333332,14.9,71.0,99.91666666666669,1277.0,2024,11,5,314,1,No Holiday,0,0,0,1,0,1,-0.5000000000000004,0.8660254037844384,-0.9749279121818236,-0.2225209339563146,-0.7717727365467836,0.6358984534680745,27.0625,24.64583333333333,30.71666666666667,53.23333333333333,22.0125,46.34107142857143,39.66220238095239,40.79430555555556,26.474702660320485,Good
2024-11-10,32.44583333333333,45.6,49.7,468.5416666666667,55.5875,29.09166666666667,14.875,16.629166666666666,21.1,14.1,82.95833333333333,13.545833333333334,1.3,1.3,1020.6875,8.191666666666666,11.6,57.66666666666666,34.416666666666664,3422.0,2024,11,6,315,1,No Holiday,0,0,0,1,0,1,-0.5000000000000004,0.8660254037844384,-0.7818314824680299,0.6234898018587334,-0.7607200913564104,0.6490800741100398,24.866666666666664,27.0625,24.64583333333333,91.94166666666666,29.425,42.288690476190474,39.86607142857143,39.35847222222222,27.398763754793855,Good
2024-11-11,51.34166666666667,78.7,80.89583333333333,722.0833333333334,59.65833333333333,35.670833333333334,20.375,15.245833333333332,20.8,11.0,82.66666666666667,12.05,0.0,0.0,1020.7416666666668,7.841666666666666,11.3,63.375,5.583333333333333,3384.0,2024,11,0,316,0,No Holiday,0,0,1,1,0,1,-0.5000000000000004,0.8660254037844384,0.0,1.0,-0.7494423368521954,0.6620696215153815,32.44583333333333,24.866666666666664,27.0625,70.57083333333334,57.12083333333334,33.78928571428572,40.08184523809524,37.57444444444444,16.482001065616554,Moderate
2024-11-12,49.32083333333333,61.5,72.08333333333333,706.7083333333334,61.72916666666666,37.69166666666667,15.458333333333334,15.883333333333333,21.3,11.1,80.75,12.341666666666669,0.0,0.0,1019.3,9.633333333333333,17.1,90.45833333333331,9.625,3482.0,2024,11,1,317,0,No Holiday,0,0,1,1,0,1,-0.5000000000000004,0.8660254037844384,0.7818314824680298,0.6234898018587336,-0.7379428103031386,0.6748632518680403,51.34166666666667,32.44583333333333,24.866666666666664,26.21666666666667,44.5625,31.042261904761904,39.66904761904762,36.95555555555555,9.41912069442185,Moderate
2024-11-13,56.45,71.7,57.90416666666667,751.8333333333334,77.71666666666667,52.2,24.625,17.650000000000002,22.0,14.1,79.95833333333333,13.95,0.3,0.3,1017.1583333333332,12.804166666666667,19.1,106.04166666666669,32.458333333333336,2800.0,2024,11,2,318,0,No Holiday,0,0,1,1,0,1,-0.5000000000000004,0.8660254037844384,0.9749279121818236,-0.22252093395631434,-0.7262249146041543,0.6874571793269664,49.32083333333333,51.34166666666667,32.44583333333333,30.71666666666667,35.6375,34.34285714285714,40.00892857142857,37.453472222222224,11.305465562607429,Moderate
2024-11-14,82.04166666666667,175.6,83.2,1415.9583333333333,73.21249999999999,56.94583333333333,24.375,19.6125,24.5,15.9,85.375,16.9875,0.0,0.0,1013.8333333333334,6.1000000000000005,13.6,118.08333333333331,7.375,3360.0,2024,11,3,319,0,No Holiday,0,0,1,1,0,1,-0.5000000000000004,0.8660254037844384,0.43388373911755823,-0.900968867902419,-0.7142921172691032,0.699847677146407,56.45,49.32083333333333,51.34166666666667,24.64583333333333,25.633333333333336,38.01904761904762,41.495535714285715,37.81125,13.831468845472667,Unhealthy for Sensitive Groups
2024-11-15,71.0125,132.2,71.32916666666667,806.375,64.87083333333334,48.99166666666667,11.125,18.85,22.4,16.1,90.45833333333331,17.191666666666666,0.0,0.0,1014.4,8.387500000000001,12.0,39.208333333333336,61.25,2069.0,2024,11,4,320,0,No Holiday,0,0,1,1,0,1,-0.5000000000000004,0.8660254037844384,-0.433883739117558,-0.9009688679024191,-0.7021479494046978,0.7120310787787131,82.04166666666667,56.45,49.32083333333333,27.0625,16.491666666666667,46.218452380952385,45.524702380952384,38.433749999999996,20.15106961955541,Moderate
2024-11-16,41.48333333333333,60.3,41.9,584.0833333333334,50.13333333333333,30.433333333333334,28.416666666666668,18.67083333333333,21.9,15.9,85.66666666666667,16.120833333333334,0.1,0.1,1016.2958333333332,8.945833333333333,13.4,46.125,82.5,1788.0,2024,11,5,321,1,No Holiday,0,0,0,1,0,1,-0.5000000000000004,0.8660254037844384,-0.9749279121818236,-0.2225209339563146,-0.6897960046655887,0.7240037789593305,71.0125,82.04166666666667,56.45,24.866666666666664,53.23333333333333,52.49702380952381,49.41904761904762,39.39013888888889,20.03432351533064,Moderate
2024-11-17,19.65,30.6,21.9,394.2916666666667,28.4875,20.854166666666668,41.75,13.2375,17.0,11.9,77.625,9.358333333333333,5.4,5.4,1025.7083333333333,17.599999999999998,23.5,28.33333333333333,100.0,671.0,2024,11,6,322,1,No Holiday,0,0,0,1,0,1,-0.5000000000000004,0.8660254037844384,-0.7818314824680299,0.6234898018587334,-0.6772399381909491,0.7357622347736527,41.48333333333333,71.0125,82.04166666666667,32.44583333333333,91.94166666666666,54.87083333333333,48.5797619047619,39.75069444444444,16.964004307050516,Good
2024-11-18,16.204166666666666,22.6,18.8875,374.7083333333333,24.058333333333334,17.662499999999998,47.66666666666666,11.55,12.8,10.6,63.29166666666666,4.758333333333334,0.0,0.0,1031.3333333333333,13.491666666666667,18.4,53.708333333333336,99.58333333333331,1078.0,2024,11,0,323,0,No Holiday,0,0,1,1,0,1,-0.5000000000000004,0.8660254037844384,0.0,1.0,-0.6644834655228552,0.7473029667054296,19.65,41.48333333333333,71.0125,51.34166666666667,70.57083333333334,53.042857142857144,43.41607142857142,39.654583333333335,20.169699426786963,Good
2024-11-19,27.9,69.8,30.204166666666666,447.75,38.04583333333333,24.04583333333333,35.833333333333336,11.183333333333332,13.6,9.6,68.29166666666667,5.4750000000000005,0.1,0.1,1029.0083333333334,8.7125,12.8,51.333333333333336,80.875,1777.0,2024,11,1,324,0,No Holiday,0,0,1,1,0,1,-0.5000000000000004,0.8660254037844384,0.7818314824680298,0.6234898018587336,-0.6515303615068021,0.75862255966641,16.204166666666666,19.65,41.48333333333333,49.32083333333333,26.21666666666667,48.02321428571429,39.53273809523809,39.78013888888889,24.55849485029913,Good
2024-11-20,53.54166666666666,118.3,55.60833333333333,845.0833333333334,56.925,44.44583333333333,11.125,10.229166666666666,11.9,8.5,81.0,7.066666666666666,0.8,0.8,1025.9166666666667,4.6125,7.9,172.66666666666666,71.0,1054.0,2024,11,2,325,0,No Holiday,0,0,1,1,0,1,-0.5000000000000004,0.8660254037844384,0.9749279121818236,-0.22252093395631434,-0.6383844591746642,0.7697176640069211,27.9,16.204166666666666,19.65,56.45,30.71666666666667,44.96309523809523,39.65297619047619,39.99208333333333,25.678874760425938,Moderate
2024-11-21,108.37083333333334,239.3,111.14166666666668,1408.2916666666667,61.6125,67.94583333333334,17.583333333333332,10.420833333333333,14.5,7.6,77.83333333333333,6.4750000000000005,0.0,0.0,1024.5166666666669,3.0875,4.8,254.375,45.375,2424.0,2024,11,3,326,0,No Holiday,0,0,1,1,0,1,-0.5000000000000004,0.8660254037844384,0.43388373911755823,-0.900968867902419,-0.6250496486104377,0.7805849965070866,53.54166666666666,27.9,16.204166666666666,82.04166666666667,24.64583333333333,44.547619047619044,41.28333333333334,40.93013888888889,25.484839340484715,Unhealthy for Sensitive Groups
2024-11-22,123.32916666666668,204.4,129.74583333333334,1021.5833333333334,68.26666666666667,73.86666666666666,21.625,10.908333333333331,15.9,6.7,75.5,6.391666666666667,0.0,0.0,1025.5625,5.9625,12.2,83.54166666666667,17.625,3385.0,2024,11,4,327,0,No Holiday,0,0,1,1,0,1,-0.5000000000000004,0.8660254037844384,-0.433883739117558,-0.9009688679024191,-0.6115298757991053,0.7912213413483807,108.37083333333334,53.54166666666666,27.9,71.0125,27.0625,48.308928571428574,47.26369047619047,43.67236111111111,32.82638457812403,Unhealthy
2024-11-23,31.1125,53.2,33.079166666666666,585.3333333333334,42.266666666666666,25.579166666666666,31.416666666666668,10.454166666666667,14.6,7.2,71.58333333333333,5.245833333333334,0.0,0.0,1027.4625,8.216666666666667,11.1,52.833333333333336,31.125,3387.0,2024,11,5,328,1,No Holiday,0,0,0,1,0,1,-0.5000000000000004,0.8660254037844384,-0.9749279121818236,-0.2225209339563146,-0.5978291414589552,0.801623551065242,123.32916666666668,108.37083333333334,53.54166666666666,41.48333333333333,24.866666666666664,55.782738095238095,54.139880952380956,46.131527777777784,43.1798724590753,Good
2024-11-24,33.4375,51.2,35.045833333333334,625.6666666666666,55.075,39.57083333333333,19.125,11.3625,15.3,7.6,70.16666666666667,5.995833333333334,0.0,0.0,1025.4458333333334,9.470833333333331,13.8,84.83333333333333,77.0,2569.0,2024,11,6,329,1,No Holiday,0,0,0,1,0,1,-0.5000000000000004,0.8660254037844384,-0.7818314824680299,0.6234898018587334,-0.5839514998576998,0.8117885474764613,31.1125,123.32916666666668,108.37083333333334,19.65,32.44583333333333,54.30119047619048,54.586011904761904,45.718611111111116,43.92378076697267,Good
2024-11-25,37.78333333333333,57.2,38.75833333333333,818.2083333333334,67.6375,46.1,9.125,10.9875,13.0,8.6,87.41666666666667,8.9125,6.5,6.5,1021.0875,13.220833333333331,19.9,206.29166666666663,100.0,570.0,2024,11,0,330,0,No Holiday,0,0,1,1,0,1,-0.5000000000000004,0.8660254037844384,0.0,1.0,-0.5699010576127624,0.8217133225960589,33.4375,31.1125,123.32916666666668,16.204166666666666,51.34166666666667,56.270833333333336,54.65684523809524,45.92597222222222,42.393441373964635,Moderate
2024-11-26,32.704166666666666,48.8,45.82083333333333,608.6666666666666,30.84166666666667,27.575,37.16666666666666,7.108333333333333,9.6,4.7,56.66666666666666,-1.5458333333333334,0.0,0.0,1024.6583333333333,12.9,16.8,283.0416666666667,35.916666666666664,3433.0,2024,11,1,331,0,No Holiday,0,0,1,1,0,1,-0.5000000000000004,0.8660254037844384,0.7818314824680298,0.6234898018587336,-0.5556819724760489,0.8313949395234058,37.78333333333333,33.4375,31.1125,27.9,49.32083333333333,59.353571428571435,53.68839285714285,46.45166666666667,39.69288388887034,Good
2024-11-27,27.383333333333336,48.8,34.42916666666667,698.2083333333334,31.52083333333333,26.445833333333336,39.41666666666666,6.929166666666667,10.3,4.9,51.333333333333336,-2.9458333333333333,0.0,0.0,1022.6125,13.1875,19.2,273.5,1.0,3436.0,2024,11,2,332,0,No Holiday,0,0,1,1,0,1,-0.5000000000000004,0.8660254037844384,0.9749279121818236,-0.22252093395631434,-0.5412984521036173,0.8408305333122887,32.704166666666666,37.78333333333333,33.4375,53.54166666666666,56.45,60.039880952380955,52.50148809523809,46.56097222222222,39.09543166344447,Good
2024-11-28,25.416666666666668,35.2,31.2375,545.4583333333334,29.225,24.6375,40.625,7.175,11.1,4.7,47.625,-3.5666666666666664,0.0,0.0,1021.525,14.370833333333332,19.3,266.6666666666667,0.0,3422.0,2024,11,3,333,0,No Holiday,0,0,1,1,0,1,-0.5000000000000004,0.8660254037844384,0.43388373911755823,-0.900968867902419,-0.5267547528105542,0.8500173118187018,27.383333333333336,32.704166666666666,37.78333333333333,108.37083333333334,82.04166666666667,56.3029761904762,50.425297619047626,45.569722222222225,41.022735108720674,Good
2024-11-29,44.375,129.9,49.32083333333333,1194.375,40.85833333333333,39.145833333333336,24.5,7.995833333333334,14.9,3.2,54.16666666666666,-1.2,0.0,0.0,1020.3583333333332,9.5375,16.2,252.0,0.0,3372.0,2024,11,4,334,0,No Holiday,0,0,1,1,0,1,-0.5000000000000004,0.8660254037844384,-0.433883739117558,-0.9009688679024191,-0.5120551783114646,0.8589525565270845,25.416666666666668,27.383333333333336,32.704166666666666,123.32916666666668,71.0125,44.45238095238095,46.38065476190476,44.931527777777774,35.01674573417938,Moderate
2024-11-30,85.90833333333335,138.3,87.43333333333334,1771.9166666666667,57.35,67.55416666666666,14.791666666666666,9.045833333333333,15.8,3.5,66.41666666666667,2.7291666666666665,0.0,0.0,1017.0541666666668,6.0375000000000005,8.7,201.79166666666663,5.083333333333333,3313.0,2024,11,5,335,1,No Holiday,0,0,0,1,0,1,-0.5000000000000004,0.8660254037844384,-0.9749279121818236,-0.2225209339563146,-0.4972040784469378,0.8676336233547726,44.375,25.416666666666668,27.383333333333336,31.1125,41.48333333333333,33.17321428571429,44.47797619047619,45.22277777777777,6.389527228290056,Unhealthy for Sensitive Groups
2024-12-01,62.35416666666666,102.7,63.82083333333333,1390.5833333333333,61.29166666666666,52.333333333333336,25.25,10.85,17.7,6.3,66.79166666666667,4.670833333333333,0.0,0.0,1013.2791666666668,8.145833333333334,11.6,204.75,0.0,3286.0,2024,12,6,336,1,No Holiday,0,0,0,1,0,1,-2.4492935982947064e-16,1.0,-0.7818314824680299,0.6234898018587334,-0.4822058478963526,0.8760579434344281,85.90833333333335,44.375,25.416666666666668,33.4375,19.65,41.00119047619047,47.65119047619048,47.23194444444445,20.787665044984916,Moderate
2024-12-02,71.25,105.5,72.1875,1254.5416666666667,63.37916666666666,58.09583333333333,27.666666666666668,12.025,19.4,6.8,69.625,6.183333333333334,0.0,0.0,1017.1583333333332,6.604166666666667,14.1,189.25,0.0,3316.0,2024,12,0,337,0,No Holiday,0,0,1,1,0,1,-2.4492935982947064e-16,1.0,0.0,1.0,-0.46706492487743034,0.8842230238742036,62.35416666666666,85.90833333333335,44.375,37.78333333333333,16.204166666666666,45.13214285714285,50.701488095238105,48.76069444444444,21.87863841623635,Moderate
2024-12-03,55.475,95.2,59.34166666666667,683.9166666666666,42.79166666666666,37.77916666666667,27.70833333333333,10.341666666666669,14.9,6.8,78.70833333333333,6.583333333333333,0.0,0.0,1022.4375,10.183333333333334,12.2,48.79166666666666,67.70833333333333,2785.0,2024,12,1,338,0,No Holiday,0,0,1,1,0,1,-2.4492935982947064e-16,1.0,0.7818314824680298,0.6234898018587336,-0.451785789832884,0.8921264484954345,71.25,62.35416666666666,85.90833333333335,32.704166666666666,27.9,49.91309523809524,54.63333333333334,49.36125,23.594433786825636,Moderate
2024-12-04,52.00416666666666,77.3,58.975,797.5416666666666,53.09583333333333,38.8,16.083333333333332,8.508333333333333,10.4,6.5,81.83333333333333,5.504166666666666,4.6000000000000005,4.6000000000000005,1023.2416666666668,7.991666666666667,10.0,70.16666666666667,86.79166666666667,832.0,2024,12,2,339,0,No Holiday,0,0,1,1,0,1,-2.4492935982947064e-16,1.0,0.9749279121818236,-0.22252093395631434,-0.4363729641045924,0.8997658785476209,55.475,71.25,62.35416666666666,27.383333333333336,53.54166666666666,53.166071428571435,56.602976190476184,48.145694444444445,22.364027729290047,Moderate
2024-12-05,97.63333333333333,212.8,106.28333333333336,1466.4166666666667,55.89166666666667,59.7,13.791666666666666,8.120833333333334,11.9,5.1,80.58333333333333,4.745833333333334,0.4,0.4,1022.0708333333332,4.791666666666667,7.9,307.2083333333333,73.5,2357.0,2024,12,3,340,0,No Holiday,0,0,1,1,0,1,-2.4492935982947064e-16,1.0,0.43388373911755823,-0.900968867902419,-0.42083100859565564,0.9071390534005044,52.00416666666666,55.475,71.25,25.416666666666668,108.37083333333334,56.68333333333333,56.49315476190476,47.52680555555556,19.368793360712964,Unhealthy for Sensitive Groups
2024-12-06,163.79999999999998,243.1,169.22083333333333,1413.5416666666667,66.54166666666667,99.07916666666668,17.166666666666668,7.45,11.5,4.1,80.08333333333333,4.0125,0.0,0.0,1022.5625,3.225,5.1,289.5,77.375,2713.0,2024,12,4,341,0,No Holiday,0,0,1,1,0,1,-2.4492935982947064e-16,1.0,-0.433883739117558,-0.9009688679024191,-0.4051645224207563,0.9142437912130223,97.63333333333333,52.00416666666666,55.475,44.375,123.32916666666668,67.0,55.726190476190474,49.90736111111111,19.1710011705082,Very Unhealthy
2024-12-07,142.20416666666668,234.2,144.84166666666667,1071.75,54.19166666666666,75.05833333333334,29.20833333333333,6.991666666666667,11.7,4.2,72.08333333333333,1.9416666666666669,0.0,0.0,1027.1583333333333,8.404166666666667,14.4,221.66666666666663,42.0,3042.0,2024,12,5,342,1,No Holiday,0,0,0,1,0,1,-2.4492935982947064e-16,1.0,-0.9749279121818236,-0.2225209339563146,-0.3893781415452015,0.9210779895789526,163.79999999999998,97.63333333333333,52.00416666666666,85.90833333333335,31.1125,84.06071428571428,58.61696428571428,54.343472222222225,38.78581632226381,Unhealthy
2024-12-08,45.9125,94.8,47.31666666666666,732.375,47.16666666666666,42.5625,21.33333333333333,3.6208333333333336,7.4,-0.3,55.375,-4.716666666666667,0.0,0.0,1031.0291666666667,6.941666666666666,12.8,34.0,0.625,3248.0,2024,12,6,343,1,No Holiday,0,0,0,1,0,1,-2.4492935982947064e-16,1.0,-0.7818314824680299,0.6234898018587334,-0.37347653741307074,0.9276396261490467,142.20416666666668,163.79999999999998,97.63333333333333,62.35416666666666,33.4375,92.10297619047618,66.55208333333333,58.26208333333333,44.6290988958321,Moderate
2024-12-09,60.833333333333336,84.8,63.2875,1023.6666666666666,57.25416666666666,59.075,7.208333333333333,4.4625,8.2,0.7,64.58333333333333,-1.8666666666666665,0.0,0.0,1025.9375,5.816666666666666,8.6,63.54166666666666,67.41666666666667,1711.0,2024,12,0,344,0,No Holiday,0,0,1,1,0,1,-2.4492935982947064e-16,1.0,0.0,1.0,-0.3574644155648614,0.9339267592294762,45.9125,142.20416666666668,163.79999999999998,71.25,37.78333333333333,89.75416666666668,67.44315476190476,58.89041666666667,46.833906678973605,Moderate
2024-12-10,56.7,72.4,59.47916666666666,924.2083333333334,61.07916666666667,49.75833333333333,7.166666666666667,6.445833333333333,9.4,4.9,73.875,2.0166666666666666,4.6,4.6,1023.1458333333334,8.9375,14.3,42.583333333333336,99.75,923.0,2024,12,1,345,0,No Holiday,0,0,1,1,0,1,-2.4492935982947064e-16,1.0,0.7818314824680298,0.6234898018587336,-0.34134651424503615,0.9399375283564133,60.833333333333336,45.9125,142.20416666666668,55.475,32.704166666666666,88.26607142857142,69.08958333333334,60.089305555555555,47.677734694320414,Moderate
2024-12-11,59.17916666666667,122.5,60.9125,740.6666666666666,46.275,43.020833333333336,21.166666666666668,5.804166666666667,9.4,3.2,72.58333333333333,0.6333333333333334,2.0,2.0,1025.7916666666667,9.525,11.9,249.95833333333331,57.958333333333336,1886.0,2024,12,2,346,0,No Holiday,0,0,1,1,0,1,-2.4492935982947064e-16,1.0,0.9749279121818236,-0.22252093395631434,-0.3251276029999093,0.9456701548465688,56.7,60.833333333333336,45.9125,52.00416666666666,27.383333333333336,88.44107142857142,70.80357142857142,60.89777777777777,47.539363406360465,Moderate
2024-12-12,87.14999999999999,183.5,90.8375,1378.6666666666667,49.025,52.87083333333334,10.333333333333334,5.183333333333334,9.1,1.5,81.41666666666667,2.1875,0.0,0.0,1026.8333333333333,5.004166666666666,7.6,145.95833333333334,60.04166666666666,1739.0,2024,12,3,347,0,No Holiday,0,0,1,1,0,1,-2.4492935982947064e-16,1.0,0.43388373911755823,-0.900968867902419,-0.30881248126625377,0.9511229423235357,59.17916666666667,56.7,60.833333333333336,97.63333333333333,25.416666666666668,89.46607142857142,73.07470238095237,61.15902777777778,46.69261737712343,Unhealthy for Sensitive Groups
2024-12-13,98.32083333333333,131.8,100.4375,983.0416666666666,43.6375,56.85,27.541666666666668,6.233333333333333,9.5,2.9,71.29166666666667,1.0625,0.1,0.1,1027.225,10.704166666666666,17.1,313.5,54.208333333333336,2578.0,2024,12,4,348,0,No Holiday,0,0,1,1,0,1,-2.4492935982947064e-16,1.0,-0.433883739117558,-0.9009688679024191,-0.29240597695107734,0.9562942772197719,87.14999999999999,59.17916666666667,56.7,163.79999999999998,44.375,87.96845238095237,77.48422619047619,62.419999999999995,46.55491933426124,Unhealthy for Sensitive Groups
2024-12-14,66.49583333333334,107.1,72.02499999999999,962.0,45.40833333333333,46.083333333333336,20.70833333333333,2.708333333333333,6.2,-0.6,63.583333333333336,-3.8708333333333336,0.0,0.0,1032.6875,7.783333333333334,11.1,310.8333333333333,1.8333333333333333,3159.0,2024,12,5,349,1,No Holiday,0,0,0,1,0,1,-2.4492935982947064e-16,1.0,-0.9749279121818236,-0.2225209339563146,-0.27591294500296043,0.9611826292540837,98.32083333333333,87.14999999999999,59.17916666666667,142.20416666666668,85.90833333333335,78.61428571428571,81.33749999999999,63.815694444444446,33.53706463056043,Moderate
2024-12-15,68.27916666666667,115.9,71.425,1912.2916666666667,50.91666666666666,53.32916666666667,20.625,3.4,9.0,-0.6,60.66666666666666,-3.9,0.0,0.0,1028.3083333333334,7.029166666666666,12.3,249.0,6.541666666666667,3204.0,2024,12,6,350,1,No Holiday,0,0,0,1,0,1,-2.4492935982947064e-16,1.0,-0.7818314824680299,0.6234898018587334,-0.2593382659754056,0.9657865518844574,66.49583333333334,98.32083333333333,87.14999999999999,45.9125,62.35416666666666,67.79880952380952,79.95089285714286,63.29750000000001,18.406386917727126,Moderate
2024-12-16,93.42916666666667,206.3,95.25416666666666,2273.0,58.44166666666666,71.83333333333333,19.83333333333333,4.6875,11.4,0.1,64.75,-1.825,0.0,0.0,1024.5708333333334,6.470833333333334,9.4,229.70833333333331,1.1666666666666667,3219.0,2024,12,0,351,0,No Holiday,0,0,1,1,0,1,-2.4492935982947064e-16,1.0,0.0,1.0,-0.2426868445825954,0.9701046827361175,68.27916666666667,66.49583333333334,98.32083333333333,60.833333333333336,71.25,70.99404761904762,80.37410714285714,63.20638888888889,15.719011043989207,Unhealthy for Sensitive Groups
2024-12-17,137.725,210.5,139.45000000000002,1675.375,79.425,102.0875,13.166666666666666,4.479166666666667,10.1,0.2,67.66666666666667,-1.2708333333333333,0.0,0.0,1025.625,4.970833333333333,9.0,280.3333333333333,11.291666666666666,3180.0,2024,12,1,352,0,No Holiday,0,0,1,1,0,1,-2.4492935982947064e-16,1.0,0.7818314824680298,0.6234898018587336,-0.22596360824801906,0.974135744004672,93.42916666666667,68.27916666666667,66.49583333333334,56.7,55.475,75.65059523809524,81.95833333333333,64.93791666666667,16.984474533094623,Unhealthy
2024-12-18,61.09166666666667,152.7,63.00833333333333,710.2083333333334,46.9625,36.6875,24.20833333333333,2.4291666666666667,5.8,-0.2,69.95833333333333,-2.8541666666666665,0.0,0.0,1031.6833333333334,11.0,16.4,167.625,14.208333333333334,3062.0,2024,12,2,353,0,No Holiday,0,0,1,1,0,1,-2.4492935982947064e-16,1.0,0.9749279121818236,-0.22252093395631434,-0.20917350564635637,0.9778785428342386,137.725,93.42916666666667,68.27916666666667,59.17916666666667,52.00416666666666,87.22559523809524,87.83333333333334,68.87375,26.730371436060935,Moderate
2024-12-19,74.79166666666667,204.4,77.38333333333334,936.1666666666666,52.82916666666667,53.43333333333334,17.583333333333332,1.9916666666666665,6.1,-1.1,69.41666666666667,-3.204166666666667,0.0,0.0,1031.4541666666669,4.75,8.8,142.91666666666666,92.16666666666669,2783.0,2024,12,3,354,0,No Holiday,0,0,1,1,0,1,-2.4492935982947064e-16,1.0,0.43388373911755823,-0.900968867902419,-0.19232150523909483,0.9813319716704275,61.09166666666667,137.725,93.42916666666667,87.14999999999999,97.63333333333333,87.49880952380953,88.48244047619049,70.37000000000002,26.403705823556752,Moderate
2024-12-20,135.1875,220.7,138.6875,2414.9166666666665,62.92916666666667,89.50833333333333,12.583333333333334,3.3166666666666664,8.0,-0.1,69.83333333333333,-1.9666666666666668,0.0,0.0,1024.4791666666667,3.9791666666666665,7.9,234.0,14.958333333333334,3066.0,2024,12,4,355,0,No Holiday,0,0,1,1,0,1,-2.4492935982947064e-16,1.0,-0.433883739117558,-0.9009688679024191,-0.17541259380427843,0.9844950085880858,74.79166666666667,61.09166666666667,137.725,98.32083333333333,163.79999999999998,85.73333333333333,86.85089285714285,71.93305555555555,26.84047179030055,Unhealthy
2024-12-21,96.175,176.5,101.6375,863.2916666666666,47.45,53.67083333333333,25.625,2.025,6.4,-0.9,61.833333333333336,-5.083333333333333,0.0,0.0,1028.9375,10.104166666666666,16.2,313.5,8.833333333333334,3153.0,2024,12,5,356,1,No Holiday,0,0,0,1,0,1,-2.4492935982947064e-16,1.0,-0.9749279121818236,-0.2225209339563146,-0.15845177496083632,0.9873667175937016,135.1875,74.79166666666667,61.09166666666667,66.49583333333334,142.20416666666668,91.0,84.80714285714285,74.65458333333335,32.69956818154105,Unhealthy for Sensitive Groups
2024-12-22,67.50833333333334,132.7,70.57083333333334,844.7916666666666,50.15833333333333,49.75416666666666,13.0,0.9458333333333332,4.7,-2.5,65.04166666666667,-5.166666666666667,0.0,0.0,1031.7833333333333,5.733333333333333,8.2,125.33333333333331,82.125,2840.0,2024,12,6,357,1,No Holiday,0,0,0,1,0,1,-2.4492935982947064e-16,1.0,-0.7818314824680299,0.6234898018587334,-0.14144406768794202,0.9899462489023779,96.175,135.1875,74.79166666666667,68.27916666666667,45.9125,95.23988095238096,81.51934523809523,74.24805555555555,30.865463069843376,Moderate
2024-12-23,85.97916666666667,150.9,89.1375,979.75,55.90416666666667,57.1625,10.916666666666666,3.3625000000000003,6.4,0.8,68.0,-2.058333333333333,0.0,0.0,1029.3,6.520833333333333,8.0,48.083333333333336,98.0,1523.0,2024,12,0,358,0,No Holiday,0,0,1,1,0,1,-2.4492935982947064e-16,1.0,0.0,1.0,-0.12439450483979998,0.9922328391893008,67.50833333333334,96.175,135.1875,93.42916666666667,60.833333333333336,95.12976190476192,83.06190476190476,72.38736111111112,30.978849231409054,Unhealthy for Sensitive Groups
2024-12-24,83.69166666666666,140.2,86.26666666666667,1253.625,54.3125,60.69166666666666,15.291666666666666,4.5125,8.9,0.4,67.41666666666667,-1.1833333333333331,0.0,0.0,1028.95,5.1875,8.6,74.625,12.208333333333334,2968.0,2024,12,1,359,0,No Holiday,0,0,1,1,0,1,-2.4492935982947064e-16,1.0,0.7818314824680298,0.6234898018587336,-0.10730813165636247,0.9942258118156161,85.97916666666667,67.50833333333334,96.175,137.725,56.7,94.06547619047619,84.85803571428572,74.21624999999999,31.17436724482266,Unhealthy for Sensitive Groups
2024-12-25,142.025,252.4,144.58333333333334,1734.0416666666667,66.875,97.52916666666664,7.375,5.4875,11.4,0.8,75.83333333333333,1.2958333333333334,0.0,0.0,1026.2208333333333,4.429166666666666,8.5,219.16666666666663,19.416666666666668,2762.0,2024,12,2,360,0,No Holiday,0,0,1,1,0,1,-2.4492935982947064e-16,1.0,0.9749279121818236,-0.22252093395631434,-0.09019000427034513,0.9959245770286599,83.69166666666666,85.97916666666667,67.50833333333334,61.09166666666667,59.17916666666667,86.34642857142858,86.7860119047619,75.89138888888888,24.547311700864757,Unhealthy
2024-12-26,127.18333333333334,204.4,129.50416666666666,1100.125,65.92916666666666,66.08333333333333,18.45833333333333,4.595833333333333,9.9,1.2,67.45833333333333,-1.2666666666666666,0.0,0.0,1030.3,7.541666666666667,10.2,101.41666666666669,7.625,3110.0,2024,12,3,361,0,No Holiday,0,0,1,1,0,1,-2.4492935982947064e-16,1.0,0.43388373911755823,-0.900968867902419,-0.07304518821104743,0.9973286321364752,142.025,83.69166666666666,85.97916666666667,74.79166666666667,87.14999999999999,97.90833333333333,92.70357142857142,79.36611111111111,29.27450510778188,Unhealthy
2024-12-27,61.4,106.4,64.375,893.0416666666666,52.175,49.1,17.333333333333332,2.9458333333333333,7.4,-0.8,68.83333333333333,-2.5083333333333333,0.0,0.0,1031.9458333333334,6.379166666666666,13.8,165.5,14.75,3068.0,2024,12,4,362,0,No Holiday,0,0,1,1,0,1,-2.4492935982947064e-16,1.0,-0.433883739117558,-0.9009688679024191,-0.05587875690537313,0.9984375616565666,127.18333333333334,142.025,83.69166666666666,135.1875,98.32083333333333,105.39285714285714,95.56309523809523,82.51541666666667,29.07604560019639,Moderate
2024-12-28,79.41666666666667,169.0,82.39166666666667,1235.875,47.9,56.8125,22.08333333333333,1.8541666666666667,6.6,-2.2,50.54166666666666,-7.808333333333334,0.0,0.0,1031.85,8.008333333333333,14.9,287.4583333333333,0.0,3267.0,2024,12,5,363,1,No Holiday,0,0,0,1,0,1,-2.4492935982947064e-16,1.0,-0.9749279121818236,-0.2225209339563146,-0.03869579017652689,0.9992510374388481,61.4,127.18333333333334,142.025,96.175,66.49583333333334,94.85178571428573,92.92589285714287,83.64930555555557,29.83943139270485,Unhealthy for Sensitive Groups
2024-12-29,78.05416666666666,130.9,80.12083333333334,1960.1666666666667,60.25833333333333,62.34583333333333,22.916666666666668,2.645833333333333,8.6,-1.1,57.708333333333336,-5.3875,0.0,0.0,1026.2208333333333,6.058333333333334,11.2,177.95833333333334,21.95833333333333,3182.0,2024,12,6,364,1,No Holiday,0,0,0,1,0,1,-2.4492935982947064e-16,1.0,-0.7818314824680299,0.6234898018587334,-0.021501372740813793,0.999768818762748,79.41666666666667,61.4,127.18333333333334,67.50833333333334,68.27916666666667,92.4577380952381,93.84880952380952,85.44930555555555,30.382894724367585,Unhealthy for Sensitive Groups
2024-12-30,79.97500000000001,110.4,81.2625,1811.75,53.075,61.14166666666667,22.33333333333333,4.445833333333334,10.9,-0.5,61.0,-2.795833333333333,0.0,0.0,1021.5791666666668,7.920833333333333,12.5,232.41666666666663,0.0,3226.0,2024,12,0,365,0,No Holiday,0,0,1,1,0,1,-2.4492935982947064e-16,1.0,0.0,1.0,-0.004300592702981974,0.9999907524084426,78.05416666666666,79.41666666666667,61.4,85.97916666666667,93.42916666666667,93.96428571428571,94.54702380952381,86.57194444444444,29.177114384443552,Unhealthy for Sensitive Groups
2024-12-31,123.5375,257.0,131.61249999999998,1954.625,57.63333333333333,73.66666666666667,19.416666666666668,4.0125,9.3,-0.1,57.333333333333336,-4.108333333333333,0.0,0.0,1025.2208333333333,4.654166666666667,10.4,110.16666666666669,0.0,3263.0,2024,12,1,366,0,No Holiday,0,1,1,1,1,1,-2.4492935982947064e-16,1.0,0.7818314824680298,0.6234898018587336,0.012901459949419653,0.9999167727021953,79.97500000000001,78.05416666666666,79.41666666666667,83.69166666666666,137.725,93.10654761904763,93.5860119047619,86.37416666666667,29.537016349344118,Unhealthy
2025-01-01,82.49583333333334,151.3,87.36666666666667,1413.25,76.40833333333333,67.37916666666666,15.416666666666666,5.329166666666667,12.0,0.9,60.29166666666666,-2.0625,0.0,0.0,1021.8708333333334,7.670833333333333,9.8,123.5,2.25,3246.0,2025,1,2,1,0,New Year,1,0,0,0,1,1,0.49999999999999994,0.8660254037844387,0.9749279121818236,-0.22252093395631434,0.017201575418260506,0.9998520419557735,123.5375,79.97500000000001,78.05416666666666,142.025,61.09166666666667,98.79880952380952,92.57261904761904,88.41361111111111,31.212182368550646,Unhealthy for Sensitive Groups
2025-01-02,108.81666666666666,189.5,111.64583333333331,1859.25,81.97916666666667,123.44583333333333,5.041666666666667,4.916666666666667,10.8,0.2,77.41666666666667,1.1458333333333333,0.0,0.0,1024.45,5.583333333333333,10.4,65.04166666666667,37.708333333333336,3101.0,2025,1,3,2,0,No Holiday,0,1,1,0,1,1,0.49999999999999994,0.8660254037844387,0.43388373911755823,-0.900968867902419,0.03439806061360801,0.9994082116062598,82.49583333333334,123.5375,79.97500000000001,127.18333333333334,74.79166666666667,90.29464285714286,94.10148809523808,88.78847222222223,24.95408952445876,Unhealthy for Sensitive Groups
2025-01-03,88.90416666666665,142.0,94.64166666666668,1048.625,52.22083333333333,48.6875,16.333333333333332,5.229166666666667,10.1,1.5,75.45833333333333,0.9416666666666668,0.0,0.0,1027.6041666666667,7.766666666666667,9.3,51.375,20.0,3138.0,2025,1,4,3,0,No Holiday,0,0,1,0,0,1,0.49999999999999994,0.8660254037844387,-0.433883739117558,-0.9009688679024191,0.051584366869408364,0.9986686402879997,108.81666666666666,82.49583333333334,123.5375,61.4,135.1875,87.67083333333333,96.53184523809524,90.56652777777778,21.096361258125235,Unhealthy for Sensitive Groups
2025-01-04,111.725,262.6,115.20416666666668,1274.4166666666667,63.7625,80.36666666666666,8.333333333333334,6.545833333333333,11.8,2.4,74.875,2.2416666666666667,0.0,0.0,1024.7791666666667,6.775,11.4,124.125,82.375,2730.0,2025,1,5,4,1,No Holiday,0,0,0,0,0,1,0.49999999999999994,0.8660254037844387,-0.9749279121818236,-0.2225209339563146,0.06875540848113941,0.9976335468520451,88.90416666666665,108.81666666666666,82.49583333333334,79.41666666666667,96.175,91.60000000000001,93.22589285714287,91.79652777777778,17.671232376484014,Unhealthy for Sensitive Groups
2025-01-05,102.425,202.6,105.67916666666667,1605.125,49.5875,52.22083333333333,32.208333333333336,8.5875,13.4,5.2,67.95833333333333,2.6333333333333333,0.2,0.2,1020.7916666666666,9.245833333333334,14.5,238.79166666666663,30.75,3196.0,2025,1,6,5,1,No Holiday,0,0,0,0,0,1,0.49999999999999994,0.8660254037844387,-0.7818314824680299,0.6234898018587334,0.08590610426133272,0.9963032375991965,111.725,88.90416666666665,108.81666666666666,78.05416666666666,67.50833333333334,96.21547619047617,94.33660714285715,92.26624999999999,18.170940137378214,Unhealthy for Sensitive Groups
2025-01-06,73.27499999999999,169.5,76.49166666666666,984.4166666666666,46.97083333333333,47.7875,31.5,5.908333333333334,11.2,2.2,57.083333333333336,-2.5875,0.0,0.0,1024.4416666666666,8.120833333333334,15.0,310.375,3.0,3317.0,2025,1,0,6,0,No Holiday,0,0,1,0,0,1,0.49999999999999994,0.8660254037844387,0.0,1.0,0.10303137904317879,0.9946781061893646,102.425,111.725,88.90416666666665,79.97500000000001,85.97916666666667,99.69702380952381,96.83065476190475,90.22041666666668,16.3553008655331,Moderate
2025-01-07,68.8,130.4,70.64999999999999,1698.9166666666667,56.45416666666667,59.54583333333333,14.333333333333334,3.3208333333333333,8.4,-0.6,57.875,-4.691666666666666,0.0,0.0,1025.5625,4.575,7.9,228.70833333333331,70.79166666666667,3000.0,2025,1,1,7,0,No Holiday,0,0,1,0,0,1,0.49999999999999994,0.8660254037844387,0.7818314824680298,0.6234898018587336,0.1201261651823505,0.9927586335250793,73.27499999999999,102.425,111.725,123.5375,83.69166666666666,98.73988095238096,95.92321428571428,87.92277777777778,17.831280849102466,Moderate
2025-01-08,78.40416666666667,122.9,80.05,1681.9583333333333,57.40416666666667,62.74583333333334,20.916666666666668,3.6875,9.9,0.1,57.0,-4.529166666666667,0.0,0.0,1024.6875,8.9375,14.1,247.04166666666663,53.04166666666666,3068.0,2025,1,2,8,0,No Holiday,0,0,1,0,0,1,0.49999999999999994,0.8660254037844387,0.9749279121818236,-0.22252093395631434,0.13718540405660057,0.9905453876091833,68.8,73.27499999999999,102.425,82.49583333333334,142.025,90.92023809523809,94.85952380952381,88.68569444444444,17.132689613895366,Unhealthy for Sensitive Groups
2025-01-09,41.2875,94.8,42.72916666666666,544.25,44.1625,33.27916666666667,23.95833333333333,0.65,4.1,-2.7,48.958333333333336,-9.754166666666666,0.0,0.0,1033.4,10.0375,16.0,66.08333333333333,68.875,3266.0,2025,1,3,9,0,No Holiday,0,0,1,0,0,1,0.49999999999999994,0.8660254037844387,0.43388373911755823,-0.900968867902419,0.1542040475626894,0.988039023376751,78.40416666666667,68.8,73.27499999999999,108.81666666666666,127.18333333333334,90.33571428571427,90.31517857142856,89.27138888888888,17.533130982332974,Moderate
2025-01-10,85.27083333333333,238.4,87.03750000000001,1469.2083333333333,56.36666666666667,62.04583333333333,15.125,0.2083333333333333,4.2,-3.2,55.66666666666666,-8.1625,0.0,0.0,1036.9958333333334,3.391666666666667,6.1,168.875,29.625,3433.0,2025,1,4,10,0,No Holiday,0,0,1,0,0,1,0.49999999999999994,0.8660254037844387,-0.433883739117558,-0.9009688679024191,0.17117705961019986,0.985240282501282,41.2875,78.40416666666667,68.8,88.90416666666665,61.4,80.68869047619047,84.1797619047619,88.75763888888888,23.299464719536523,Unhealthy for Sensitive Groups
2025-01-11,136.66666666666666,258.9,138.20833333333334,2039.4166666666667,59.208333333333336,86.63333333333333,19.83333333333333,2.3541666666666665,7.5,-1.1,57.458333333333336,-5.966666666666666,0.0,0.0,1031.6541666666667,6.208333333333333,12.5,197.125,53.833333333333336,2943.0,2025,1,5,11,1,No Holiday,0,0,0,0,0,1,0.49999999999999994,0.8660254037844387,-0.9749279121818236,-0.2225209339563146,0.18809941761179758,0.9821499931752291,85.27083333333333,41.2875,78.40416666666667,111.725,79.41666666666667,80.16964285714286,85.88482142857141,89.62736111111111,23.12576646806427,Unhealthy
2025-01-12,106.23333333333332,220.3,108.73333333333332,1549.2916666666667,53.09166666666667,57.175,24.25,4.266666666666667,9.2,1.5,54.708333333333336,-4.5875,0.1,0.0,1026.6083333333331,8.133333333333333,12.2,266.6666666666667,28.70833333333333,3421.0,2025,1,6,12,1,No Holiday,0,0,0,0,0,1,0.49999999999999994,0.8660254037844387,-0.7818314824680299,0.6234898018587334,0.20496611396949532,0.9787690698649216,136.66666666666666,85.27083333333333,41.2875,102.425,78.05416666666666,83.73273809523809,89.97410714285715,91.27791666666666,29.76606022974025,Unhealthy for Sensitive Groups
2025-01-13,107.25416666666666,169.5,109.55416666666667,2271.75,67.28750000000001,62.10416666666666,22.666666666666668,5.4,12.6,-0.4,57.0,-2.833333333333333,0.0,0.0,1024.525,6.558333333333334,9.7,180.66666666666663,42.333333333333336,3373.0,2025,1,0,13,0,No Holiday,0,0,1,0,0,1,0.49999999999999994,0.8660254037844387,0.0,1.0,0.22177215755648186,0.975098513039961,106.23333333333332,136.66666666666666,85.27083333333333,73.27499999999999,79.97500000000001,84.27678571428571,91.98690476190475,91.54166666666667,30.196341571656728,Unhealthy for Sensitive Groups
2025-01-14,129.57083333333333,193.2,131.47916666666666,1694.375,63.34166666666667,66.99583333333334,27.541666666666668,8.191666666666666,13.8,4.2,58.91666666666666,0.3333333333333333,0.0,0.0,1025.5,8.45,22.9,215.95833333333331,98.83333333333331,1993.0,2025,1,1,14,0,No Holiday,0,0,1,0,0,1,0.49999999999999994,0.8660254037844387,0.7818314824680298,0.6234898018587336,0.23851257519407648,0.9711394088771653,107.25416666666666,106.23333333333332,136.66666666666666,68.8,123.5375,89.1309523809524,93.93541666666667,92.90027777777777,30.856912986142756,Unhealthy
2025-01-15,53.57916666666667,205.4,54.42083333333333,855.75,33.858333333333334,38.7,29.666666666666668,1.575,4.8,-1.9,41.208333333333336,-10.7125,0.0,0.0,1034.9416666666666,8.975,18.4,234.875,13.333333333333334,3613.0,2025,1,2,15,0,No Holiday,0,0,1,0,0,1,0.49999999999999994,0.8660254037844387,0.9749279121818236,-0.22252093395631434,0.2551824131233728,0.9668929289391521,129.57083333333333,107.25416666666666,106.23333333333332,78.40416666666667,82.49583333333334,97.8125,94.36636904761905,94.94333333333333,32.678601401885686,Moderate
2025-01-16,127.4875,275.7,129.19583333333333,2164.333333333333,58.145833333333336,82.18333333333334,17.166666666666668,2.2125,8.5,-2.0,47.458333333333336,-8.725,0.0,0.0,1029.425,5.029166666666667,10.7,226.54166666666663,14.791666666666666,3599.0,2025,1,3,16,0,No Holiday,0,0,1,0,0,1,0.49999999999999994,0.8660254037844387,0.43388373911755823,-0.900968867902419,0.2717767384711357,0.9623603298276545,53.57916666666667,129.57083333333333,107.25416666666666,41.2875,108.81666666666666,94.26607142857142,92.30089285714284,93.61500000000001,36.284087934001775,Unhealthy
2025-01-17,175.59166666666667,273.8,178.1291666666667,2901.625,75.17916666666666,114.4875,16.291666666666668,2.958333333333333,9.1,-1.0,57.25,-5.520833333333333,0.0,0.0,1026.9416666666666,2.5458333333333334,6.4,188.5,24.75,3635.0,2025,1,4,17,0,No Holiday,0,0,1,0,0,1,0.49999999999999994,0.8660254037844387,-0.433883739117558,-0.9009688679024191,0.2882906407095177,0.9575429528116719,127.4875,53.57916666666667,129.57083333333333,85.27083333333333,88.90416666666665,106.58035714285714,93.6345238095238,93.27374999999999,29.25364102796175,Very Unhealthy
2025-01-18,120.35833333333332,270.1,122.4,2012.375,78.85833333333333,89.71249999999999,16.416666666666668,5.025,11.8,-0.2,56.583333333333336,-3.3166666666666664,0.0,0.0,1021.7625,5.008333333333334,7.7,139.79166666666666,49.333333333333336,3473.0,2025,1,5,18,1,No Holiday,0,0,0,0,0,1,0.49999999999999994,0.8660254037844387,-0.9749279121818236,-0.2225209339563146,0.3047192331091634,0.9524422234305676,175.59166666666667,127.4875,53.57916666666667,136.66666666666666,111.725,119.48333333333333,99.82648809523809,97.09041666666666,37.14321507255279,Unhealthy
2025-01-19,143.63750000000002,230.5,145.44583333333333,1928.5833333333333,75.00833333333334,81.13333333333334,27.541666666666668,6.95,14.6,1.4,59.16666666666666,-1.0166666666666666,0.0,0.0,1017.4125,7.120833333333334,11.0,250.875,0.0,3614.0,2025,1,6,19,1,No Holiday,0,0,0,0,0,1,0.49999999999999994,0.8660254037844387,-0.7818314824680299,0.6234898018587334,0.321057654185271,0.9470596510722283,120.35833333333332,175.59166666666667,127.4875,106.23333333333332,102.425,117.15357142857144,100.44315476190476,98.60930555555555,36.389592611031155,Unhealthy
2025-01-20,199.23333333333332,296.2,201.5583333333333,2008.3333333333333,76.7,90.19583333333333,24.166666666666668,5.554166666666667,12.4,0.4,62.083333333333336,-1.95,0.0,0.0,1018.8375,4.5,6.5,253.08333333333331,34.916666666666664,3266.0,2025,1,0,20,0,No Holiday,0,0,1,0,0,1,0.49999999999999994,0.8660254037844387,0.0,1.0,0.3373010691361842,0.9413968285264122,143.63750000000002,120.35833333333332,175.59166666666667,107.25416666666666,73.27499999999999,122.49702380952381,103.38690476190477,98.89097222222222,37.25474061885317,Very Unhealthy
2025-01-21,155.27916666666667,240.3,156.44583333333333,1552.5833333333333,86.64999999999999,80.825,21.625,8.083333333333334,16.3,2.2,57.16666666666666,-0.4958333333333333,0.0,0.0,1019.7208333333332,8.691666666666666,14.9,121.0,34.708333333333336,3575.0,2025,1,1,21,0,No Holiday,0,0,1,0,0,1,0.49999999999999994,0.8660254037844387,0.7818314824680298,0.6234898018587336,0.3534446712740877,0.9354554315134164,199.23333333333332,143.63750000000002,120.35833333333332,129.57083333333333,68.8,135.63690476190476,112.38392857142857,102.32625000000002,46.14292180610386,Very Unhealthy
2025-01-22,95.15416666666664,137.8,98.32916666666668,1168.6666666666667,66.8125,60.03333333333333,17.041666666666668,9.454166666666667,16.6,4.3,68.875,3.654166666666667,0.0,0.0,1018.8625,8.1625,15.4,78.95833333333333,36.208333333333336,3522.0,2025,1,2,22,0,No Holiday,0,0,1,0,0,1,0.49999999999999994,0.8660254037844387,0.9749279121818236,-0.22252093395631434,0.3694836834473831,0.9292372181882051,155.27916666666667,199.23333333333332,143.63750000000002,53.57916666666667,78.40416666666667,139.30952380952382,118.5610119047619,105.25194444444443,46.60046443313177,Unhealthy for Sensitive Groups
2025-01-23,52.3,88.2,55.0625,1077.625,59.7875,35.65,14.875,8.6,13.2,4.3,86.29166666666667,6.291666666666667,0.0,0.0,1020.6166666666668,9.404166666666669,13.8,60.708333333333336,97.33333333333331,1770.0,2025,1,3,23,0,No Holiday,0,0,1,0,0,1,0.49999999999999994,0.8660254037844387,0.43388373911755823,-0.900968867902419,0.38541335945432564,0.9227440286201427,95.15416666666664,155.27916666666667,199.23333333333332,127.4875,41.2875,145.2488095238095,119.75744047619047,105.55777777777777,35.07775966169417,Moderate
2025-01-24,39.7125,47.6,42.425,579.3333333333334,44.39166666666667,26.47083333333333,26.95833333333333,8.65,10.9,6.6,80.16666666666667,5.3375,0.1,0.1,1021.6416666666668,13.308333333333332,16.2,61.625,98.20833333333331,981.0,2025,1,4,24,0,No Holiday,0,0,1,0,0,1,0.49999999999999994,0.8660254037844387,-0.433883739117558,-0.9009688679024191,0.4012289854475009,0.9159777842484877,52.3,95.15416666666664,155.27916666666667,175.59166666666667,85.27083333333333,134.5077380952381,120.54404761904762,104.51138888888889,49.83157985514578,Moderate
2025-01-25,30.191666666666663,44.5,32.666666666666664,490.125,32.925000000000004,19.92083333333333,45.75,7.295833333333333,8.2,6.2,74.66666666666667,3.0500000000000003,1.6,1.6,1025.15,14.816666666666668,18.7,48.25,100.0,762.0,2025,1,5,25,1,No Holiday,0,0,0,0,0,1,0.49999999999999994,0.8660254037844387,-0.9749279121818236,-0.2225209339563146,0.4169258813287287,0.908940487313808,39.7125,52.3,95.15416666666664,120.35833333333332,136.66666666666666,115.09642857142856,117.28988095238095,101.10097222222223,57.096079144171995,Good
2025-01-26,27.041666666666668,43.8,28.508333333333336,662.6666666666666,30.254166666666663,30.729166666666668,31.70833333333333,4.483333333333333,5.9,2.6,83.33333333333333,1.8,3.7,3.5,1027.2541666666666,12.808333333333332,16.1,261.2083333333333,93.66666666666669,817.0,2025,1,6,26,1,No Holiday,0,0,0,0,0,1,0.49999999999999994,0.8660254037844387,-0.7818314824680299,0.6234898018587334,0.4324994021339788,0.901634220265486,30.191666666666663,39.7125,52.3,143.63750000000002,106.23333333333332,102.21547619047617,109.68452380952381,97.86791666666666,65.29353201061055,Good
2025-01-27,37.78333333333333,63.8,46.62916666666666,511.2083333333333,30.870833333333334,28.05,42.75,0.9583333333333334,4.2,-2.4,46.0,-9.8375,0.0,0.0,1026.9375,11.454166666666666,16.8,297.2083333333333,0.3333333333333333,3927.0,2025,1,0,27,0,No Holiday,0,1,1,0,1,1,0.49999999999999994,0.8660254037844387,0.0,1.0,0.44794493940789115,0.8940611451454876,27.041666666666668,30.191666666666663,39.7125,199.23333333333332,107.25416666666666,85.55892857142858,104.0279761904762,96.72263888888888,67.78975520714738,Moderate
2025-01-28,51.84583333333333,148.5,53.38333333333333,1026.5833333333333,44.75,42.079166666666666,31.20833333333333,1.2791666666666666,6.0,-2.5,53.458333333333336,-7.945833333333333,0.0,0.0,1028.1375,8.220833333333333,16.1,272.125,0.0,3948.0,2025,1,1,28,0,Spring Festival,1,1,0,0,1,1,0.49999999999999994,0.8660254037844387,0.7818314824680298,0.6234898018587336,0.4632579225674917,0.88622350294858,37.78333333333333,27.041666666666668,30.191666666666663,155.27916666666667,129.57083333333333,62.49464285714286,99.0657738095238,95.33486111111111,46.9212349583131,Moderate
2025-01-29,95.89166666666668,190.0,97.48333333333332,1340.5833333333333,50.99166666666667,62.54166666666666,34.208333333333336,3.0416666666666665,8.9,-1.9,52.083333333333336,-6.783333333333334,0.0,0.0,1027.2916666666667,6.383333333333333,14.2,178.95833333333334,11.125,3940.0,2025,1,2,29,0,Spring Festival,1,1,0,0,1,1,0.49999999999999994,0.8660254037844387,0.9749279121818236,-0.22252093395631434,0.4784338202547012,0.8781236129591848,51.84583333333333,37.78333333333333,27.041666666666668,95.15416666666664,53.57916666666667,47.71845238095237,93.51398809523809,94.46124999999999,23.042324791829664,Unhealthy for Sensitive Groups
2025-01-30,55.6,108.7,56.15416666666667,961.75,56.69583333333333,49.775,33.791666666666664,7.308333333333334,15.6,1.2,56.04166666666666,-1.3666666666666665,0.0,0.0,1020.8375,9.404166666666669,14.6,132.375,36.625,3730.0,2025,1,3,30,0,Spring Festival,1,1,0,0,1,1,0.49999999999999994,0.8660254037844387,0.43388373911755823,-0.900968867902419,0.49346814167723735,0.8697638720650646,95.89166666666668,51.84583333333333,37.78333333333333,52.3,127.4875,47.82380952380952,96.53630952380952,94.99180555555556,23.29565866136715,Moderate
2025-01-31,85.97083333333335,130.9,87.32916666666667,1063.6666666666667,73.77083333333333,62.31666666666666,6.25,6.345833333333334,7.7,4.9,87.66666666666667,4.395833333333333,4.3,4.3,1018.825,8.583333333333334,13.7,63.958333333333336,99.95833333333331,790.0,2025,1,4,31,0,Spring Festival,1,1,0,0,1,1,0.49999999999999994,0.8660254037844387,-0.433883739117558,-0.9009688679024191,0.5083564379375122,0.8611467540480452,55.6,95.89166666666668,51.84583333333333,39.7125,175.59166666666667,48.2952380952381,91.4014880952381,92.72722222222222,23.434317491159288,Unhealthy for Sensitive Groups
2025-02-01,24.90416666666667,51.2,25.5125,552.375,31.35,20.820833333333333,35.291666666666664,6.6375,8.8,5.1,85.58333333333333,4.266666666666667,3.8,3.8,1021.0208333333334,12.241666666666667,17.8,146.79166666666666,100.0,1538.0,2025,2,5,32,1,Spring Festival,1,1,0,0,1,1,0.8660254037844386,0.5000000000000001,-0.9749279121818236,-0.2225209339563146,0.5230943033491326,0.8522748088519838,85.97083333333335,55.6,95.89166666666668,30.191666666666663,120.35833333333332,54.90357142857143,85.0,92.84305555555555,26.87967018299933,Good
2025-02-02,56.03333333333333,87.8,60.59583333333333,743.0416666666666,36.375,33.300000000000004,43.833333333333336,6.016666666666667,10.0,2.2,77.0,1.9791666666666667,1.5,1.5,1021.8166666666666,7.641666666666667,12.2,109.08333333333331,93.04166666666669,2519.0,2025,2,6,33,1,Spring Festival,1,1,0,0,1,1,0.8660254037844386,0.5000000000000001,-0.7818314824680299,0.6234898018587334,0.5376773767406141,0.8431506618282,24.90416666666667,85.97083333333335,55.6,27.041666666666668,143.63750000000002,54.14821428571429,78.18184523809524,90.04597222222222,27.750051390628766,Moderate
2025-02-03,67.1375,105.7,72.44166666666668,668.7916666666666,34.96666666666667,40.3375,38.125,5.775,9.0,3.2,64.08333333333333,-1.0333333333333334,0.0,0.0,1026.5333333333333,8.375,11.7,230.5,65.33333333333333,3669.0,2025,2,0,34,0,Spring Festival,1,1,0,0,1,1,0.8660254037844386,0.5000000000000001,0.0,1.0,0.5521013427459208,0.8337770129585915,56.03333333333333,24.90416666666667,85.97083333333335,37.78333333333333,199.23333333333332,58.289880952380955,71.92440476190475,88.95027777777777,25.06360922283799,Moderate
2025-02-04,95.34166666666664,170.9,107.2125,1001.875,43.725,46.45,37.91666666666666,4.05,9.3,0.0,62.708333333333336,-3.3000000000000003,0.0,0.0,1024.4583333333333,7.683333333333334,19.1,287.8333333333333,0.7083333333333334,4071.0,2025,2,1,35,0,Spring Festival,1,1,0,0,1,1,0.8660254037844386,0.5000000000000001,0.7818314824680298,0.6234898018587336,0.5663619330814524,0.8241566360566663,67.1375,56.03333333333333,24.90416666666667,51.84583333333333,155.27916666666667,62.48333333333334,62.48898809523809,87.46402777777779,23.46548391116581,Unhealthy for Sensitive Groups
2025-02-05,76.95,142.5,85.20416666666667,841.625,46.35416666666666,44.7,35.666666666666664,4.195833333333334,9.6,0.8,51.54166666666666,-5.779166666666666,0.0,0.0,1022.3458333333332,10.0375,20.5,295.25,57.25,3869.0,2025,2,2,36,0,No Holiday,0,1,1,0,1,1,0.8660254037844386,0.5000000000000001,0.9749279121818236,-0.22252093395631434,0.580454927809098,0.8142923779467267,95.34166666666664,67.1375,56.03333333333333,95.89166666666668,95.15416666666664,68.69702380952381,58.20773809523809,87.22791666666666,25.819945871903705,Unhealthy for Sensitive Groups
2025-02-06,56.67083333333333,90.1,59.59583333333333,1056.5833333333333,42.50833333333333,35.858333333333334,36.75,3.7916666666666665,9.6,-1.8,48.29166666666666,-7.066666666666666,0.0,0.0,1023.7416666666668,6.458333333333333,10.0,179.58333333333334,44.0,4202.0,2025,2,3,37,0,No Holiday,0,0,1,0,0,1,0.8660254037844386,0.5000000000000001,0.43388373911755823,-0.900968867902419,0.5943761565849831,0.804187157621448,76.95,95.34166666666664,67.1375,55.6,52.3,65.99107142857143,56.90744047619047,87.35041666666666,23.37136922541969,Moderate
2025-02-07,26.125,56.0,30.495833333333334,406.3333333333333,20.716666666666665,18.6375,52.458333333333336,-0.9166666666666666,3.8,-4.5,40.625,-13.391666666666666,0.0,0.0,1032.3458333333333,16.724999999999998,24.8,326.875,5.833333333333333,4263.0,2025,2,4,38,0,No Holiday,0,0,1,0,0,1,0.8660254037844386,0.5000000000000001,-0.433883739117558,-0.9009688679024191,0.6081214998935418,0.7938439653781019,56.67083333333333,76.95,95.34166666666664,85.97083333333335,39.7125,66.14404761904761,57.21964285714285,86.94611111111111,23.295400324025533,Good
2025-02-08,40.44166666666667,108.3,41.3625,510.7083333333333,33.11666666666667,30.9875,42.54166666666666,-2.8125,0.9,-5.8,32.75,-17.879166666666666,0.0,0.0,1035.6875,7.329166666666667,10.5,264.0833333333333,21.0,4417.0,2025,2,5,39,1,No Holiday,0,0,0,0,0,1,0.8660254037844386,0.5000000000000001,-0.9749279121818236,-0.2225209339563146,0.6216868902665479,0.7832658619336791,26.125,56.67083333333333,76.95,24.90416666666667,30.191666666666663,57.59464285714286,56.24910714285714,85.20347222222222,25.667198735723968,Moderate
2025-02-09,71.67083333333333,113.4,73.16250000000001,1308.0,57.875,55.28333333333333,26.791666666666668,-0.3125,4.2,-4.2,40.958333333333336,-13.604166666666666,0.0,0.0,1030.3958333333333,3.2875,5.2,227.625,21.291666666666668,4434.0,2025,2,6,40,1,No Holiday,0,0,0,0,0,1,0.8660254037844386,0.5000000000000001,-0.7818314824680299,0.6234898018587334,0.6350683134867438,0.7724559775191742,40.44166666666667,26.125,56.67083333333333,56.03333333333333,27.041666666666668,59.81428571428571,56.98125,85.17527777777778,22.890682978645092,Moderate
2025-02-10,55.85416666666666,103.4,59.07916666666667,926.875,51.65,49.925,33.666666666666664,3.766666666666667,10.4,-1.2,45.29166666666666,-7.3125,0.0,0.0,1025.2958333333331,8.5625,13.4,120.5,41.16666666666666,4240.0,2025,2,0,41,0,No Holiday,0,0,1,0,0,1,0.8660254037844386,0.5000000000000001,0.0,1.0,0.6482618097757122,0.7614175109532997,71.67083333333333,40.44166666666667,26.125,67.1375,37.78333333333333,62.04821428571428,60.16904761904761,84.72194444444445,23.220857240395578,Moderate
2025-02-11,60.72083333333333,120.6,62.6875,893.0,50.76666666666667,40.9375,19.08333333333333,6.641666666666667,12.6,2.5,73.20833333333333,1.85,3.0,3.0,1019.5166666666668,10.0625,13.8,143.70833333333334,82.66666666666667,2220.0,2025,2,1,42,0,No Holiday,0,0,1,0,0,1,0.8660254037844386,0.5000000000000001,0.7818314824680298,0.6234898018587336,0.6612634749656386,0.7501537286959042,55.85416666666666,71.67083333333333,40.44166666666667,95.34166666666664,51.84583333333333,60.43630952380952,61.45982142857143,82.02819444444444,23.200312512148876,Moderate
2025-02-12,79.075,108.5,82.54166666666667,915.8333333333334,31.9875,43.4625,50.833333333333336,6.783333333333334,9.9,3.8,73.83333333333333,2.095833333333333,0.0,0.0,1023.1708333333332,12.941666666666668,18.1,312.8333333333333,65.91666666666667,2454.0,2025,2,2,43,0,No Holiday,0,0,1,0,0,1,0.8660254037844386,0.5000000000000001,0.9749279121818236,-0.22252093395631434,0.6740694616546161,0.7386679638813748,60.72083333333333,55.85416666666666,71.67083333333333,76.95,95.89166666666668,55.49047619047618,62.09375,80.5111111111111,17.511877535776676,Unhealthy for Sensitive Groups
2025-02-13,87.35000000000001,197.9,95.55416666666667,933.125,40.00416666666667,42.12083333333333,39.29166666666666,4.604166666666667,9.8,-0.9,57.208333333333336,-3.5500000000000003,0.0,0.0,1026.4,4.820833333333334,9.5,165.16666666666666,1.0,4429.0,2025,2,3,44,0,No Holiday,0,0,1,0,0,1,0.8660254037844386,0.5000000000000001,0.43388373911755823,-0.900968867902419,0.6866759803451553,0.726963615332308,79.075,60.72083333333333,55.85416666666666,56.67083333333333,55.6,55.79404761904762,60.89255952380953,79.57180555555556,17.958603513232873,Unhealthy for Sensitive Groups
2025-02-14,91.6375,197.4,96.2625,1249.375,53.19166666666666,50.25,13.958333333333334,5.45,8.2,2.2,71.75,0.6916666666666668,0.2,0.2,1020.5791666666668,4.895833333333333,8.9,117.75,91.58333333333331,1152.0,2025,2,4,45,0,No Holiday,0,0,1,0,0,1,0.8660254037844386,0.5000000000000001,-0.433883739117558,-0.9009688679024191,0.6990793005655562,0.7150441465537444,87.35000000000001,79.075,60.72083333333333,26.125,85.97083333333335,60.17678571428571,63.16041666666667,78.16444444444444,21.585563330897013,Unhealthy for Sensitive Groups
2025-02-15,124.46666666666664,192.8,135.63750000000002,1803.2916666666667,52.92916666666667,54.11666666666667,22.45833333333333,8.0625,13.1,4.6,70.33333333333333,2.504166666666667,0.3,0.3,1016.6458333333334,4.7875000000000005,8.4,232.16666666666663,68.875,3300.0,2025,2,5,46,1,No Holiday,0,0,0,0,0,1,0.8660254037844386,0.5000000000000001,-0.9749279121818236,-0.2225209339563146,0.7112757519738152,0.7029130847082615,91.6375,87.35000000000001,79.075,40.44166666666667,24.90416666666667,69.53571428571429,63.565178571428575,79.43305555555554,18.315498404688963,Unhealthy
2025-02-16,82.31666666666666,120.6,99.32916666666668,913.875,35.791666666666664,33.82083333333333,45.29166666666666,8.862499999999999,16.0,3.1,57.91666666666666,-0.3625,0.0,0.0,1020.2416666666668,11.679166666666667,16.5,260.3333333333333,63.79166666666666,4276.0,2025,2,6,47,1,No Holiday,0,0,0,0,0,1,0.8660254037844386,0.5000000000000001,-0.7818314824680299,0.6234898018587334,0.7232617254437388,0.6905740195722293,124.46666666666664,91.6375,87.35000000000001,71.67083333333333,56.03333333333333,81.53928571428571,70.67678571428571,79.33236111111111,23.00395155984547,Unhealthy for Sensitive Groups
2025-02-17,44.62083333333334,78.2,50.60833333333333,638.0833333333334,38.02916666666667,25.166666666666668,35.5,6.3,10.1,2.2,53.66666666666666,-3.141666666666667,0.0,0.0,1028.2625,9.179166666666667,12.2,72.375,93.29166666666669,2953.0,2025,2,0,48,0,No Holiday,0,0,1,0,0,1,0.8660254037844386,0.5000000000000001,0.0,1.0,0.7350336741329413,0.6780306024735382,82.31666666666666,124.46666666666664,91.6375,55.85416666666666,67.1375,83.06011904761904,72.55416666666666,76.22319444444445,22.590994351591576,Moderate
2025-02-18,58.22083333333333,88.5,63.175,605.625,43.90833333333333,44.0125,20.75,6.9750000000000005,13.1,1.1,42.5,-5.291666666666667,0.0,0.0,1027.6791666666666,7.995833333333334,11.7,123.375,31.166666666666668,4622.0,2025,2,1,49,0,No Holiday,0,0,1,0,0,1,0.8660254037844386,0.5000000000000001,0.7818314824680298,0.6234898018587336,0.746588114532413,0.6652865452111116,44.62083333333334,82.31666666666666,124.46666666666664,60.72083333333333,95.34166666666664,81.45535714285714,70.94583333333334,73.6986111111111,25.104800904192512,Moderate
2025-02-19,53.69583333333333,66.4,59.3375,629.375,60.18333333333334,49.8375,23.625,7.566666666666666,13.1,2.8,60.29166666666666,-0.15,0.0,0.0,1027.5291666666667,12.025,18.6,90.45833333333331,68.5,4504.0,2025,2,2,50,0,No Holiday,0,0,1,0,0,1,0.8660254037844386,0.5000000000000001,0.9749279121818236,-0.22252093395631434,0.7579216274973472,0.6523456189565257,58.22083333333333,44.62083333333334,82.31666666666666,79.075,76.95,81.09821428571429,68.29434523809523,70.85138888888888,25.464144506016147,Moderate
2025-02-20,36.1,48.1,40.97083333333333,428.4166666666667,32.875,23.179166666666664,43.875,6.358333333333333,10.2,2.7,62.458333333333336,-0.5333333333333333,0.2,0.2,1029.4666666666667,13.095833333333331,16.2,78.33333333333333,90.08333333333331,3200.0,2025,2,3,51,0,No Holiday,0,0,1,0,0,1,0.8660254037844386,0.5000000000000001,0.43388373911755823,-0.900968867902419,0.7690308592589181,0.6392116531380588,53.69583333333333,58.22083333333333,44.62083333333334,87.35000000000001,56.67083333333333,77.47261904761903,66.63333333333334,66.00013888888888,27.523682022758866,Moderate
2025-02-21,45.78333333333333,94.8,52.92083333333333,555.75,36.50833333333333,24.9125,41.333333333333336,5.620833333333334,8.6,1.8,66.33333333333333,-0.4541666666666666,0.2,0.2,1031.4166666666667,7.45,10.8,93.625,86.5,2660.0,2025,2,4,52,0,No Holiday,0,0,1,0,0,1,0.8660254037844386,0.5000000000000001,-0.433883739117558,-0.9009688679024191,0.7799125224167177,0.6258885343075018,36.1,53.69583333333333,58.22083333333333,91.6375,26.125,70.15119047619046,65.1639880952381,62.027499999999996,31.04895642539076,Moderate
2025-02-22,78.74583333333334,131.3,84.60416666666667,906.7083333333334,56.89166666666667,48.30833333333334,19.0,6.216666666666666,9.1,3.9,67.0,0.2916666666666667,0.4,0.4,1032.175,7.291666666666667,11.8,88.45833333333333,91.75,2006.0,2025,2,5,53,1,No Holiday,0,0,0,0,0,1,0.8660254037844386,0.5000000000000001,-0.9749279121818236,-0.2225209339563146,0.7905633969115482,0.612380204990065,45.78333333333333,36.1,53.69583333333333,124.46666666666664,40.44166666666667,63.60059523809524,66.56815476190476,60.381805555555545,30.59407635911225,Unhealthy for Sensitive Groups
2025-02-23,54.15,113.6,56.3875,660.5,45.85416666666666,33.7625,25.166666666666668,4.591666666666667,8.4,2.3,80.04166666666667,1.1875,1.3,1.3,1035.3875,6.8625,13.0,145.875,58.875,2844.0,2025,2,6,54,1,No Holiday,0,0,0,0,0,1,0.8660254037844386,0.5000000000000001,-0.7818314824680299,0.6234898018587334,0.8009803309782905,0.5986906625177214,78.74583333333334,45.78333333333333,36.1,82.31666666666666,71.67083333333333,57.06904761904762,69.30416666666666,61.26333333333333,17.521685779425084,Moderate
2025-02-24,59.8375,95.2,62.01666666666667,651.5416666666666,40.17083333333333,36.47083333333333,41.083333333333336,3.6125,8.7,-1.4,56.54166666666666,-4.808333333333334,0.0,0.0,1034.9458333333334,5.179166666666666,9.6,123.70833333333331,10.25,4966.0,2025,2,0,55,0,No Holiday,0,0,1,0,0,1,0.8660254037844386,0.5000000000000001,0.0,1.0,0.8111602420785621,0.5848239578463322,54.15,78.74583333333334,45.78333333333333,44.62083333333334,55.85416666666666,53.0452380952381,68.05267857142857,61.74458333333334,13.538821373853773,Moderate
2025-02-25,92.1125,126.7,95.6,1113.4583333333333,50.63333333333333,45.270833333333336,30.916666666666668,6.2875000000000005,10.2,3.8,62.66666666666666,-0.5541666666666666,0.0,0.0,1027.6083333333331,6.533333333333334,9.1,183.5,77.25,1874.0,2025,2,1,56,0,No Holiday,0,0,1,0,0,1,0.8660254037844386,0.5000000000000001,0.7818314824680298,0.6234898018587336,0.8211001178128892,0.5707841943569036,59.8375,54.15,78.74583333333334,58.22083333333333,60.72083333333333,55.219047619047615,68.33720238095238,62.73277777777777,13.17753262456315,Unhealthy for Sensitive Groups
2025-02-26,106.81666666666666,154.6,114.3375,990.5833333333334,35.645833333333336,38.29583333333333,55.25,8.65,15.2,2.9,64.70833333333333,1.8666666666666665,0.0,0.0,1024.2083333333333,7.820833333333333,14.7,175.79166666666666,92.54166666666669,4703.0,2025,2,2,57,0,No Holiday,0,0,1,0,0,1,0.8660254037844386,0.5000000000000001,0.9749279121818236,-0.22252093395631434,0.8307970168121247,0.5565755266413303,92.1125,59.8375,54.15,53.69583333333333,79.075,60.06071428571429,70.57946428571428,64.90180555555555,19.278261309749407,Unhealthy for Sensitive Groups
2025-02-27,80.65833333333333,116.9,82.8875,1126.2916666666667,38.7125,36.80833333333333,52.083333333333336,11.583333333333334,18.1,5.7,66.58333333333333,5.291666666666667,0.3,0.3,1016.15,9.5625,15.0,182.0,49.25,4125.0,2025,2,3,58,0,No Holiday,0,0,1,0,0,1,0.8660254037844386,0.5000000000000001,0.43388373911755823,-0.900968867902419,0.8402480696078469,0.5422021592729844,106.81666666666666,92.1125,59.8375,36.1,87.35000000000001,67.64940476190476,72.5610119047619,67.20291666666667,25.730649578112786,Unhealthy for Sensitive Groups
2025-02-28,65.40416666666667,116.9,65.92083333333333,1107.125,42.0375,26.7375,47.875,14.241666666666667,19.9,7.9,79.25,10.5,0.0,0.0,1014.7416666666668,8.925,17.8,132.45833333333334,48.333333333333336,3433.0,2025,2,4,59,0,No Holiday,0,0,1,0,0,1,0.8660254037844386,0.5000000000000001,-0.433883739117558,-0.9009688679024191,0.8494504794814806,0.527668345562516,80.65833333333333,106.81666666666666,92.1125,45.78333333333333,91.6375,74.01488095238095,72.08303571428571,68.16333333333333,21.8427342538093,Moderate
2025-03-01,48.77916666666667,98.0,49.82083333333333,882.2083333333334,43.86666666666667,32.391666666666666,61.75,19.454166666666666,26.4,14.1,69.0,13.283333333333331,0.0,0.0,1009.5833333333334,10.85,17.8,180.5,55.375,4246.0,2025,3,5,60,1,No Holiday,0,0,0,1,0,1,1.0,6.123233995736766e-17,-0.9749279121818236,-0.2225209339563146,0.8584015232918917,0.512978386299228,65.40416666666667,80.65833333333333,106.81666666666666,78.74583333333334,124.46666666666664,76.81785714285715,70.20922619047619,67.14708333333333,18.640268367918853,Moderate
2025-03-02,40.72083333333333,64.7,42.2,712.0,44.725,24.52083333333333,52.708333333333336,19.23333333333333,28.2,7.7,73.58333333333333,13.8375,16.6,16.6,1006.2166666666668,14.8625,24.1,176.33333333333334,77.25,3444.0,2025,3,6,61,1,No Holiday,0,0,0,1,0,1,1.0,6.123233995736766e-17,-0.7818314824680299,0.6234898018587334,0.8670985522812081,0.4981366284784055,48.77916666666667,65.40416666666667,80.65833333333333,54.15,82.31666666666666,72.53690476190476,64.80297619047619,66.91972222222222,21.36555962049251,Moderate
2025-03-03,18.191666666666663,27.0,18.9375,417.1666666666667,26.03333333333333,15.55,52.79166666666666,6.3,7.3,4.7,88.25,4.466666666666667,14.0,14.0,1016.0416666666666,16.662499999999998,20.9,42.875,100.0,812.0,2025,3,0,62,0,No Holiday,0,0,1,1,0,1,1.0,6.123233995736766e-17,0.0,1.0,0.8755389928586302,0.4831474640149687,40.72083333333333,48.77916666666667,65.40416666666667,59.8375,44.62083333333334,70.61845238095238,61.83184523809524,65.4113888888889,23.760414365914205,Good
2025-03-04,19.15,66.4,19.575,432.7916666666667,29.379166666666663,19.995833333333334,41.333333333333336,5.183333333333334,7.1,3.2,83.25,2.4916666666666667,1.2,1.2,1019.3375,11.933333333333332,18.1,316.375,99.75,1460.0,2025,3,1,63,0,No Holiday,0,0,1,1,0,1,1.0,6.123233995736766e-17,0.7818314824680298,0.6234898018587336,0.8837203473619977,0.4680153284438345,18.191666666666663,40.72083333333333,48.77916666666667,92.1125,58.22083333333333,64.66904761904762,59.944047619047616,65.18763888888888,31.015895795500583,Good
2025-03-05,64.14166666666667,94.8,68.78333333333333,470.0,36.579166666666666,29.704166666666666,28.20833333333333,6.720833333333334,9.2,4.8,73.54166666666667,2.1625,0.0,0.0,1024.0083333333334,9.020833333333334,13.4,84.66666666666667,97.58333333333331,2493.0,2025,3,2,64,0,No Holiday,0,0,1,1,0,1,1.0,6.123233995736766e-17,0.9749279121818236,-0.22252093395631434,0.8916401947968874,0.45274469960737107,19.15,18.191666666666663,40.72083333333333,106.81666666666666,53.69583333333333,54.24583333333333,57.1532738095238,63.958194444444445,32.48140903455958,Moderate
2025-03-06,48.71666666666667,75.2,52.025,522.9583333333334,33.65,24.979166666666668,47.75,7.170833333333333,11.5,3.4,66.20833333333333,0.8083333333333332,0.0,0.0,1030.1166666666666,9.8875,13.8,29.291666666666668,55.875,5205.0,2025,3,3,65,0,No Holiday,0,0,1,1,0,1,1.0,6.123233995736766e-17,0.43388373911755823,-0.900968867902419,0.8992961915530253,0.4373400963303323,64.14166666666667,19.15,18.191666666666663,80.65833333333333,36.1,48.14940476190476,57.89940476190476,63.858333333333334,23.819884928131323,Moderate
2025-03-07,71.7375,126.7,76.52083333333333,690.875,44.72083333333333,32.17916666666667,38.708333333333336,6.7,11.0,2.9,63.25,-0.1291666666666666,0.0,0.0,1026.7,5.858333333333333,9.0,117.54166666666669,72.45833333333333,4291.0,2025,3,4,66,0,No Holiday,0,0,1,1,0,1,1.0,6.123233995736766e-17,-0.433883739117558,-0.9009688679024191,0.9066860720977985,0.4218060770826634,48.71666666666667,64.14166666666667,19.15,65.40416666666667,45.78333333333333,43.586309523809526,58.800595238095234,62.30416666666667,19.157505013611807,Moderate
2025-03-08,95.8375,141.6,102.19166666666666,891.25,45.30416666666667,42.17083333333333,44.0,7.75,13.6,2.0,65.33333333333333,1.275,0.0,0.0,1024.5708333333334,5.5125,12.0,123.29166666666669,18.375,5188.0,2025,3,5,67,1,No Holiday,0,0,0,1,0,1,1.0,6.123233995736766e-17,-0.9749279121818236,-0.2225209339563146,0.9138076496466615,0.4061472386305789,71.7375,48.71666666666667,64.14166666666667,48.77916666666667,78.74583333333334,44.49107142857143,60.65446428571429,62.13041666666666,20.464605486342528,Unhealthy for Sensitive Groups
2025-03-09,72.6875,115.7,76.21666666666667,929.25,66.75,54.55,29.291666666666668,9.291666666666666,14.7,4.9,67.70833333333333,3.404166666666667,0.5,0.5,1025.2833333333333,11.420833333333334,14.5,115.75,73.0,4604.0,2025,3,6,68,1,No Holiday,0,0,0,1,0,1,1.0,6.123233995736766e-17,-0.7818314824680299,0.6234898018587334,0.9206588168102428,0.3903682146763026,95.8375,71.7375,48.71666666666667,40.72083333333333,54.15,51.21369047619047,61.87529761904762,63.43597222222221,28.32699885422564,Moderate
2025-03-10,77.5625,119.0,83.95833333333333,683.9166666666666,46.67916666666667,36.25833333333333,51.5,11.754166666666668,16.1,8.3,76.66666666666667,7.579166666666667,0.0,0.0,1020.5041666666666,6.833333333333333,9.6,109.45833333333331,89.875,3192.0,2025,3,0,69,0,No Holiday,0,0,1,1,0,1,1.0,6.123233995736766e-17,0.0,1.0,0.9272375462179537,0.374473674486883,72.6875,95.8375,71.7375,18.191666666666663,59.8375,55.78035714285714,63.19940476190476,64.98805555555555,28.923913168452646,Unhealthy for Sensitive Groups
2025-03-11,78.10416666666667,127.6,79.675,1208.5416666666667,45.520833333333336,33.59166666666667,48.91666666666666,14.370833333333332,21.1,7.9,76.25,9.933333333333334,0.0,0.0,1015.7958333333332,6.0125,10.7,141.41666666666666,58.583333333333336,4109.0,2025,3,1,70,0,No Holiday,0,0,1,1,0,1,1.0,6.123233995736766e-17,0.7818314824680298,0.6234898018587336,0.9335418911179212,0.35846832151248087,77.5625,72.6875,95.8375,19.15,92.1125,64.26190476190476,64.4654761904762,66.22541666666666,24.41840857321937,Unhealthy for Sensitive Groups
2025-03-12,84.46666666666667,113.2,85.65833333333335,1173.6666666666667,77.36666666666666,53.16666666666666,7.791666666666667,13.591666666666669,16.3,11.7,88.0,11.545833333333334,4.7,4.7,1015.2208333333332,9.5375,13.5,58.375,99.125,1804.0,2025,3,2,71,0,No Holiday,0,0,1,1,0,1,1.0,6.123233995736766e-17,0.9749279121818236,-0.22252093395631434,0.9395699859530622,0.342356891994542,78.10416666666667,77.5625,72.6875,64.14166666666667,106.81666666666666,72.68392857142858,63.46488095238095,66.43986111111111,14.361771777578973,Unhealthy for Sensitive Groups
2025-03-13,49.14166666666667,83.6,60.78333333333333,612.1666666666666,39.99583333333333,24.729166666666668,42.29166666666666,11.083333333333334,14.4,8.6,75.79166666666667,6.595833333333334,1.3,1.3,1019.4333333333334,12.266666666666666,17.1,71.0,100.0,2112.0,2025,3,3,72,0,No Holiday,0,0,1,1,0,1,1.0,6.123233995736766e-17,0.43388373911755823,-0.900968867902419,0.945320046913132,0.3261441535642696,84.46666666666667,78.10416666666667,77.5625,48.71666666666667,80.65833333333333,75.5875,61.86845238095238,67.39361111111111,14.401449700367518,Moderate
2025-03-14,36.30416666666667,43.5,42.90833333333333,472.5,44.125,22.7375,32.5,9.258333333333333,11.9,7.3,79.125,5.7125,5.7,5.7,1019.7083333333334,12.854166666666666,16.8,65.5,99.54166666666669,1084.0,2025,3,4,73,0,No Holiday,0,0,1,1,0,1,1.0,6.123233995736766e-17,-0.433883739117558,-0.9009688679024191,0.9507903724625832,0.3098349038318025,49.14166666666667,84.46666666666667,78.10416666666667,71.7375,65.40416666666667,75.64821428571429,59.617261904761904,67.00763888888889,14.269577977458033,Moderate
2025-03-15,33.15416666666667,70.8,47.075,454.5416666666667,31.054166666666664,20.95,53.75,8.9375,10.4,7.6,76.33333333333333,4.970833333333333,0.2,0.2,1022.3458333333332,11.233333333333334,17.0,88.0,99.58333333333331,1400.0,2025,3,5,74,1,No Holiday,0,0,0,1,0,1,1.0,6.123233995736766e-17,-0.9749279121818236,-0.2225209339563146,0.9559793438440766,0.2934339689665273,36.30416666666667,49.14166666666667,84.46666666666667,95.8375,48.77916666666667,70.58630952380953,57.538690476190474,65.58194444444445,20.716440218756112,Good
2025-03-16,45.49166666666667,96.9,57.02916666666667,403.7916666666667,27.3375,21.695833333333336,59.91666666666666,7.133333333333333,10.1,4.3,58.083333333333336,-1.3416666666666668,0.0,0.0,1025.5583333333334,14.5125,21.8,312.0833333333333,56.583333333333336,5421.0,2025,3,6,75,1,No Holiday,0,0,0,1,0,1,1.0,6.123233995736766e-17,-0.7818314824680299,0.6234898018587334,0.9608854255574977,0.27694620226893646,33.15416666666667,36.30416666666667,49.14166666666667,72.6875,40.72083333333333,61.63154761904762,56.42261904761905,63.77541666666666,21.514544479799618,Moderate
2025-03-17,37.07083333333333,51.0,41.99166666666667,836.1666666666666,36.4125,24.041666666666668,51.16666666666666,7.7875,13.2,2.2,52.958333333333336,-1.7625,0.0,0.0,1022.4708333333332,10.333333333333334,18.4,252.20833333333331,51.083333333333336,5779.0,2025,3,0,76,0,No Holiday,0,0,1,1,0,1,1.0,6.123233995736766e-17,0.0,1.0,0.9655071658143364,0.2603764827344581,45.49166666666667,33.15416666666667,36.30416666666667,77.5625,18.191666666666663,57.746428571428574,56.763392857142854,62.23722222222222,21.640457362109203,Moderate
2025-03-18,37.875,84.8,56.1875,821.875,37.5125,21.4625,47.04166666666666,7.966666666666666,12.5,3.6,53.91666666666666,-1.4833333333333334,0.0,0.0,1024.9708333333333,8.129166666666666,13.1,139.66666666666666,19.041666666666668,5772.0,2025,3,1,77,0,No Holiday,0,0,1,1,0,1,1.0,6.123233995736766e-17,0.7818314824680298,0.6234898018587336,0.969843196967294,0.24372971360968387,37.07083333333333,45.49166666666667,33.15416666666667,78.10416666666667,19.15,51.96190476190476,58.11190476190477,59.32402777777778,20.858391239955328,Moderate
2025-03-19,66.01666666666667,112.7,98.35,1311.125,56.00833333333333,39.15416666666667,36.458333333333336,9.133333333333333,14.9,3.3,58.083333333333336,0.7291666666666666,0.0,0.0,1026.3208333333334,4.579166666666667,11.2,205.29166666666663,24.625,5745.0,2025,3,2,78,0,No Holiday,0,0,1,1,0,1,1.0,6.123233995736766e-17,0.9749279121818236,-0.22252093395631434,0.9738922359149924,0.22701082094141847,37.875,37.07083333333333,45.49166666666667,84.46666666666667,64.14166666666667,46.21488095238095,59.449404761904766,57.842638888888885,17.768229888940592,Moderate
2025-03-20,41.68333333333333,58.9,56.0625,784.25,35.454166666666666,24.4625,61.875,12.883333333333333,20.7,6.1,55.333333333333336,3.516666666666667,0.0,0.0,1021.5166666666668,11.104166666666666,17.0,221.83333333333331,2.458333333333333,5664.0,2025,3,3,79,0,No Holiday,0,0,1,1,0,1,1.0,6.123233995736766e-17,0.43388373911755823,-0.900968867902419,0.9776530844816641,0.2102247521189836,66.01666666666667,37.875,37.07083333333333,49.14166666666667,48.71666666666667,43.579166666666666,59.583333333333336,58.55583333333334,11.361797384868895,Moderate
2025-03-21,34.895833333333336,54.9,45.62916666666666,922.5833333333334,41.579166666666666,26.3125,59.375,15.820833333333333,23.4,9.2,49.91666666666666,4.7,0.0,0.0,1018.7125,12.016666666666666,16.3,240.16666666666663,3.7916666666666665,5906.0,2025,3,4,80,0,No Holiday,0,0,1,1,0,1,1.0,6.123233995736766e-17,-0.433883739117558,-0.9009688679024191,0.981124629771712,0.19337647441020586,41.68333333333333,66.01666666666667,37.875,36.30416666666667,71.7375,42.51369047619047,59.08095238095238,58.004583333333336,11.099915465739361,Good
2025-03-22,52.45,136.9,67.82083333333334,969.125,47.05,32.65,63.458333333333336,17.5625,24.8,11.1,51.91666666666666,6.833333333333333,0.0,0.0,1015.7666666666668,11.029166666666669,18.3,235.45833333333331,0.7083333333333334,5883.0,2025,3,5,81,1,No Holiday,0,0,0,1,0,1,1.0,6.123233995736766e-17,-0.9749279121818236,-0.2225209339563146,0.984305844499033,0.17647097349152166,34.895833333333336,41.68333333333333,66.01666666666667,33.15416666666667,95.8375,42.3125,56.44940476190476,57.37791666666667,11.2430642200227,Moderate
2025-03-23,60.0875,102.9,69.04166666666667,987.0,48.1,36.016666666666666,58.75,17.520833333333332,25.1,11.6,59.333333333333336,9.1875,0.0,0.0,1011.9083333333332,11.370833333333332,15.8,227.875,35.041666666666664,3759.0,2025,3,6,82,1,No Holiday,0,0,0,1,0,1,1.0,6.123233995736766e-17,-0.7818314824680299,0.6234898018587334,0.9871957872910085,0.15951325197263655,52.45,34.895833333333336,41.68333333333333,45.49166666666667,72.6875,45.06904761904762,53.35029761904762,57.922916666666666,10.985922140830516,Moderate
2025-03-24,71.89999999999999,99.4,97.61666666666667,844.9583333333334,37.67083333333333,32.020833333333336,74.66666666666667,19.304166666666667,27.0,12.1,62.333333333333336,11.095833333333331,0.0,0.0,1007.2041666666668,13.516666666666666,19.7,226.79166666666663,25.20833333333333,5886.0,2025,3,0,83,0,No Holiday,0,0,1,1,0,1,1.0,6.123233995736766e-17,0.0,1.0,0.9897936029670716,0.14250832791617088,60.0875,52.45,34.895833333333336,37.07083333333333,77.5625,47.15416666666666,52.45029761904762,58.39972222222222,12.376618861564843,Moderate
2025-03-25,38.8375,52.3,46.9,584.0833333333334,37.85416666666666,30.1875,91.125,22.1125,29.3,15.9,46.79166666666666,9.458333333333334,0.0,0.0,1002.2208333333332,13.25,17.9,216.83333333333331,0.0,5988.0,2025,3,1,84,0,No Holiday,0,0,1,1,0,1,1.0,6.123233995736766e-17,0.7818314824680298,0.6234898018587336,0.992098522791769,0.12546123335273648,71.89999999999999,60.0875,52.45,37.875,78.10416666666667,52.1297619047619,52.045833333333334,58.17152777777778,14.47106876439538,Moderate
2025-03-26,37.73333333333333,56.1,38.6875,656.0833333333334,35.483333333333334,21.366666666666664,113.20833333333331,25.2625,33.3,16.9,44.91666666666666,12.075,0.0,0.0,997.575,13.1125,18.7,190.375,8.875,5689.0,2025,3,2,85,0,No Holiday,0,0,1,1,0,1,1.0,6.123233995736766e-17,0.9749279121818236,-0.22252093395631434,0.9941098647022418,0.10837701279187609,38.8375,71.89999999999999,60.0875,66.01666666666667,84.46666666666667,52.2672619047619,49.24107142857143,57.66111111111111,14.31680034630929,Moderate
2025-03-27,56.05,89.6,101.9,517.5833333333334,22.975,21.745833333333334,90.625,16.825,24.9,10.6,59.958333333333336,8.325000000000001,4.0,4.0,1005.5083333333332,16.912499999999998,25.5,88.75,99.33333333333331,2760.0,2025,3,3,86,0,No Holiday,0,0,1,1,0,1,1.0,6.123233995736766e-17,0.43388373911755823,-0.900968867902419,0.9958270335100595,0.09126072172931188,37.73333333333333,38.8375,71.89999999999999,41.68333333333333,49.14166666666667,48.22678571428571,45.90297619047619,56.924305555555556,13.770351281095184,Moderate
2025-03-28,54.35833333333333,82.9,115.95416666666668,453.4166666666667,30.679166666666664,22.879166666666663,51.54166666666666,9.7875,12.3,7.4,61.708333333333336,2.4791666666666665,0.6,0.6,1021.2791666666668,9.829166666666667,16.0,260.4583333333333,100.0,2488.0,2025,3,4,87,0,No Holiday,0,0,1,1,0,1,1.0,6.123233995736766e-17,-0.433883739117558,-0.9009688679024191,0.9972495210773451,0.07411742515094437,56.05,37.73333333333333,38.8375,34.895833333333336,36.30416666666667,50.27916666666666,46.396428571428565,55.722222222222214,13.703013574338895,Moderate
2025-03-29,48.93333333333334,75.4,78.4375,562.5,39.59583333333333,24.6375,44.375,9.6375,12.6,7.6,57.833333333333336,1.1583333333333334,0.0,0.0,1025.6916666666666,5.920833333333333,9.3,204.5,99.95833333333331,2602.0,2025,3,5,88,1,No Holiday,0,0,0,1,0,1,1.0,6.123233995736766e-17,-0.9749279121818236,-0.2225209339563146,0.998376906467142,0.056952196034039754,54.35833333333333,56.05,37.73333333333333,52.45,33.15416666666667,53.0595238095238,47.686011904761905,53.97361111111111,11.919979316734267,Moderate
2025-03-30,54.74583333333334,73.3,61.583333333333336,630.3333333333334,50.525,36.375,36.125,9.408333333333331,14.4,5.3,57.79166666666666,0.7083333333333334,0.0,0.0,1027.9,6.204166666666667,13.3,149.20833333333334,88.875,4646.0,2025,3,6,89,1,No Holiday,0,0,0,1,0,1,1.0,6.123233995736766e-17,-0.7818314824680299,0.6234898018587334,0.9992088560679753,0.03977011384605572,48.93333333333334,54.35833333333333,56.05,60.0875,45.49166666666667,52.55714285714286,48.81309523809524,52.916111111111114,12.023606389726691,Moderate
2025-03-31,44.175,64.3,50.575,533.2083333333334,33.5875,24.28333333333333,59.833333333333336,9.879166666666666,15.0,4.8,49.5,-0.8999999999999999,0.0,0.0,1024.45,8.720833333333333,11.5,139.125,84.83333333333333,5852.0,2025,3,0,90,0,No Holiday,0,0,1,1,0,1,1.0,6.123233995736766e-17,0.0,1.0,0.9997451236925734,0.022576263041545485,54.74583333333334,48.93333333333334,54.35833333333333,71.89999999999999,37.07083333333333,51.79404761904762,49.474107142857136,52.560833333333335,11.629062376901686,Moderate
2025-04-01,52.5125,84.8,58.68333333333334,628.6666666666666,29.5625,22.695833333333336,79.45833333333333,12.15,18.5,5.6,47.54166666666666,0.2041666666666666,0.0,0.0,1020.3416666666668,7.975,11.4,157.66666666666666,47.875,6141.0,2025,4,1,91,0,No Holiday,0,0,1,1,0,0,0.8660254037844387,-0.4999999999999998,0.7818314824680298,0.6234898018587336,0.9999855506507186,0.005375731557583884,44.175,54.74583333333334,48.93333333333334,38.8375,37.875,47.83333333333333,49.98154761904762,52.40736111111111,7.696322850339937,Moderate
2025-04-02,42.68333333333334,55.8,54.19166666666666,533.0416666666666,27.383333333333336,23.95,82.375,15.35,23.0,8.6,45.79166666666666,2.4208333333333334,0.0,0.0,1018.6958333333332,11.075,16.4,188.79166666666663,42.625,6124.0,2025,4,2,92,0,No Holiday,0,0,1,1,0,0,0.8660254037844387,-0.4999999999999998,0.9749279121818236,-0.22252093395631434,0.9999300657962057,-0.011826390691832589,52.5125,44.175,54.74583333333334,37.73333333333333,66.01666666666667,49.78690476190476,51.02708333333333,52.80041666666667,6.703914360874111,Moderate
2025-04-03,35.125,56.7,40.775,437.7083333333333,32.625,23.0875,70.58333333333333,14.954166666666666,21.4,9.1,36.625,-0.9125,0.0,0.0,1020.0375,9.220833333333331,13.1,122.41666666666669,41.29166666666666,5974.0,2025,4,3,93,0,No Holiday,0,1,1,1,1,0,0.8660254037844387,-0.4999999999999998,0.43388373911755823,-0.900968867902419,0.9995786855478958,-0.029025013321975237,42.68333333333334,52.5125,44.175,56.05,41.68333333333333,50.49404761904761,49.360416666666666,53.61680555555555,5.343634722138881,Moderate
2025-04-04,61.86666666666667,95.0,72.99166666666666,660.0833333333334,40.2,29.8875,57.625,17.462500000000002,25.7,9.6,45.875,4.8,0.0,0.0,1014.6458333333334,10.625,12.5,155.375,85.95833333333333,4964.0,2025,4,4,94,0,Qingming Festival,1,1,0,1,1,0,0.8660254037844387,-0.4999999999999998,-0.433883739117558,-0.9009688679024191,0.9989315138848577,-0.046215046983708354,35.125,42.68333333333334,52.5125,54.35833333333333,34.895833333333336,47.50476190476191,48.89196428571429,54.14930555555555,7.23550051882622,Moderate
2025-04-05,57.61666666666667,78.7,94.6875,573.125,37.77916666666667,28.558333333333334,73.08333333333333,19.475,25.0,13.8,38.79166666666666,3.016666666666667,0.0,0.0,1013.2041666666668,10.041666666666666,14.6,277.75,72.20833333333333,6155.0,2025,4,5,95,1,Qingming Festival,1,1,0,1,1,0,0.8660254037844387,-0.4999999999999998,-0.9749279121818236,-0.2225209339563146,0.9979887423155984,-0.06339140486951038,61.86666666666667,35.125,42.68333333333334,48.93333333333334,52.45,48.577380952380956,50.81845238095239,54.07347222222222,8.80675964114963,Moderate
2025-04-06,42.97083333333333,75.4,65.09583333333333,668.0416666666666,39.85833333333333,27.8,70.0,18.875,26.6,9.9,33.291666666666664,0.2,0.0,0.0,1015.0,6.416666666666667,13.2,170.33333333333334,21.83333333333333,6340.0,2025,4,6,96,1,Qingming Festival,1,1,0,1,1,0,0.8660254037844387,-0.4999999999999998,-0.7818314824680299,0.6234898018587334,0.9967506498213929,-0.08054900421874167,57.61666666666667,61.86666666666667,35.125,54.74583333333334,60.0875,49.81785714285714,51.1875,54.37013888888888,9.453082461424126,Moderate
2025-04-07,42.645833333333336,64.5,54.44166666666666,557.2916666666666,26.820833333333336,22.8875,105.79166666666669,21.92083333333333,29.4,14.7,33.791666666666664,4.6125,0.0,0.0,1013.6291666666666,12.070833333333333,16.6,194.25,71.5,5102.0,2025,4,0,97,0,No Holiday,0,1,1,1,1,0,0.8660254037844387,-0.4999999999999998,0.0,1.0,0.9952176027737294,-0.09768276782171598,42.97083333333333,57.61666666666667,61.86666666666667,44.175,71.89999999999999,48.135714285714286,49.96488095238095,53.411249999999995,9.477641775131763,Moderate
2025-04-08,48.87083333333334,85.2,57.2875,710.7083333333334,45.59583333333333,32.25,87.0,22.75,30.0,14.6,44.458333333333336,8.658333333333333,0.0,0.0,1012.9,5.7625,10.3,152.625,33.875,5910.0,2025,4,1,98,0,No Holiday,0,0,1,1,0,0,0.8660254037844387,-0.4999999999999998,0.7818314824680298,0.6234898018587336,0.9933900548258936,-0.11478762552212701,42.645833333333336,42.97083333333333,57.61666666666667,52.5125,38.8375,47.91726190476191,47.875297619047615,51.63819444444445,9.600969107555274,Moderate
2025-04-09,73.96249999999999,119.7,88.96666666666665,687.0416666666666,54.63333333333333,31.291666666666668,82.54166666666667,22.90416666666667,29.4,16.4,54.04166666666666,12.020833333333334,1.9,1.9,1008.2333333333332,7.029166666666666,16.2,234.16666666666663,72.20833333333333,5128.0,2025,4,2,99,0,No Holiday,0,0,1,1,0,0,0.8660254037844387,-0.4999999999999998,0.9749279121818236,-0.22252093395631434,0.9912685467787256,-0.13185851571739118,48.87083333333334,42.645833333333336,42.97083333333333,42.68333333333334,37.73333333333333,47.397023809523816,48.59196428571429,50.844305555555565,9.407179867993438,Moderate
2025-04-10,85.32916666666667,116.9,134.20833333333334,1024.7916666666667,65.14999999999999,40.6375,54.54166666666666,20.7875,27.8,15.6,62.583333333333336,12.979166666666666,0.7,0.7,1006.3541666666666,7.095833333333334,13.1,136.41666666666666,43.5,5018.0,2025,4,3,100,0,No Holiday,0,0,1,1,0,0,0.8660254037844387,-0.4999999999999998,0.43388373911755823,-0.900968867902419,0.9888537064205885,-0.1488903868564548,73.96249999999999,48.87083333333334,42.645833333333336,35.125,56.05,51.865476190476194,51.179761904761904,50.72430555555556,13.383487207302872,Unhealthy for Sensitive Groups
2025-04-11,49.60833333333333,76.4,66.425,721.5833333333334,57.94166666666666,32.7625,66.58333333333333,22.820833333333336,30.1,15.6,60.458333333333336,13.983333333333334,0.2,0.2,1004.1291666666666,9.420833333333333,14.7,135.5,79.33333333333333,4290.0,2025,4,4,101,0,No Holiday,0,0,1,1,0,0,0.8660254037844387,-0.4999999999999998,-0.433883739117558,-0.9009688679024191,0.986146248341595,-0.16587819893463143,85.32916666666667,73.96249999999999,48.87083333333334,61.86666666666667,54.35833333333333,59.0375,53.27113095238095,50.96513888888889,16.094595042539268,Moderate
2025-04-12,32.82083333333333,59.3,45.025,413.7083333333333,46.50416666666666,27.15,62.125,14.8625,19.5,9.1,57.833333333333336,5.375,5.2,5.2,1008.1333333333332,19.704166666666666,29.6,283.875,67.625,3278.0,2025,4,5,102,1,No Holiday,0,0,0,1,0,0,0.8660254037844387,-0.4999999999999998,-0.9749279121818236,-0.2225209339563146,0.9831469737221499,-0.1828169249850199,49.60833333333333,85.32916666666667,73.96249999999999,57.61666666666667,48.93333333333334,57.28630952380952,52.93184523809524,49.80319444444444,16.39946269908803,Good
2025-04-13,24.65416666666667,31.1,45.46666666666667,493.125,18.09583333333333,17.308333333333334,82.70833333333333,14.45,21.9,7.2,40.29166666666666,0.6875,0.2,0.2,1007.8708333333334,18.6,25.6,248.125,11.291666666666666,6511.0,2025,4,6,103,1,No Holiday,0,0,0,1,0,0,0.8660254037844387,-0.4999999999999998,-0.7818314824680299,0.6234898018587334,0.9798567700958665,-0.1997015525660636,32.82083333333333,49.60833333333333,85.32916666666667,42.97083333333333,54.74583333333334,53.74404761904761,51.78095238095238,49.25916666666667,18.8160893673655,Good
2025-04-14,22.933333333333334,49.2,31.40833333333333,365.9583333333333,24.791666666666668,17.808333333333334,80.41666666666667,16.5,20.6,12.1,42.5,2.5291666666666663,0.0,0.0,1007.2041666666668,15.6,24.8,297.9166666666667,3.208333333333333,6453.0,2025,4,0,104,0,No Holiday,0,0,1,1,0,0,0.8660254037844387,-0.4999999999999998,0.0,1.0,0.9762766110869321,-0.21652708524481437,24.65416666666667,32.82083333333333,49.60833333333333,42.645833333333336,44.175,51.12738095238095,49.63154761904762,48.87083333333332,21.627535424202403,Good
2025-04-15,30.866666666666664,50.3,33.854166666666664,680.5416666666666,40.13333333333333,25.14583333333333,68.58333333333333,19.45833333333333,26.9,11.5,41.54166666666666,4.5625,0.0,0.0,1010.4625,9.366666666666667,13.4,231.58333333333331,30.916666666666668,6465.0,2025,4,1,105,0,No Holiday,0,0,1,1,0,0,0.8660254037844387,-0.4999999999999998,0.7818314824680298,0.6234898018587336,0.9724075561219968,-0.23328854407545518,22.933333333333334,24.65416666666667,32.82083333333333,48.87083333333334,52.5125,48.31130952380952,48.11428571428571,48.53013888888889,24.06227197033432,Good
2025-04-16,17.287499999999998,25.7,23.679166666666664,460.625,25.679166666666664,21.8625,98.75,23.629166666666663,30.9,16.9,37.79166666666666,7.566666666666666,0.0,0.0,1004.5375,15.254166666666668,19.4,204.875,94.66666666666669,5323.0,2025,4,2,106,0,No Holiday,0,0,1,1,0,0,0.8660254037844387,-0.4999999999999998,0.9749279121818236,-0.22252093395631434,0.9682507501166718,-0.2499809690726521,30.866666666666664,22.933333333333334,24.65416666666667,73.96249999999999,42.68333333333334,45.73928571428571,46.56815476190476,48.04263888888889,24.93876816801691,Good
2025-04-17,34.229166666666664,43.1,41.079166666666666,396.5833333333333,22.15833333333333,22.7875,115.20833333333331,24.975,31.4,19.1,47.875,12.729166666666666,0.0,0.0,1003.1416666666668,14.945833333333333,19.5,218.79166666666663,79.41666666666667,5749.0,2025,4,3,107,0,No Holiday,0,0,1,1,0,0,0.8660254037844387,-0.4999999999999998,0.43388373911755823,-0.900968867902419,0.9638074231367307,-0.26659942067929354,17.287499999999998,30.866666666666664,22.933333333333334,85.32916666666667,35.125,37.642857142857146,44.75416666666666,47.38319444444445,23.40136086803906,Good
2025-04-18,27.425,37.7,29.375,484.125,24.366666666666664,23.025,115.20833333333331,25.1125,32.2,18.5,54.708333333333336,14.5625,0.0,0.0,1005.425,10.304166666666667,15.0,165.16666666666666,4.75,6294.0,2025,4,4,108,0,No Holiday,0,0,1,1,0,0,0.8660254037844387,-0.4999999999999998,-0.433883739117558,-0.9009688679024191,0.9590788900341131,-0.28313898122818354,34.229166666666664,17.287499999999998,30.866666666666664,49.60833333333333,61.86666666666667,30.342857142857138,44.69017857142857,47.26166666666667,10.41138246923219,Good
2025-04-19,51.7875,63.1,53.975,566.25,30.308333333333334,31.40833333333333,110.125,24.77083333333333,30.4,19.8,57.208333333333336,15.370833333333332,0.0,0.0,1004.95,10.158333333333331,15.7,187.75,89.33333333333333,5355.0,2025,4,5,109,1,No Holiday,0,0,0,1,0,0,0.8660254037844387,-0.4999999999999998,-0.9749279121818236,-0.2225209339563146,0.9540665500578387,-0.2995947563972602,27.425,34.229166666666664,17.287499999999998,32.82083333333333,57.61666666666667,27.173809523809524,42.23005952380952,45.975277777777784,6.0199195357522965,Moderate
2025-04-20,29.916666666666668,41.6,40.766666666666666,448.5833333333333,29.320833333333336,22.991666666666664,87.54166666666667,20.529166666666665,26.7,14.6,48.375,8.237499999999999,0.0,0.0,1010.725,11.454166666666666,14.5,66.58333333333333,20.916666666666668,6619.0,2025,4,6,110,1,No Holiday,0,0,0,1,0,0,0.8660254037844387,-0.4999999999999998,-0.7818314824680299,0.6234898018587334,0.9487718864399473,-0.31596187665790293,51.7875,27.425,34.229166666666664,24.65416666666667,42.97083333333333,29.883333333333333,41.81369047619047,46.312083333333334,11.105485381357994,Good
2025-04-21,45.5875,58.9,48.775,695.875,56.57083333333333,33.28333333333333,43.25,20.275,25.1,16.1,75.875,15.725,6.2,6.2,1006.3166666666666,10.1875,13.1,128.0,97.875,3165.0,2025,4,0,111,0,No Holiday,0,0,1,1,0,0,0.8660254037844387,-0.4999999999999998,0.0,1.0,0.9431964659565866,-0.33223549871590435,29.916666666666668,51.7875,27.425,22.933333333333334,42.645833333333336,30.63511904761905,40.88125,46.146111111111104,10.868083916490223,Moderate
2025-04-22,39.62083333333333,66.8,43.8125,608.4166666666666,36.8375,22.4875,62.79166666666666,19.883333333333333,22.6,17.8,78.875,15.845833333333331,0.3,0.3,1007.8458333333332,11.0375,16.8,236.125,96.45833333333331,3228.0,2025,4,1,112,0,No Holiday,0,0,1,1,0,0,0.8660254037844387,-0.4999999999999998,0.7818314824680298,0.6234898018587336,0.9373419384643772,-0.3484108069446808,45.5875,29.916666666666668,51.7875,30.866666666666664,48.87083333333334,33.871428571428574,41.09136904761904,45.91736111111111,11.544347720235832,Moderate
2025-04-23,65.96249999999999,89.4,101.37083333333334,807.7083333333334,57.3375,32.875,64.16666666666667,20.258333333333333,25.1,16.3,66.125,13.291666666666666,0.0,0.0,1008.8875,7.625,12.5,224.83333333333331,61.458333333333336,5660.0,2025,4,2,113,0,No Holiday,0,0,1,1,0,0,0.8660254037844387,-0.4999999999999998,0.9749279121818236,-0.22252093395631434,0.9312100364121947,-0.3644830148102912,39.62083333333333,45.5875,29.916666666666668,17.287499999999998,73.96249999999999,35.12202380952381,40.43065476190476,45.23513888888888,11.638377088891186,Moderate
2025-04-24,58.833333333333336,78.5,96.42916666666667,657.1666666666666,50.6625,33.25416666666667,47.958333333333336,19.15,23.5,15.9,63.04166666666666,11.65,0.5,0.5,1010.9708333333332,8.225,13.5,156.0,83.625,2358.0,2025,4,3,114,0,No Holiday,0,0,1,1,0,0,0.8660254037844387,-0.4999999999999998,0.43388373911755823,-0.900968867902419,0.9248025743285089,-0.38044736628785164,65.96249999999999,39.62083333333333,45.5875,34.229166666666664,85.32916666666667,42.07559523809524,39.85922619047619,45.037222222222226,13.584982949544568,Moderate
2025-04-25,22.570833333333336,38.3,34.15416666666667,429.75,33.6,24.445833333333336,66.16666666666667,18.6375,24.5,13.4,40.333333333333336,4.0875,0.0,0.0,1016.5791666666668,8.804166666666667,12.1,102.375,57.0,6809.0,2025,4,4,115,0,No Holiday,0,0,1,1,0,0,0.8660254037844387,-0.4999999999999998,-0.433883739117558,-0.9009688679024191,0.9181214482844364,-0.39629913726891813,58.833333333333336,65.96249999999999,39.62083333333333,27.425,49.60833333333333,45.59047619047619,37.96666666666666,45.70375,14.376399632804956,Good
2025-04-26,21.4125,42.7,24.979166666666668,381.0416666666667,25.504166666666663,21.98333333333333,85.5,20.425,27.7,13.4,37.0,3.6875,0.0,0.0,1015.8208333333332,15.125,19.7,135.04166666666666,55.25,6801.0,2025,4,5,116,1,No Holiday,0,0,0,1,0,0,0.8660254037844387,-0.4999999999999998,-0.9749279121818236,-0.2225209339563146,0.9111686353326631,-0.41203363695942635,22.570833333333336,58.833333333333336,65.96249999999999,51.7875,32.82083333333333,44.89702380952381,36.03541666666667,45.19833333333334,15.473840812932206,Good
2025-04-27,48.833333333333336,148.5,57.3625,653.5833333333334,48.2625,27.97083333333333,70.95833333333333,20.916666666666668,26.0,16.1,53.833333333333336,11.0125,0.1,0.1,1010.9375,8.383333333333333,15.4,199.75,88.375,3997.0,2025,4,6,117,1,No Holiday,0,0,0,1,0,0,0.8660254037844387,-0.4999999999999998,-0.7818314824680299,0.6234898018587334,0.9039461929224011,-0.42764620926777464,21.4125,22.570833333333336,58.833333333333336,29.916666666666668,24.65416666666667,40.5577380952381,35.22053571428572,44.04375,17.363164505550948,Moderate
2025-04-28,59.24166666666667,138.8,68.47500000000001,800.0,53.97916666666666,30.4,61.54166666666666,21.370833333333334,27.8,16.1,53.0,9.475,0.0,0.0,1012.6166666666668,6.354166666666667,10.8,84.375,17.541666666666668,6632.0,2025,4,0,118,0,No Holiday,0,0,1,1,0,0,0.8660254037844387,-0.4999999999999998,0.0,1.0,0.8964562582905575,-0.44313223418263453,48.833333333333336,21.4125,22.570833333333336,45.5875,22.933333333333334,43.26011904761905,36.94761904761905,43.85958333333333,16.8967942008498,Moderate
2025-04-29,60.825,79.4,69.41250000000001,583.4166666666666,45.333333333333336,28.95833333333333,86.41666666666667,22.379166666666663,28.2,15.3,50.25,10.395833333333334,0.0,0.0,1011.4916666666668,8.85,12.7,198.20833333333331,88.16666666666667,6293.0,2025,4,1,119,0,No Holiday,0,0,1,1,0,0,0.8660254037844387,-0.4999999999999998,0.7818314824680298,0.6234898018587336,0.8887010478292915,-0.45848712914008766,59.24166666666667,48.833333333333336,21.4125,39.62083333333333,30.866666666666664,45.21071428571429,39.54107142857142,44.20319444444444,17.964638113608306,Moderate
2025-04-30,46.46666666666667,69.2,60.74166666666667,533.8333333333334,28.633333333333336,24.879166666666663,100.79166666666669,24.5875,31.2,18.4,49.583333333333336,12.358333333333334,0.0,0.0,1007.2458333333334,13.7375,19.7,203.79166666666663,80.25,5696.0,2025,4,2,120,0,No Holiday,0,1,1,1,1,0,0.8660254037844387,-0.4999999999999998,0.9749279121818236,-0.22252093395631434,0.8806828564301475,-0.47370635037968,60.825,59.24166666666667,48.833333333333336,65.96249999999999,17.287499999999998,48.23988095238095,41.68095238095238,44.405833333333334,18.63999968598842,Moderate
2025-05-01,40.55833333333333,51.0,78.70833333333333,613.7083333333334,24.791666666666668,21.67083333333333,100.375,23.71666666666667,28.8,19.0,48.083333333333336,9.945833333333333,0.0,0.0,1008.8125,12.933333333333332,18.2,248.70833333333331,8.458333333333334,6557.0,2025,5,3,121,0,Labor Day,1,1,0,1,1,0,0.49999999999999994,-0.8660254037844387,0.43388373911755823,-0.900968867902419,0.8724040568049612,-0.48878539428899265,46.46666666666667,60.825,59.24166666666667,58.833333333333336,34.229166666666664,45.45476190476192,43.76517857142857,44.48222222222223,16.928537916745068,Moderate
2025-05-02,28.370833333333334,46.3,43.14166666666667,499.0833333333333,28.4125,21.916666666666668,103.20833333333331,25.5,32.8,18.0,40.54166666666666,10.529166666666669,0.0,0.0,1006.8666666666668,14.8625,21.3,185.5,32.083333333333336,6763.0,2025,5,4,122,0,Labor Day,1,1,0,1,1,0,0.49999999999999994,-0.8660254037844387,-0.433883739117558,-0.9009688679024191,0.8638670987837349,-0.503719798736334,40.55833333333333,46.46666666666667,60.825,22.570833333333336,27.425,42.844047619047615,44.217261904761905,44.083749999999995,15.899320801564352,Good
2025-05-03,21.941666666666663,27.1,31.78333333333333,388.2916666666667,21.79583333333333,19.65833333333333,106.33333333333331,22.775,25.0,17.8,44.875,9.504166666666666,0.0,0.0,1009.025,14.741666666666667,21.7,130.04166666666666,56.79166666666666,6208.0,2025,5,5,123,1,Labor Day,1,1,0,1,1,0,0.49999999999999994,-0.8660254037844387,-0.9749279121818236,-0.2225209339563146,0.8550745085896932,-0.518505144391157,28.370833333333334,40.55833333333333,46.46666666666667,21.4125,51.7875,43.672619047619044,44.28482142857143,43.60666666666667,14.778336688693694,Good
2025-05-04,23.90833333333333,40.0,27.53333333333333,392.6666666666667,32.579166666666666,30.8125,82.45833333333333,20.59583333333333,26.5,15.2,37.583333333333336,5.008333333333334,0.0,0.0,1010.3291666666668,15.204166666666666,18.1,120.125,79.83333333333333,6581.0,2025,5,6,124,1,Labor Day,1,1,0,1,1,0,0.49999999999999994,-0.8660254037844387,-0.7818314824680299,0.6234898018587334,0.8460288880917339,-0.533137056031809,21.941666666666663,28.370833333333334,40.55833333333333,48.833333333333336,29.916666666666668,43.748214285714276,42.15297619047619,43.16722222222222,14.646255497539462,Good
2025-05-05,43.0125,124.3,45.07916666666667,592.4583333333334,53.020833333333336,31.1,53.41666666666666,18.28333333333333,23.1,14.9,75.66666666666667,13.6375,18.0,18.0,1004.7708333333334,9.25,15.5,172.70833333333334,72.5,3466.0,2025,5,0,125,0,Labor Day,1,1,0,1,1,0,0.49999999999999994,-0.8660254037844387,0.0,1.0,0.8367329140344921,-0.5476112038402312,23.90833333333333,21.941666666666663,28.370833333333334,59.24166666666667,45.5875,40.1875,41.72380952380952,41.90194444444444,16.155950593615113,Moderate
2025-05-06,60.92083333333333,113.2,96.625,526.375,41.53333333333333,23.04583333333333,70.875,20.304166666666667,25.0,16.4,64.375,12.308333333333332,0.0,0.0,1007.3458333333332,10.316666666666666,17.2,238.625,55.29166666666666,6737.0,2025,5,1,126,0,No Holiday,0,1,1,1,1,0,0.49999999999999994,-0.8660254037844387,0.7818314824680298,0.6234898018587336,0.8271893372462497,-0.5619233046832195,43.0125,23.90833333333333,21.941666666666663,60.825,39.62083333333333,37.86904761904761,41.53988095238095,41.41513888888889,13.984403485309867,Moderate
2025-05-07,52.25,68.2,80.9375,515.7083333333334,40.38333333333333,38.391666666666666,82.0,21.541666666666668,28.0,14.9,58.458333333333336,11.975,0.0,0.0,1009.675,11.683333333333332,20.2,118.625,36.708333333333336,6913.0,2025,5,2,127,0,No Holiday,0,0,1,1,0,0,0.49999999999999994,-0.8660254037844387,0.9749279121818236,-0.22252093395631434,0.8174009818249189,-0.5760691233798758,60.92083333333333,43.0125,23.90833333333333,46.46666666666667,65.96249999999999,37.882738095238096,43.06130952380953,42.01347222222223,14.010644809908557,Moderate
2025-05-08,30.675,47.3,35.99583333333333,444.3333333333333,32.483333333333334,24.075,78.08333333333333,19.375,23.1,17.7,83.33333333333333,16.337500000000002,28.8,28.8,1004.15,19.2125,27.2,124.04166666666669,97.0,1393.0,2025,5,3,128,0,No Holiday,0,0,1,1,0,0,0.49999999999999994,-0.8660254037844387,0.43388373911755823,-0.900968867902419,0.8073707443023492,-0.5900444739548627,52.25,60.92083333333333,43.0125,40.55833333333333,58.833333333333336,38.708928571428565,42.08184523809524,42.333611111111104,14.75209170443582,Good
2025-05-09,22.2375,54.0,23.98333333333333,658.5416666666666,26.929166666666664,16.783333333333335,75.08333333333333,20.008333333333333,23.2,17.5,76.58333333333333,15.495833333333332,0.3,0.3,1003.3791666666666,16.291666666666668,23.0,266.0416666666667,71.58333333333333,4342.0,2025,5,4,129,0,No Holiday,0,0,1,1,0,0,0.49999999999999994,-0.8660254037844387,-0.433883739117558,-0.9009688679024191,0.7971015927871943,-0.6038452208771035,30.675,52.25,60.92083333333333,28.370833333333334,22.570833333333336,37.29702380952381,40.07053571428571,41.727083333333326,15.016183729880359,Good
2025-05-10,26.041666666666668,41.3,37.56666666666667,474.9583333333333,24.47083333333333,19.454166666666666,72.66666666666667,18.029166666666665,19.9,16.0,67.04166666666667,11.7125,0.0,0.0,1010.8583333333332,13.791666666666666,20.5,286.5,71.5,4861.0,2025,5,5,130,1,No Holiday,0,0,0,1,0,0,0.49999999999999994,-0.8660254037844387,-0.9749279121818236,-0.2225209339563146,0.7865965660866021,-0.6174672802835514,22.2375,30.675,52.25,21.941666666666663,21.4125,36.420833333333334,40.04672619047619,40.00291666666667,15.783182270777733,Good
2025-05-11,34.74166666666667,62.4,46.087500000000006,776.5416666666666,37.56666666666667,22.45833333333333,73.45833333333333,19.6,26.0,14.0,59.625,10.833333333333334,0.0,0.0,1008.7166666666668,10.220833333333331,15.8,242.29166666666663,11.583333333333334,7045.0,2025,5,6,131,1,No Holiday,0,0,0,1,0,0,0.49999999999999994,-0.8660254037844387,-0.7818314824680299,0.6234898018587334,0.7758587728069828,-0.6309066211876704,26.041666666666668,22.2375,30.675,23.90833333333333,48.833333333333336,37.00654761904762,40.37738095238095,38.026666666666664,15.222420199152845,Good
2025-05-12,27.308333333333334,32.8,31.92916666666667,535.6666666666666,30.84583333333333,26.7,99.20833333333331,22.308333333333334,28.4,16.5,52.458333333333336,11.125,0.0,0.0,1007.5875,12.4,18.7,209.33333333333331,16.458333333333332,7091.0,2025,5,0,132,0,No Holiday,0,0,1,1,0,0,0.49999999999999994,-0.8660254037844387,0.0,1.0,0.7648913904341225,-0.6441592666722685,34.74166666666667,26.041666666666668,22.2375,43.0125,59.24166666666667,38.55416666666667,39.37083333333334,37.531111111111116,14.184105279946003,Good
2025-05-13,26.72083333333333,35.0,29.229166666666668,511.875,35.708333333333336,18.17083333333333,93.5,24.704166666666666,31.4,16.6,45.625,10.904166666666669,0.0,0.0,1007.6125,10.95,18.1,186.91666666666663,87.125,5418.0,2025,5,1,133,0,No Holiday,0,0,1,1,0,0,0.49999999999999994,-0.8660254037844387,0.7818314824680298,0.6234898018587336,0.753697664392914,-0.6572212950663319,27.308333333333334,34.74166666666667,26.041666666666668,60.92083333333333,60.825,36.31071428571429,37.08988095238095,37.347361111111105,14.597337295470185,Good
2025-05-14,27.59166666666667,56.1,28.741666666666664,611.1666666666666,39.975,24.579166666666666,102.25,27.254166666666663,33.8,21.8,46.708333333333336,14.145833333333334,0.0,0.0,1008.2833333333332,9.1625,12.8,209.66666666666663,98.83333333333331,4509.0,2025,5,2,134,0,No Holiday,0,0,1,1,0,0,0.49999999999999994,-0.8660254037844387,0.9749279121818236,-0.22252093395631434,0.742280907086982,-0.6700888411055113,26.72083333333333,27.308333333333334,34.74166666666667,52.25,46.46666666666667,31.425,34.65386904761905,37.416250000000005,9.980898133249193,Good
2025-05-15,56.35416666666666,82.0,61.25416666666666,580.6666666666666,59.19583333333333,37.86666666666667,60.79166666666666,22.008333333333336,24.2,19.9,85.29166666666667,19.3375,12.5,12.5,1010.875,6.554166666666667,11.4,84.375,99.95833333333331,1396.0,2025,5,3,135,0,No Holiday,0,0,1,1,0,0,0.49999999999999994,-0.8660254037844387,0.43388373911755823,-0.900968867902419,0.7306444969184916,-0.6827580970759147,27.59166666666667,26.72083333333333,27.308333333333334,30.675,40.55833333333333,27.902380952380952,33.30565476190476,37.571527777777774,3.912839336502595,Moderate
2025-05-16,68.66666666666667,95.9,71.32083333333334,733.125,46.7625,35.862500000000004,88.04166666666667,22.308333333333334,25.9,20.0,80.66666666666667,18.566666666666663,14.5,14.5,1007.475,6.520833333333333,11.4,138.04166666666666,78.29166666666667,4037.0,2025,5,4,136,0,No Holiday,0,0,1,1,0,0,0.49999999999999994,-0.8660254037844387,-0.433883739117558,-0.9009688679024191,0.7187918772884232,-0.6952253139408722,56.35416666666666,27.59166666666667,26.72083333333333,22.2375,28.370833333333334,31.570833333333333,34.43392857142857,38.42111111111111,11.543221415538602,Moderate
2025-05-17,62.6375,82.0,71.3875,655.875,25.620833333333334,30.575,130.79166666666666,24.741666666666664,31.6,19.4,71.625,18.92083333333333,0.0,0.0,1006.9875,11.616666666666667,18.3,204.16666666666663,73.29166666666667,6545.0,2025,5,5,137,1,No Holiday,0,0,0,1,0,0,0.49999999999999994,-0.8660254037844387,-0.9749279121818236,-0.2225209339563146,0.7067265555776158,-0.7074868024503348,68.66666666666667,56.35416666666666,27.59166666666667,26.041666666666668,21.941666666666663,38.20357142857143,37.312202380952385,40.13375,17.226496069485812,Moderate
2025-05-18,35.71666666666667,65.0,60.39166666666667,429.6666666666667,25.954166666666666,22.104166666666668,98.625,21.066666666666663,25.4,17.1,62.75,13.466666666666669,0.0,0.0,1009.8083333333334,11.754166666666668,15.3,104.66666666666669,91.70833333333331,4315.0,2025,5,6,138,1,No Holiday,0,0,0,1,0,0,0.49999999999999994,-0.8660254037844387,-0.7818314824680299,0.6234898018587334,0.6944521021088763,-0.719538934232584,62.6375,68.66666666666667,56.35416666666666,34.74166666666667,23.90833333333333,43.43154761904763,40.21904761904762,41.08069444444445,18.43138534154349,Moderate
2025-05-19,39.270833333333336,53.7,61.175,598.5,26.92083333333333,22.3375,114.08333333333331,26.675,33.5,19.9,61.833333333333336,17.929166666666667,0.0,0.0,1003.9166666666666,9.433333333333334,11.7,187.54166666666663,41.958333333333336,6736.0,2025,5,0,139,0,No Holiday,0,0,1,1,0,0,0.49999999999999994,-0.8660254037844387,0.0,1.0,0.6819721490904629,-0.7313781428679254,35.71666666666667,62.6375,68.66666666666667,27.308333333333334,43.0125,43.57083333333333,41.0625,41.357083333333335,18.358310321768965,Moderate
2025-05-20,24.6875,33.2,27.575,508.25,28.4125,20.883333333333333,98.625,27.695833333333336,31.5,23.2,68.16666666666667,21.133333333333333,0.6000000000000001,0.6000000000000001,1002.2833333333332,10.316666666666666,17.0,197.33333333333331,75.25,5015.0,2025,5,1,140,0,No Holiday,0,0,1,1,0,0,0.49999999999999994,-0.8660254037844387,0.7818314824680298,0.6234898018587336,0.6692903895412567,-0.7430009249440493,39.270833333333336,35.71666666666667,62.6375,26.72083333333333,60.92083333333333,45.279761904761905,40.7952380952381,40.939861111111114,17.106253159476005,Good
2025-05-21,29.179166666666664,51.5,30.195833333333336,703.8333333333334,41.225,26.941666666666663,63.083333333333336,26.98333333333333,31.0,22.6,79.79166666666667,22.9875,19.1,19.1,1003.1541666666668,7.166666666666667,14.3,208.0,59.29166666666666,4556.0,2025,5,2,141,0,No Holiday,0,0,1,1,0,0,0.49999999999999994,-0.8660254037844387,0.9749279121818236,-0.22252093395631434,0.6564105761979381,-0.7544038410927472,24.6875,39.270833333333336,35.71666666666667,27.59166666666667,52.25,44.989285714285714,38.207142857142856,40.76555555555556,17.486948317010523,Good
2025-05-22,53.770833333333336,73.8,59.3125,500.125,39.16666666666666,28.558333333333334,84.66666666666667,26.870833333333334,32.2,21.5,76.04166666666667,21.816666666666663,1.9,1.9,1005.0625,11.891666666666666,19.1,90.5,83.16666666666667,6202.0,2025,5,3,142,0,No Holiday,0,0,1,1,0,0,0.49999999999999994,-0.8660254037844387,0.43388373911755823,-0.900968867902419,0.6433365204044917,-0.765583517007675,29.179166666666664,24.6875,39.270833333333336,56.35416666666666,30.675,45.216071428571425,36.55922619047619,40.21861111111111,17.232154354109664,Moderate
2025-05-23,36.8,63.1,39.3375,410.2916666666667,31.4875,17.533333333333335,65.33333333333333,19.366666666666667,21.2,18.1,84.625,16.583333333333332,26.0,26.0,1005.8208333333332,17.295833333333334,23.0,39.083333333333336,98.625,1743.0,2025,5,4,143,0,No Holiday,0,0,1,1,0,0,0.49999999999999994,-0.8660254037844387,-0.433883739117558,-0.9009688679024191,0.6300720909843687,-0.7765366444428655,53.770833333333336,29.179166666666664,24.6875,68.66666666666667,22.2375,44.84702380952381,38.208928571428565,40.69027777777778,16.9796754719752,Moderate
2025-05-24,72.93333333333334,97.8,79.66250000000001,527.9583333333334,39.079166666666666,23.825,80.20833333333333,19.95833333333333,23.7,16.4,61.41666666666666,11.9875,0.0,0.0,1012.9666666666668,8.125,13.8,241.29166666666663,69.125,6209.0,2025,5,5,144,1,No Holiday,0,0,0,1,0,0,0.49999999999999994,-0.8660254037844387,-0.9749279121818236,-0.2225209339563146,0.6166212130956382,-0.7872599821916922,36.8,53.770833333333336,29.179166666666664,62.6375,26.041666666666668,40.294642857142854,39.24910714285715,39.71819444444444,13.429856507061556,Moderate
2025-05-25,75.29166666666667,126.7,76.94583333333334,875.5,58.78333333333333,34.74583333333333,82.41666666666667,21.78333333333333,26.5,17.1,57.083333333333336,12.079166666666666,0.0,0.0,1015.2958333333332,3.5083333333333333,9.1,228.16666666666663,75.625,6933.0,2025,5,6,145,1,No Holiday,0,0,0,1,0,0,0.49999999999999994,-0.8660254037844387,-0.7818314824680299,0.6234898018587334,0.6029878670694714,-0.7977503570459932,72.93333333333334,36.8,53.770833333333336,35.71666666666667,34.74166666666667,41.76547619047619,42.5985119047619,40.18819444444445,16.4979982151114,Unhealthy for Sensitive Groups
2025-05-26,50.86666666666667,70.8,52.60416666666666,616.5416666666666,29.23333333333333,25.195833333333336,92.79166666666669,22.016666666666666,27.2,16.5,55.66666666666666,12.020833333333334,0.0,0.0,1014.8958333333334,8.475,11.8,156.20833333333334,26.45833333333333,6636.0,2025,5,0,146,0,No Holiday,0,0,1,1,0,0,0.49999999999999994,-0.8660254037844387,0.0,1.0,0.5891760872322963,-0.8080046647350754,75.29166666666667,72.93333333333334,36.8,39.270833333333336,27.308333333333334,47.41904761904761,45.494940476190486,41.94555555555555,20.3992685021615,Moderate
2025-05-27,50.50416666666666,75.0,52.86666666666667,418.1666666666667,33.27916666666667,28.575,92.375,23.3875,28.8,18.4,59.41666666666666,14.375,0.0,0.0,1014.2833333333332,9.041666666666666,12.5,125.66666666666669,100.0,5336.0,2025,5,1,147,0,No Holiday,0,0,1,1,0,0,0.49999999999999994,-0.8660254037844387,0.7818314824680298,0.6234898018587336,0.5751899607119775,-0.8180198708443174,50.86666666666667,75.29166666666667,72.93333333333334,24.6875,26.72083333333333,49.07559523809523,47.177678571428565,42.92736111111112,20.09587255919338,Moderate
2025-05-28,37.44166666666667,49.0,40.77916666666667,393.4583333333333,35.74166666666667,30.33333333333333,79.16666666666667,23.070833333333336,26.9,19.5,62.875,15.445833333333333,3.5,3.5,1012.5583333333334,10.970833333333331,13.4,122.125,71.75,4749.0,2025,5,2,148,0,No Holiday,0,0,1,1,0,0,0.49999999999999994,-0.8660254037844387,0.9749279121818236,-0.22252093395631434,0.5610336262283677,-0.8277930117131022,50.50416666666666,50.86666666666667,75.29166666666667,29.179166666666664,27.59166666666667,52.76369047619047,48.876488095238095,42.98305555555556,17.005449445591196,Moderate
2025-05-29,38.15833333333333,57.7,46.37083333333334,541.2916666666666,36.891666666666666,31.129166666666663,76.75,24.42083333333333,31.4,17.6,51.875,12.2,0.0,0.0,1012.0583333333334,7.995833333333334,12.7,101.58333333333331,7.291666666666667,6855.0,2025,5,3,149,0,No Holiday,0,0,1,1,0,0,0.49999999999999994,-0.8660254037844387,0.43388373911755823,-0.900968867902419,0.5467112728685939,-0.8373211953118121,37.44166666666667,50.50416666666666,50.86666666666667,53.770833333333336,56.35416666666666,53.94404761904762,49.58005952380953,42.256388888888885,15.296480066146525,Moderate
2025-05-30,34.4375,56.2,39.225,454.75,23.104166666666668,19.341666666666665,97.29166666666669,25.875,32.1,18.9,43.125,10.704166666666666,0.0,0.0,1010.4291666666668,11.254166666666668,15.0,139.125,49.958333333333336,7267.0,2025,5,4,150,0,No Holiday,0,1,1,1,1,0,0.49999999999999994,-0.8660254037844387,-0.433883739117558,-0.9009688679024191,0.5322271388474397,-0.8466016020976267,38.15833333333333,37.44166666666667,50.50416666666666,36.8,68.66666666666667,51.71369047619048,48.28035714285715,41.500833333333325,16.422703471681523,Good
2025-05-31,45.39166666666667,62.2,47.4375,499.9166666666667,42.900000000000006,33.708333333333336,82.625,22.59166666666667,27.1,18.6,60.16666666666666,13.808333333333332,10.4,10.4,1005.7916666666666,11.970833333333331,16.8,121.20833333333331,99.0,1738.0,2025,5,5,151,1,Dragon Boat Festival,1,1,0,1,1,0,0.49999999999999994,-0.8660254037844387,-0.9749279121818236,-0.2225209339563146,0.5175855102531889,-0.8556314858488706,34.4375,38.15833333333333,37.44166666666667,72.93333333333334,62.6375,51.37619047619047,45.83541666666667,41.0998611111111,16.80021024626717,Moderate
2025-06-01,30.066666666666663,56.6,30.22083333333333,820.1666666666666,53.7125,34.958333333333336,55.208333333333336,19.991666666666667,22.3,18.5,90.70833333333331,18.370833333333334,13.2,13.2,1002.2416666666668,14.308333333333332,19.9,85.08333333333333,100.0,2305.0,2025,6,6,152,1,Dragon Boat Festival,1,1,0,1,1,0,1.2246467991473532e-16,-1.0,-0.7818314824680299,0.6234898018587334,0.5027907197793043,-0.8644081744776648,45.39166666666667,34.4375,38.15833333333333,75.29166666666667,35.71666666666667,47.44166666666666,44.603571428571435,41.26097222222222,13.881781584281669,Good
2025-06-02,22.59166666666667,47.7,22.77916666666667,367.5833333333333,38.0375,20.8375,62.79166666666666,19.4,22.0,18.0,87.5,17.2,5.2,5.2,1001.6958333333332,10.7125,15.9,181.04166666666663,97.125,2314.0,2025,6,0,153,0,Dragon Boat Festival,1,1,0,1,1,0,1.2246467991473532e-16,-1.0,0.0,1.0,0.4878471454423119,-0.8729290708206411,30.066666666666663,45.39166666666667,34.4375,50.86666666666667,39.270833333333336,40.980952380952374,44.199999999999996,41.3175,8.065414653018856,Good
2025-06-03,58.125,103.8,61.31666666666666,907.6666666666666,56.270833333333336,43.11666666666667,83.375,22.59583333333333,28.0,17.1,75.95833333333333,17.808333333333334,0.0,0.0,1004.9416666666666,4.145833333333333,7.5,265.5416666666667,19.33333333333333,6561.0,2025,6,1,154,0,No Holiday,0,1,1,1,1,0,1.2246467991473532e-16,-1.0,0.7818314824680298,0.6234898018587336,0.47275920928627757,-0.881191653407483,22.59166666666667,30.066666666666663,45.39166666666667,50.50416666666666,24.6875,36.94166666666666,43.00863095238095,41.33916666666667,9.278408266168467,Moderate
2025-06-04,68.97500000000001,110.6,77.8125,1114.75,46.425,40.66666666666666,121.375,25.229166666666668,30.6,19.9,71.91666666666667,19.429166666666667,0.0,0.0,1007.4375,4.9,8.3,202.54166666666663,42.25,6511.0,2025,6,2,155,0,No Holiday,0,0,1,1,0,0,1.2246467991473532e-16,-1.0,0.9749279121818236,-0.22252093395631434,0.4575313760742512,-0.8891934772070711,58.125,22.59166666666667,30.066666666666663,37.44166666666667,29.179166666666664,38.03035714285714,45.39702380952381,42.47972222222223,11.350687467525887,Moderate
2025-06-05,40.425,77.1,52.31666666666666,559.875,33.74583333333333,20.8875,110.875,26.883333333333336,32.6,21.1,59.91666666666666,17.7,0.0,0.0,1006.775,9.491666666666667,14.4,158.625,21.08333333333333,6769.0,2025,6,3,156,0,No Holiday,0,0,1,1,0,0,1.2246467991473532e-16,-1.0,0.43388373911755823,-0.900968867902419,0.44216815196707204,-0.8969321743510065,68.97500000000001,58.125,22.59166666666667,38.15833333333333,53.770833333333336,42.53511904761905,48.23958333333333,43.34513888888889,16.26961811814636,Moderate
2025-06-06,31.59583333333333,43.2,36.4625,534.375,27.604166666666668,22.8375,126.66666666666669,28.416666666666668,33.8,22.0,56.04166666666666,18.5125,0.0,0.0,1003.2208333333332,8.387500000000001,12.2,195.25,37.375,6165.0,2025,6,4,157,0,No Holiday,0,0,1,1,0,0,1.2246467991473532e-16,-1.0,-0.433883739117558,-0.9009688679024191,0.42667408318992467,-0.9044054548343001,40.425,68.97500000000001,58.125,34.4375,36.8,42.85892857142857,47.28630952380952,42.661944444444444,16.190353214256316,Good
2025-06-07,29.90833333333333,44.1,30.808333333333334,692.4583333333334,52.025,25.79583333333333,59.833333333333336,24.975,28.2,23.2,88.91666666666667,22.9125,68.7,68.7,1003.3541666666666,6.529166666666666,12.4,108.20833333333331,98.54166666666669,1968.0,2025,6,5,158,1,No Holiday,0,0,0,1,0,0,1.2246467991473532e-16,-1.0,-0.9749279121818236,-0.2225209339563146,0.4110537546870351,-0.9116111071930239,31.59583333333333,40.425,68.97500000000001,45.39166666666667,72.93333333333334,42.45297619047619,46.91458333333333,41.97347222222222,16.469914475712997,Good
2025-06-08,21.245833333333334,40.0,21.5,530.3333333333334,54.395833333333336,27.241666666666664,45.16666666666666,24.40833333333333,27.3,22.3,87.33333333333333,22.0625,44.3,44.3,1003.9333333333334,10.795833333333334,17.9,65.79166666666667,98.0,3644.0,2025,6,6,159,1,No Holiday,0,0,0,1,0,0,1.2246467991473532e-16,-1.0,-0.7818314824680299,0.6234898018587334,0.3953117887649151,-0.9185469991587165,29.90833333333333,31.59583333333333,40.425,30.066666666666663,75.29166666666667,40.24107142857143,43.84136904761905,41.947916666666664,17.03933195576272,Good
2025-06-09,24.929166666666664,71.7,27.179166666666664,543.9166666666666,44.8125,22.95,46.208333333333336,24.2875,28.9,21.0,81.45833333333333,20.725,1.0,1.0,1004.2625,6.4,9.9,88.45833333333333,64.125,5190.0,2025,6,0,160,0,No Holiday,0,0,1,1,0,0,1.2246467991473532e-16,-1.0,0.0,1.0,0.37945284372454435,-0.925211078289358,21.245833333333334,29.90833333333333,31.59583333333333,22.59166666666667,50.86666666666667,38.98095238095238,39.980952380952374,41.91486111111111,18.20356310784864,Good
2025-06-10,49.12916666666666,75.9,52.51666666666667,689.625,71.16250000000001,40.6625,14.166666666666666,23.71666666666667,26.5,21.8,87.25,21.4375,4.6,4.6,1006.8583333333332,3.920833333333333,9.0,114.875,97.66666666666669,2220.0,2025,6,1,161,0,No Holiday,0,0,1,1,0,0,1.2246467991473532e-16,-1.0,0.7818314824680298,0.6234898018587336,0.36348161248290634,-0.9316013725767187,24.929166666666664,21.245833333333334,29.90833333333333,58.125,50.50416666666666,39.31488095238095,38.12827380952381,41.87777777777778,17.8712138014768,Moderate
2025-06-11,51.458333333333336,68.7,57.4375,469.625,61.86666666666667,37.829166666666666,36.083333333333336,23.704166666666666,27.5,20.9,80.25,19.90833333333333,0.0,0.0,1010.1916666666666,8.466666666666667,12.8,88.91666666666667,95.875,5231.0,2025,6,2,162,0,No Holiday,0,0,1,1,0,0,1.2246467991473532e-16,-1.0,0.9749279121818236,-0.22252093395631434,0.3474028211842774,-0.9377159910299093,49.12916666666666,24.929166666666664,21.245833333333334,68.97500000000001,37.44166666666667,38.029761904761905,38.03005952380953,42.35736111111111,16.569151080440264,Moderate
2025-06-12,23.929166666666664,37.4,25.025,629.75,50.76666666666667,36.329166666666666,30.125,21.929166666666664,24.7,19.9,87.70833333333333,19.754166666666663,16.7,16.7,1009.8125,10.295833333333333,16.0,97.91666666666669,100.0,2523.0,2025,6,3,163,0,No Holiday,0,0,1,1,0,0,1.2246467991473532e-16,-1.0,0.43388373911755823,-0.900968867902419,0.3312212278016865,-0.9435531242349544,51.458333333333336,49.12916666666666,24.929166666666664,40.425,38.15833333333333,35.52738095238095,39.03125,43.16236111111111,11.733896780866159,Good
2025-06-13,27.6,68.9,27.8,592.6666666666666,42.475,28.79583333333333,21.375,26.129166666666663,31.1,22.2,87.875,23.816666666666663,3.6000000000000005,3.6000000000000005,1004.3666666666668,7.104166666666667,13.8,126.91666666666669,86.79166666666667,4150.0,2025,6,4,164,0,No Holiday,0,0,1,1,0,0,1.2246467991473532e-16,-1.0,-0.433883739117558,-0.9009688679024191,0.31494162072895193,-0.9491110448902284,23.929166666666664,51.458333333333336,49.12916666666666,31.59583333333333,34.4375,33.17083333333333,38.014880952380956,43.06930555555555,12.232229883249707,Good
2025-06-14,45.9875,75.9,46.275,867.2916666666666,39.208333333333336,35.704166666666666,73.25,26.8,31.3,22.5,85.875,24.04583333333333,0.8,0.8,1001.0083333333332,7.383333333333333,14.6,212.58333333333331,86.04166666666667,5153.0,2025,6,5,165,1,No Holiday,0,0,0,1,0,0,1.2246467991473532e-16,-1.0,-0.9749279121818236,-0.2225209339563146,0.2985688173637202,-0.9543881083175908,27.6,23.929166666666664,51.458333333333336,29.90833333333333,45.39166666666667,32.6,37.5264880952381,43.069583333333334,12.40992406414231,Moderate
2025-06-15,31.516666666666666,48.1,43.8125,486.1666666666667,28.204166666666666,25.975,79.58333333333333,25.875,27.9,24.1,87.125,23.54583333333333,1.3,1.3,997.6375,13.158333333333331,16.0,219.41666666666663,99.33333333333331,2414.0,2025,6,6,166,1,No Holiday,0,0,0,1,0,0,1.2246467991473532e-16,-1.0,-0.7818314824680299,0.6234898018587334,0.2821076626819194,-0.9593827529490743,45.9875,27.6,23.929166666666664,21.245833333333334,30.066666666666663,34.89702380952381,37.56904761904762,42.72402777777778,13.285851809359636,Good
2025-06-16,31.29583333333333,45.4,36.53333333333333,614.3333333333334,22.33333333333333,32.916666666666664,117.04166666666669,26.45833333333333,30.6,22.6,79.66666666666667,22.5,1.6,1.6,999.2708333333334,15.533333333333331,22.3,225.04166666666663,19.33333333333333,6807.0,2025,6,0,167,0,No Holiday,0,0,1,1,0,0,1.2246467991473532e-16,-1.0,0.0,1.0,0.26556302780405594,-0.9640935007889755,31.516666666666666,45.9875,27.6,24.929166666666664,22.59166666666667,36.364285714285714,37.672619047619044,41.48569444444444,12.035260420374927,Good
2025-06-17,35.61666666666667,59.6,43.6625,545.625,33.420833333333334,28.979166666666668,127.29166666666669,28.5875,33.6,24.0,69.95833333333333,22.1375,0.0,0.0,1004.1625,7.570833333333333,14.0,188.75,14.291666666666666,6876.0,2025,6,1,168,0,No Holiday,0,0,1,1,0,0,1.2246467991473532e-16,-1.0,0.7818314824680298,0.6234898018587336,0.24893980855376657,-0.9685189578512204,31.29583333333333,31.516666666666666,45.9875,49.12916666666666,58.125,37.27380952380952,38.29434523809523,40.440972222222214,11.241452955479744,Moderate
2025-06-18,30.554166666666664,46.4,34.579166666666666,466.2916666666667,31.8625,22.27916666666667,95.08333333333331,29.075,33.7,24.5,71.04166666666667,23.02916666666667,0.0,0.0,1005.2541666666666,8.987499999999999,12.6,165.79166666666666,83.54166666666667,6602.0,2025,6,2,169,0,No Holiday,0,0,1,1,0,0,1.2246467991473532e-16,-1.0,0.9749279121818236,-0.22252093395631434,0.23224292400907015,-0.9726578145718654,35.61666666666667,31.29583333333333,31.516666666666666,51.458333333333336,68.97500000000001,35.34345238095238,36.68660714285714,40.437638888888884,9.95267355934254,Good
2025-06-19,20.441666666666663,31.5,20.929166666666667,309.2916666666667,23.92083333333333,14.808333333333332,55.583333333333336,27.175,29.4,25.0,79.375,23.266666666666666,8.8,8.8,1004.7916666666666,14.341666666666669,19.5,179.83333333333334,98.66666666666669,2323.0,2025,6,3,170,0,No Holiday,0,0,1,1,0,0,1.2246467991473532e-16,-1.0,0.43388373911755823,-0.900968867902419,0.21547731504673012,-0.976508846196619,30.554166666666664,35.61666666666667,31.29583333333333,23.929166666666664,40.425,32.357142857142854,33.94226190476191,40.14708333333333,7.013746305324305,Good
2025-06-20,18.0375,25.5,18.229166666666668,371.5,27.079166666666666,18.52083333333333,43.708333333333336,26.5875,29.5,25.1,87.20833333333333,24.245833333333334,12.4,12.4,1002.2708333333334,14.879166666666668,20.8,201.54166666666663,100.0,1937.0,2025,6,4,171,0,No Holiday,0,0,1,1,0,0,1.2246467991473532e-16,-1.0,-0.433883739117558,-0.9009688679024191,0.19864794288017112,-0.9800709131432666,20.441666666666663,30.554166666666664,35.61666666666667,27.6,31.59583333333333,31.85892857142857,32.51488095238095,40.00555555555555,7.792796794367705,Good
2025-06-21,20.4625,27.5,20.570833333333333,430.3333333333333,37.68333333333333,22.48333333333333,45.125,23.28333333333333,25.8,21.2,95.04166666666669,22.454166666666666,34.0,34.0,1004.0625,11.129166666666668,19.1,150.375,100.0,1154.0,2025,6,5,172,1,No Holiday,0,0,0,1,0,0,1.2246467991473532e-16,-1.0,-0.9749279121818236,-0.2225209339563146,0.18175978759137534,-0.9833429613388902,18.0375,20.441666666666663,30.554166666666664,45.9875,29.90833333333333,30.492857142857137,31.54642857142857,39.63416666666667,9.346982119136138,Good
2025-06-22,28.45833333333333,41.1,29.17083333333333,394.2916666666667,48.770833333333336,26.141666666666666,38.625,22.2375,25.4,20.5,81.375,18.7625,1.2000000000000002,1.2000000000000002,1006.2458333333334,9.8125,14.6,83.79166666666667,94.95833333333331,4652.0,2025,6,6,173,1,No Holiday,0,0,0,1,0,0,1.2246467991473532e-16,-1.0,-0.7818314824680299,0.6234898018587334,0.16481784665719793,-0.9863240225317866,20.4625,18.0375,20.441666666666663,31.516666666666666,21.245833333333334,26.846428571428568,30.87172619047619,38.523888888888884,6.971913489971162,Good
2025-06-23,50.925,94.1,53.458333333333336,560.5416666666666,63.5625,32.4,37.04166666666666,22.1,23.8,21.1,86.625,19.6875,5.1,5.1,1004.9125,6.525,10.8,83.375,99.83333333333331,2283.0,2025,6,0,174,0,No Holiday,0,0,1,1,0,0,1.2246467991473532e-16,-1.0,0.0,1.0,0.14782713347053048,-0.9890132145779883,28.45833333333333,20.4625,18.0375,31.29583333333333,24.929166666666664,26.409523809523808,31.38690476190476,38.24583333333333,6.721810011302318,Moderate
2025-06-24,45.47916666666666,80.6,47.53333333333333,595.1666666666666,47.025,24.05,64.0,23.04583333333333,26.5,19.3,75.33333333333333,18.241666666666667,0.0,0.0,1006.95,5.995833333333334,10.9,66.58333333333333,62.79166666666666,5256.0,2025,6,1,175,0,No Holiday,0,0,1,1,0,0,1.2246467991473532e-16,-1.0,0.7818314824680298,0.6234898018587336,0.13079267585675922,-0.9914097417023038,50.925,28.45833333333333,20.4625,35.61666666666667,49.12916666666666,29.21369047619047,33.24374999999999,37.51222222222222,11.49772061606476,Moderate
2025-06-25,49.38333333333333,82.0,50.03333333333333,631.875,52.1625,30.0125,74.54166666666667,25.17083333333333,29.9,20.4,76.54166666666667,20.466666666666665,0.0,0.0,1007.9875,5.4375,9.6,131.25,87.58333333333333,6163.0,2025,6,2,176,0,No Holiday,0,0,1,1,0,0,1.2246467991473532e-16,-1.0,0.9749279121818236,-0.22252093395631434,0.11371951458594969,-0.9935128947338007,45.47916666666666,50.925,28.45833333333333,30.554166666666664,51.458333333333336,30.622619047619047,32.98303571428571,36.51847222222223,12.92837660446914,Moderate
2025-06-26,49.05833333333334,81.5,49.17916666666667,692.8333333333334,34.43333333333333,26.016666666666666,118.70833333333331,27.479166666666668,33.3,24.0,84.66666666666667,24.475,13.7,13.7,1005.5166666666668,8.529166666666667,17.7,169.41666666666666,88.0,5760.0,2025,6,3,177,0,No Holiday,0,0,1,1,0,0,1.2246467991473532e-16,-1.0,0.43388373911755823,-0.900968867902419,0.0966127018812031,-0.9953220513156602,49.38333333333333,45.47916666666666,50.925,20.441666666666663,23.929166666666664,33.31249999999999,32.83482142857142,36.469027777777775,14.74318502324481,Moderate
2025-06-27,62.49166666666667,88.2,62.57083333333333,858.7083333333334,63.12083333333334,43.86666666666667,78.375,26.42083333333333,30.3,24.2,89.625,24.495833333333334,7.1,7.1,1005.1958333333332,6.416666666666667,10.5,236.5,81.95833333333333,4187.0,2025,6,4,178,0,No Holiday,0,0,1,1,0,0,1.2246467991473532e-16,-1.0,-0.433883739117558,-0.9009688679024191,0.07947729992362097,-0.9968366760893436,49.05833333333334,49.38333333333333,45.47916666666666,18.0375,27.6,37.40059523809524,34.6297619047619,36.420833333333334,14.545642450084973,Moderate
2025-06-28,31.0875,59.1,31.183333333333334,539.625,26.89583333333333,18.308333333333334,89.79166666666667,26.8,31.9,24.7,87.45833333333333,24.366666666666664,13.3,13.3,1003.5958333333332,7.7375,12.4,175.04166666666666,69.16666666666667,4178.0,2025,6,5,179,1,No Holiday,0,0,0,1,0,0,1.2246467991473532e-16,-1.0,-0.9749279121818236,-0.2225209339563146,0.062318379354325076,-0.998056320853012,62.49166666666667,49.05833333333334,49.38333333333333,20.4625,45.9875,43.75119047619047,37.1220238095238,37.255833333333335,14.386198680225773,Good
2025-06-29,21.866666666666664,35.7,21.9875,443.5,28.241666666666664,20.195833333333333,91.75,27.675,31.8,25.9,82.04166666666667,24.183333333333334,4.2,4.2,1002.625,9.395833333333334,13.0,177.83333333333334,64.0,6020.0,2025,6,6,180,1,No Holiday,0,0,0,1,0,0,1.2246467991473532e-16,-1.0,-0.7818314824680299,0.6234898018587334,0.04514101777397193,-0.9989806246941579,31.0875,62.49166666666667,49.05833333333334,28.45833333333333,31.516666666666666,45.26904761904761,36.05773809523809,37.020138888888894,11.857873580028816,Good
2025-06-30,18.279166666666665,29.7,18.558333333333334,486.3333333333333,27.7125,15.741666666666667,62.66666666666666,28.45,31.9,25.7,80.83333333333333,24.745833333333334,0.5,0.5,1004.7291666666666,8.454166666666667,11.8,164.33333333333334,72.83333333333333,3972.0,2025,6,0,181,0,No Holiday,0,0,1,1,0,0,1.2246467991473532e-16,-1.0,0.0,1.0,0.02795029824021032,-0.999609314096404,21.866666666666664,31.0875,62.49166666666667,50.925,31.29583333333333,44.32738095238095,35.36845238095238,36.60111111111111,13.555559509578472,Good
2025-07-01,33.229166666666664,52.9,33.358333333333334,604.7916666666666,34.65833333333333,20.075,92.54166666666669,30.625,35.1,26.1,76.20833333333333,25.666666666666668,0.0,0.0,1006.6166666666668,7.558333333333334,10.5,176.20833333333334,69.04166666666667,6682.0,2025,7,1,182,0,No Holiday,0,0,1,0,0,0,-0.4999999999999997,-0.8660254037844388,0.7818314824680298,0.6234898018587336,0.01075130776352193,-0.9999422030204416,18.279166666666665,21.866666666666664,31.0875,45.47916666666666,35.61666666666667,39.66369047619048,34.43869047619047,35.697361111111114,16.254486509265483,Good
2025-07-02,32.670833333333334,66.1,32.7875,449.2083333333333,41.85833333333333,19.28333333333333,92.41666666666669,31.929166666666664,36.3,27.4,72.0,25.866666666666664,0.0,0.0,1007.075,6.908333333333334,8.6,166.16666666666666,81.45833333333333,6764.0,2025,7,2,183,0,No Holiday,0,0,1,0,0,0,-0.4999999999999997,-0.8660254037844388,0.9749279121818236,-0.22252093395631434,-0.00645086419810515,-0.9999791929590823,33.229166666666664,18.279166666666665,21.866666666666664,49.38333333333333,30.554166666666664,37.913690476190474,34.26815476190476,35.80277777777778,16.18330324445897,Good
2025-07-03,26.729166666666668,45.5,26.73333333333333,381.4583333333333,29.525,22.445833333333336,119.58333333333331,32.916666666666664,37.5,28.2,67.16666666666667,25.541666666666668,0.0,0.0,1005.025,8.666666666666666,12.0,178.20833333333334,42.833333333333336,6947.0,2025,7,3,184,0,No Holiday,0,0,1,0,0,0,-0.4999999999999997,-0.8660254037844388,0.43388373911755823,-0.900968867902419,-0.023651127245231586,-0.9997202729664083,32.670833333333334,33.229166666666664,18.279166666666665,49.05833333333334,20.441666666666663,35.52619047619048,34.41934523809523,36.138749999999995,15.424167040787538,Good
2025-07-04,29.116666666666664,38.6,29.1375,465.6666666666667,24.15833333333333,22.96666666666667,135.54166666666666,33.8375,39.8,28.4,60.458333333333336,24.475,0.0,0.0,1002.7375,7.120833333333334,13.9,175.04166666666666,76.08333333333333,6837.0,2025,7,4,185,0,No Holiday,0,0,1,0,0,0,-0.4999999999999997,-0.8660254037844388,-0.433883739117558,-0.9009688679024191,-0.04084439154329611,-0.9991655196610109,26.729166666666668,32.670833333333334,33.229166666666664,62.49166666666667,18.0375,32.336309523809526,34.86845238095238,35.09222222222221,14.436475375354895,Good
2025-07-05,30.041666666666668,39.5,30.054166666666664,431.9166666666667,31.058333333333334,23.725,130.875,34.65,39.8,28.5,54.625,23.59583333333333,0.0,0.0,1001.5583333333334,7.295833333333333,9.9,189.875,28.45833333333333,6737.0,2025,7,5,186,1,No Holiday,0,0,0,0,0,0,-0.4999999999999997,-0.8660254037844388,-0.9749279121818236,-0.2225209339563146,-0.05802556932878035,-0.9983150972033183,29.116666666666664,26.729166666666668,32.670833333333334,31.0875,20.4625,27.56845238095238,35.659821428571426,33.76361111111111,5.662217338799404,Good
2025-07-06,40.24583333333333,61.5,40.2625,433.125,34.75,29.53333333333333,130.5,35.525,41.1,30.0,51.16666666666666,23.120833333333334,0.0,0.0,1001.2625,5.570833333333333,11.2,144.20833333333334,16.541666666666668,6487.0,2025,7,6,187,1,No Holiday,0,0,0,0,0,0,-0.4999999999999997,-0.8660254037844388,-0.7818314824680299,0.6234898018587334,-0.07518957641475855,-0.9971692572470178,30.041666666666668,29.116666666666664,26.729166666666668,21.866666666666664,28.45833333333333,27.419047619047614,36.344047619047615,33.4175,5.566882302638548,Moderate
2025-07-07,26.925,57.6,27.0,299.5,26.741666666666664,27.72083333333333,92.75,34.00833333333333,38.2,29.6,53.25,22.52083333333333,0.0,0.0,1000.025,9.475,14.0,117.54166666666669,31.875,6671.0,2025,7,0,188,0,No Holiday,0,0,1,0,0,0,-0.4999999999999997,-0.8660254037844388,0.0,1.0,-0.09233133369539122,-0.9957283388645872,40.24583333333333,30.041666666666668,29.116666666666664,18.279166666666665,50.925,30.044642857142858,37.186011904761905,33.70583333333333,6.725353974181844,Good
2025-07-08,17.133333333333333,31.8,17.966666666666665,344.625,36.95,29.5875,35.625,30.866666666666664,35.2,28.1,65.58333333333333,23.491666666666664,0.4,0.4,1001.6791666666668,11.933333333333332,16.9,89.58333333333333,61.333333333333336,4977.0,2025,7,1,189,0,No Holiday,0,0,1,0,0,0,-0.4999999999999997,-0.8660254037844388,0.7818314824680298,0.6234898018587336,-0.10944576864891556,-0.993992768446958,26.925,40.24583333333333,30.041666666666668,33.229166666666664,45.47916666666666,31.279761904761905,35.47172619047619,33.60638888888889,4.690583201180502,Good
2025-07-09,12.341666666666669,24.6,13.2,220.79166666666663,24.945833333333336,19.67083333333333,58.083333333333336,31.454166666666666,36.7,27.1,63.25,23.02083333333333,0.4,0.4,1002.4416666666666,16.891666666666666,21.2,84.875,40.125,6447.0,2025,7,2,190,0,No Holiday,0,0,1,0,0,0,-0.4999999999999997,-0.8660254037844388,0.9749279121818236,-0.22252093395631434,-0.12652781683868314,-0.9919630595773397,17.133333333333333,26.925,40.24583333333333,32.670833333333334,49.38333333333333,28.980357142857144,33.447023809523806,33.46930555555556,6.968020417001331,Good
2025-07-10,26.60833333333333,31.0,28.141666666666666,237.08333333333331,26.229166666666668,20.04583333333333,74.08333333333333,30.4875,34.7,26.6,65.66666666666667,22.9125,0.5,0.5,1003.7916666666666,14.133333333333333,18.1,81.625,12.5,6267.0,2025,7,3,191,0,No Holiday,0,0,1,0,0,0,-0.4999999999999997,-0.8660254037844388,0.43388373911755823,-0.900968867902419,-0.1435724234118113,-0.9896398128792412,12.341666666666669,17.133333333333333,26.925,26.729166666666668,49.05833333333334,26.076190476190476,30.801190476190474,33.04972222222222,9.087601161711518,Good
2025-07-11,17.925,23.1,18.875,260.2916666666667,24.079166666666666,14.3,69.625,28.35833333333333,33.7,25.8,77.25,23.754166666666663,4.1,4.1,1005.1083333333332,15.079166666666666,22.7,62.875,54.0,5430.0,2025,7,4,192,0,No Holiday,0,0,1,0,0,0,-0.4999999999999997,-0.8660254037844388,-0.433883739117558,-0.9009688679024191,-0.16057454459499376,-0.9870237158387383,26.60833333333333,12.341666666666669,17.133333333333333,29.116666666666664,62.49166666666667,26.05892857142857,29.197619047619046,32.29902777777777,9.086268775352092,Good
2025-07-12,15.0125,27.5,16.0125,266.8333333333333,25.125,15.6375,59.958333333333336,27.425,31.2,25.3,84.5,24.48333333333333,4.1000000000000005,4.1000000000000005,1005.6541666666668,10.875,16.8,59.25,70.66666666666667,4542.0,2025,7,5,193,1,No Holiday,0,0,0,0,0,0,-0.4999999999999997,-0.8660254037844388,-0.9749279121818236,-0.2225209339563146,-0.17752914918703497,-0.984115542601034,17.925,26.60833333333333,12.341666666666669,30.041666666666668,31.0875,24.46011904761905,26.014285714285712,31.18125,9.436448573127636,Good
2025-07-13,36.15416666666667,74.5,36.9,561.375,49.69583333333333,27.7625,58.625,28.929166666666664,32.8,24.5,78.54166666666667,24.445833333333336,0.3,0.3,1003.2875,4.320833333333334,6.7,154.66666666666666,24.25,6650.0,2025,7,6,194,1,No Holiday,0,0,0,0,0,0,-0.4999999999999997,-0.8660254037844388,-0.7818314824680299,0.6234898018587334,-0.19443122004766195,-0.9809161537413774,15.0125,17.925,26.60833333333333,40.24583333333333,21.866666666666664,22.313095238095237,24.866071428571427,30.884027777777778,9.66191167432116,Moderate
2025-07-14,36.30833333333333,68.5,37.475,533.5,36.16666666666666,22.979166666666668,90.16666666666669,29.83333333333333,34.2,26.9,65.95833333333333,22.17083333333333,0.2,0.2,1000.3208333333332,7.479166666666667,12.5,237.04166666666663,43.79166666666666,6945.0,2025,7,0,195,0,No Holiday,0,0,1,0,0,0,-0.4999999999999997,-0.8660254037844388,0.0,1.0,-0.2112757555821793,-0.9774264960104055,36.15416666666667,15.0125,17.925,26.925,18.279166666666665,21.728571428571428,25.886607142857144,31.169166666666666,8.443100825776956,Moderate
2025-07-15,44.62916666666666,61.0,45.3125,640.0,38.454166666666666,29.016666666666666,123.375,29.370833333333334,33.2,25.0,72.25,23.77083333333333,2.4,2.4,997.7458333333334,8.045833333333333,12.5,202.5,66.70833333333333,5875.0,2025,7,1,196,0,No Holiday,0,0,1,0,0,0,-0.4999999999999997,-0.8660254037844388,0.7818314824680298,0.6234898018587336,-0.2280577712215198,-0.9736476020539838,36.30833333333333,36.15416666666667,15.0125,17.133333333333333,33.229166666666664,23.06904761904762,27.174404761904757,30.846527777777776,10.005866293549698,Moderate
2025-07-16,36.17083333333333,58.6,36.65416666666667,462.375,29.59583333333333,26.416666666666668,126.16666666666669,32.358333333333334,36.5,28.0,68.75,25.6,1.1,1.1,996.7291666666666,11.833333333333334,15.4,209.91666666666663,77.66666666666667,4466.0,2025,7,2,197,0,No Holiday,0,0,1,0,0,0,-0.4999999999999997,-0.8660254037844388,0.9749279121818236,-0.22252093395631434,-0.24477230089725957,-0.9695805901076308,44.62916666666666,36.30833333333333,36.15416666666667,12.341666666666669,32.670833333333334,26.997023809523814,27.988690476190477,31.283611111111107,12.398301041551335,Moderate
2025-07-17,40.083333333333336,48.3,42.54583333333333,435.9166666666667,32.09583333333333,26.77916666666667,123.41666666666669,29.46666666666667,33.0,27.2,81.04166666666667,25.6625,3.0,3.0,1000.175,8.025,13.3,144.91666666666666,60.875,5396.0,2025,7,3,198,0,No Holiday,0,0,1,0,0,0,-0.4999999999999997,-0.8660254037844388,0.43388373911755823,-0.900968867902419,-0.2614143985111562,-0.965226663665613,36.17083333333333,44.62916666666666,36.30833333333333,26.60833333333333,26.729166666666668,30.401190476190475,28.238690476190474,31.44611111111111,10.882463305971733,Moderate
2025-07-18,33.766666666666666,49.1,35.141666666666666,367.1666666666667,26.22083333333333,18.370833333333334,113.375,29.354166666666668,34.3,25.6,70.25,22.65833333333333,0.4,0.4,1002.05,9.625,16.5,48.125,17.708333333333332,6694.0,2025,7,4,199,0,No Holiday,0,0,1,0,0,0,-0.4999999999999997,-0.8660254037844388,-0.433883739117558,-0.9009688679024191,-0.2779791393987801,-0.9605871111248129,40.083333333333336,36.17083333333333,44.62916666666666,17.925,29.116666666666664,32.32619047619047,29.192559523809525,31.595000000000002,11.284109739178403,Good
2025-07-19,17.495833333333334,26.7,17.945833333333333,349.7083333333333,28.016666666666666,21.27083333333333,72.125,30.179166666666664,35.9,25.6,71.5,24.066666666666663,0.9,0.9,1001.7791666666668,11.420833333333334,16.1,103.375,37.41666666666666,6063.0,2025,7,5,200,1,No Holiday,0,0,0,0,0,0,-0.4999999999999997,-0.8660254037844388,-0.9749279121818236,-0.2225209339563146,-0.2944616217868012,-0.9556633054034704,33.766666666666666,40.083333333333336,36.17083333333333,15.0125,30.041666666666668,34.589285714285715,29.52470238095238,31.702083333333334,9.334669068959247,Good
2025-07-20,14.1625,24.5,15.483333333333334,214.91666666666663,20.758333333333333,20.3625,43.29166666666666,31.39583333333333,36.3,27.2,67.375,24.245833333333334,0.0,0.0,1003.1208333333334,18.2,22.1,127.83333333333331,14.166666666666666,6267.0,2025,7,6,201,1,No Holiday,0,0,0,0,0,0,-0.4999999999999997,-0.8660254037844388,-0.7818314824680299,0.6234898018587334,-0.3108569682435036,-0.9504567035349151,17.495833333333334,33.766666666666666,40.083333333333336,36.15416666666667,40.24583333333333,34.944047619047616,28.62857142857143,31.603888888888886,8.474184946994804,Good
2025-07-21,12.1875,18.0,13.408333333333331,192.08333333333331,20.979166666666668,20.42083333333333,54.125,31.1875,35.1,27.5,66.66666666666667,23.929166666666664,0.2,0.2,1004.8625,18.829166666666666,25.0,120.66666666666669,32.625,5338.0,2025,7,0,202,0,No Holiday,0,0,1,0,0,0,-0.4999999999999997,-0.8660254037844388,0.0,1.0,-0.3271603271220951,-0.9449688462364056,14.1625,17.495833333333334,33.766666666666666,36.30833333333333,26.925,31.80238095238095,26.76547619047619,31.47472222222222,11.490493971956887,Good
2025-07-22,11.583333333333334,20.3,12.3875,188.75,19.041666666666668,16.8875,45.66666666666666,28.725,32.5,26.6,78.45833333333333,24.525,10.6,10.6,1006.3958333333334,16.1875,24.2,126.08333333333331,57.79166666666666,3731.0,2025,7,1,203,0,No Holiday,0,0,1,0,0,0,-0.4999999999999997,-0.8660254037844388,0.7818314824680298,0.6234898018587336,-0.34336687399638804,-0.939201357453208,12.1875,14.1625,17.495833333333334,44.62916666666666,17.133333333333333,28.35654761904762,25.712797619047617,31.198888888888884,13.376050031719368,Good
2025-07-23,19.1375,36.6,20.466666666666665,222.33333333333331,26.941666666666663,26.729166666666668,41.29166666666666,31.2625,36.2,26.4,64.41666666666667,23.1875,0.0,0.0,1006.4208333333332,15.154166666666669,19.6,125.70833333333331,18.375,6769.0,2025,7,2,204,0,No Holiday,0,0,1,0,0,0,-0.4999999999999997,-0.8660254037844388,0.9749279121818236,-0.22252093395631434,-0.3594718130884232,-0.9331559438780432,11.583333333333334,12.1875,14.1625,36.17083333333333,12.341666666666669,23.63571428571429,25.316369047619048,30.63638888888889,12.476985493193332,Good
2025-07-24,23.791666666666668,36.6,24.741666666666664,353.5833333333333,34.65416666666667,35.0125,28.08333333333333,31.308333333333334,36.7,26.3,63.66666666666666,22.941666666666663,0.2,0.2,1004.975,13.766666666666666,16.5,115.04166666666669,31.25,6426.0,2025,7,3,205,0,No Holiday,0,0,1,0,0,0,-0.4999999999999997,-0.8660254037844388,0.43388373911755823,-0.900968867902419,-0.3754703786876202,-0.9268343944460494,19.1375,11.583333333333334,12.1875,40.083333333333336,26.60833333333333,21.202380952380953,25.801785714285717,29.576805555555552,11.222803767542437,Good
2025-07-25,13.554166666666667,25.0,14.754166666666668,208.91666666666663,27.45833333333333,21.425,46.04166666666666,30.9875,35.8,26.5,64.75,22.925,0.1,0.1,1003.0208333333334,14.841666666666669,21.0,83.33333333333333,27.83333333333333,6480.0,2025,7,4,206,0,No Holiday,0,0,1,0,0,0,-0.4999999999999997,-0.8660254037844388,-0.433883739117558,-0.9009688679024191,-0.3913578365610259,-0.9202385798054075,23.791666666666668,19.1375,11.583333333333334,33.766666666666666,17.925,18.875,25.600595238095234,28.85388888888889,7.831614025266055,Good
2025-07-26,8.1875,9.7,9.604166666666666,190.91666666666663,18.079166666666666,12.170833333333334,56.208333333333336,30.308333333333334,34.4,27.0,69.16666666666667,23.72083333333333,1.3,1.3,1001.0125,17.183333333333334,23.8,69.08333333333333,22.916666666666668,5672.0,2025,7,5,207,1,No Holiday,0,0,0,0,0,0,-0.4999999999999997,-0.8660254037844388,-0.9749279121818236,-0.2225209339563146,-0.4071294853542516,-0.9133704517637858,13.554166666666667,23.791666666666668,19.1375,17.495833333333334,15.0125,15.987499999999999,25.288392857142856,27.659583333333334,4.400587213552059,Good
2025-07-27,9.35,11.6,10.270833333333334,204.75,20.67083333333333,14.066666666666668,49.5,30.245833333333334,34.9,26.6,68.91666666666667,23.429166666666664,1.1,1.1,1000.5125,15.6625,21.5,66.16666666666667,20.041666666666668,5884.0,2025,7,6,208,1,No Holiday,0,0,0,0,0,0,-0.4999999999999997,-0.8660254037844388,-0.7818314824680299,0.6234898018587334,-0.4227806579826773,-0.9062320427107697,8.1875,13.554166666666667,23.791666666666668,14.1625,36.15416666666667,14.657738095238093,24.800892857142856,26.29722222222222,5.202212196693061,Good
2025-07-28,13.291666666666666,24.4,14.370833333333332,227.375,28.291666666666668,19.491666666666667,43.16666666666666,29.291666666666668,34.2,26.4,76.0,24.3875,2.4000000000000004,2.4000000000000004,998.5416666666666,13.175,17.3,72.83333333333333,45.0,5915.0,2025,7,0,209,0,No Holiday,0,0,1,0,0,0,-0.4999999999999997,-0.8660254037844388,0.0,1.0,-0.4383067230125192,-0.898825465016444,9.35,8.1875,13.554166666666667,12.1875,36.30833333333333,13.970238095238097,22.886309523809523,24.525833333333328,5.582656171919119,Good
2025-07-29,16.670833333333334,25.1,18.091666666666665,235.29166666666663,33.94583333333333,25.320833333333336,33.125,30.15833333333333,35.3,25.8,67.58333333333333,22.875,0.0,0.0,996.7708333333334,11.683333333333332,15.6,87.95833333333333,18.666666666666668,6736.0,2025,7,1,210,0,No Holiday,0,0,1,0,0,0,-0.4999999999999997,-0.8660254037844388,0.7818314824680298,0.6234898018587336,-0.45370308603134424,-0.8911529104063088,13.291666666666666,9.35,8.1875,11.583333333333334,44.62916666666666,14.127976190476192,21.242261904761907,23.93263888888889,5.539320573918708,Good
2025-07-30,12.175,16.6,12.775,197.04166666666663,25.991666666666664,16.070833333333333,33.041666666666664,26.429166666666664,28.8,23.4,84.04166666666667,23.4625,17.2,17.2,994.8041666666668,18.60833333333333,26.9,61.458333333333336,80.625,1919.0,2025,7,2,211,0,No Holiday,0,0,1,0,0,0,-0.4999999999999997,-0.8660254037844388,0.9749279121818236,-0.22252093395631434,-0.46896519100763184,-0.8832166493127127,16.670833333333334,13.291666666666666,9.35,19.1375,36.17083333333333,14.854761904761903,19.245238095238097,23.759444444444444,5.483274985216052,Good
2025-07-31,18.6875,41.4,18.791666666666668,353.9583333333333,43.53333333333333,26.433333333333334,25.0,25.241666666666664,26.4,23.9,95.08333333333331,24.379166666666663,40.8,40.8,990.9416666666666,23.0875,27.2,155.0,100.0,1061.0,2025,7,3,212,0,No Holiday,0,0,1,0,0,0,-0.4999999999999997,-0.8660254037844388,0.43388373911755823,-0.900968867902419,-0.48408852163897587,-0.8750190302029955,12.175,16.670833333333334,13.291666666666666,23.791666666666668,40.083333333333336,13.86011904761905,17.53125,23.555972222222223,5.201152192253977,Good
2025-08-01,18.941666666666663,38.6,18.991666666666667,397.4583333333333,28.195833333333336,16.783333333333335,61.75,26.641666666666666,30.2,25.0,88.625,24.508333333333336,9.6,9.6,995.4291666666668,13.470833333333331,16.9,137.58333333333334,90.875,3751.0,2025,8,4,213,0,No Holiday,0,0,1,0,0,0,-0.8660254037844385,-0.5000000000000004,-0.433883739117558,-0.9009688679024191,-0.4990686026885319,-0.8665624788845385,18.6875,12.175,16.670833333333334,13.554166666666667,33.766666666666666,13.130952380952381,16.00297619047619,23.07125,3.725096985705796,Good
2025-08-02,41.40833333333333,66.8,41.4625,747.0416666666666,48.03333333333333,29.445833333333336,84.04166666666667,27.02083333333333,30.6,24.0,87.91666666666667,24.77083333333333,25.5,25.5,996.0875,7.604166666666667,11.3,221.58333333333331,77.16666666666667,4010.0,2025,8,5,214,1,No Holiday,0,0,0,0,0,0,-0.8660254037844385,-0.5000000000000004,-0.9749279121818236,-0.2225209339563146,-0.5139010013093103,-0.8578494977869301,18.941666666666663,18.6875,12.175,8.1875,17.495833333333334,13.900595238095239,14.944047619047618,22.613611111111116,4.333915177665567,Moderate
2025-08-03,48.29583333333333,85.2,48.44166666666666,756.1666666666666,53.94166666666666,30.09583333333333,73.375,28.97083333333333,33.0,25.5,80.25,24.995833333333334,0.2,0.2,997.3375,7.3625,11.4,260.4583333333333,27.166666666666668,5926.0,2025,8,6,215,1,No Holiday,0,0,0,0,0,0,-0.8660254037844385,-0.5000000000000004,-0.7818314824680299,0.6234898018587334,-0.5285813283559292,-0.8488826652214553,41.40833333333333,18.941666666666663,18.6875,9.35,14.1625,18.646428571428572,16.652083333333334,23.102916666666665,10.638550843711565,Moderate
2025-08-04,59.26666666666667,106.2,59.583333333333336,658.7916666666666,58.9,32.6875,73.0,30.275,34.3,26.3,76.16666666666667,25.320833333333336,0.0,0.0,1000.2791666666668,6.066666666666666,10.4,104.625,16.375,6758.0,2025,8,0,216,0,No Holiday,0,0,1,0,0,0,-0.8660254037844385,-0.5000000000000004,0.0,1.0,-0.5431052396834317,-0.8396646346181327,48.29583333333333,41.40833333333333,18.941666666666663,13.291666666666666,12.1875,24.21011904761905,19.09017857142857,23.74222222222222,14.462904508160573,Moderate
2025-08-05,75.37083333333334,118.7,75.59166666666667,870.5,48.8,48.42916666666667,133.0,30.03333333333333,33.3,27.1,83.33333333333333,26.804166666666664,1.4,1.4,1000.925,7.295833333333333,10.1,118.04166666666669,44.458333333333336,6017.0,2025,8,1,217,0,No Holiday,0,0,1,0,0,0,-0.8660254037844385,-0.5000000000000004,0.7818314824680298,0.6234898018587336,-0.5574684374327892,-0.8301981337405212,59.26666666666667,48.29583333333333,41.40833333333333,16.670833333333334,11.583333333333334,30.77797619047619,22.45297619047619,24.71638888888889,18.542048328513552,Unhealthy for Sensitive Groups
2025-08-06,48.270833333333336,94.3,48.4375,625.5416666666666,36.10416666666666,27.725,116.54166666666669,30.625,33.6,27.9,80.29166666666667,26.7125,0.5,0.5,1001.4166666666666,9.304166666666667,14.8,205.66666666666663,87.625,5910.0,2025,8,2,218,0,No Holiday,0,0,1,0,0,0,-0.8660254037844385,-0.5000000000000004,0.9749279121818236,-0.22252093395631434,-0.5716666713027052,-0.8204859638785327,75.37083333333334,59.26666666666667,48.29583333333333,12.175,19.1375,39.163690476190474,27.00922619047619,25.887222222222224,23.664725286459532,Moderate
2025-08-07,34.05416666666667,49.9,34.25833333333333,582.8333333333334,38.52916666666667,25.77916666666667,94.83333333333331,30.29583333333333,33.0,28.0,74.79166666666667,25.14583333333333,0.6000000000000001,0.6000000000000001,1003.1,8.933333333333334,13.4,203.41666666666663,76.75,5650.0,2025,8,3,219,0,No Holiday,0,0,1,0,0,0,-0.8660254037844385,-0.5000000000000004,0.43388373911755823,-0.900968867902419,-0.5856957398073508,-0.8105309990194823,48.270833333333336,75.37083333333334,59.26666666666667,18.6875,23.791666666666668,44.320238095238096,29.090178571428574,26.59875,20.52858207179213,Good
2025-08-08,31.55,53.7,31.7,602.375,35.30416666666667,27.02083333333333,104.79166666666669,29.375,32.0,27.3,80.25,25.5375,4.4,4.4,1002.7,8.120833333333334,16.3,203.75,74.875,5203.0,2025,8,4,220,0,No Holiday,0,0,1,0,0,0,-0.8660254037844385,-0.5000000000000004,-0.433883739117558,-0.9009688679024191,-0.5995514915196489,-0.8003361849976323,34.05416666666667,48.270833333333336,75.37083333333334,18.941666666666663,13.554166666666667,46.51547619047619,29.823214285714283,27.162777777777777,17.99609938997799,Good
2025-08-09,28.14583333333333,40.5,28.379166666666663,525.9166666666666,34.083333333333336,26.89583333333333,91.0,29.9375,32.8,28.0,78.95833333333333,25.83333333333333,1.3,1.3,1000.95,10.141666666666667,13.9,221.875,100.0,3554.0,2025,8,5,221,1,No Holiday,0,0,0,0,0,0,-0.8660254037844385,-0.5000000000000004,-0.9749279121818236,-0.2225209339563146,-0.6132298262997502,-0.7899045386224707,31.55,34.05416666666667,48.270833333333336,41.40833333333333,8.1875,48.31666666666666,31.108630952380953,27.803055555555552,15.188252343810223,Good
2025-08-10,37.38333333333333,47.5,37.49166666666667,924.4166666666666,48.47916666666666,33.96666666666667,64.95833333333333,27.4625,30.5,26.2,90.83333333333331,25.7375,13.6,13.6,1001.75,6.383333333333333,13.6,265.5416666666667,96.20833333333331,2571.0,2025,8,6,222,1,No Holiday,0,0,0,0,0,0,-0.8660254037844385,-0.5000000000000004,-0.7818314824680299,0.6234898018587334,-0.6267266965083301,-0.7792391467859886,28.14583333333333,31.55,34.05416666666667,48.29583333333333,9.35,46.422023809523814,32.53422619047619,27.854305555555552,16.92191775272212,Moderate
2025-08-11,27.025,43.2,27.3125,1049.3333333333333,57.46666666666667,34.42916666666667,31.25,26.079166666666666,27.8,24.8,96.20833333333331,25.425,30.6,30.6,1001.9708333333332,5.254166666666666,7.8,162.70833333333334,96.08333333333331,1400.0,2025,8,0,223,0,No Holiday,0,0,1,0,0,0,-0.8660254037844385,-0.5000000000000004,0.0,1.0,-0.6400381082043503,-0.7683431655492202,37.38333333333333,28.14583333333333,31.55,59.26666666666667,13.291666666666666,44.86309523809524,34.53660714285714,28.502916666666668,17.220543729010114,Good
2025-08-12,31.7,73.3,31.925,788.3333333333334,65.28750000000001,42.395833333333336,38.458333333333336,26.6375,29.0,24.8,89.54166666666667,24.679166666666664,4.6,4.6,1004.8708333333334,5.220833333333333,9.4,163.45833333333334,99.5,2704.0,2025,8,1,224,0,No Holiday,0,0,1,0,0,0,-0.8660254037844385,-0.5000000000000004,0.7818314824680298,0.6234898018587336,-0.65316012232693,-0.7572198192083127,27.025,37.38333333333333,28.14583333333333,75.37083333333334,16.670833333333334,40.25714285714286,35.517559523809524,28.90333333333333,17.036793264445308,Good
2025-08-13,40.766666666666666,78.5,40.7875,789.875,61.3125,33.670833333333334,55.91666666666666,26.78333333333333,28.9,25.2,92.45833333333331,25.4125,22.7,22.7,1007.6166666666668,5.895833333333333,10.7,95.625,97.125,2408.0,2025,8,2,225,0,No Holiday,0,0,1,0,0,0,-0.8660254037844385,-0.5000000000000004,0.9749279121818236,-0.22252093395631434,-0.666088855860977,-0.7458723993404063,31.7,27.025,37.38333333333333,48.270833333333336,12.175,34.01845238095238,36.591071428571425,28.75486111111111,7.180048414745948,Moderate
2025-08-14,20.425,39.5,21.08333333333333,339.2916666666667,30.945833333333336,20.508333333333333,51.083333333333336,29.58333333333333,33.1,26.1,79.125,25.40416666666667,0.0,0.0,1009.0416666666666,12.829166666666666,16.9,119.70833333333331,14.75,6487.0,2025,8,3,226,0,No Holiday,0,0,1,0,0,0,-0.8660254037844385,-0.5000000000000004,0.43388373911755823,-0.900968867902419,-0.6788204829862355,-0.734304263829602,40.766666666666666,31.7,27.025,34.05416666666667,18.6875,32.94642857142857,38.63333333333333,28.90347222222222,4.893566513382674,Good
2025-08-15,16.970833333333335,27.5,17.458333333333332,303.4583333333333,23.541666666666668,17.379166666666666,64.5,30.320833333333336,34.2,26.7,75.41666666666667,25.370833333333334,0.0,0.0,1009.7041666666668,10.591666666666669,14.6,133.41666666666666,17.958333333333332,6630.0,2025,8,4,227,0,No Holiday,0,0,1,0,0,0,-0.8660254037844385,-0.5000000000000004,-0.433883739117558,-0.9009688679024191,-0.6913512362094071,-0.722518835873311,20.425,40.766666666666666,31.7,31.55,18.941666666666663,30.999404761904763,38.757440476190474,28.096666666666668,6.741720071109227,Good
2025-08-16,18.4,29.2,18.65,317.7916666666667,26.0625,17.7,69.08333333333333,30.52083333333333,35.0,26.8,73.625,24.954166666666666,0.0,0.0,1008.9166666666666,10.054166666666667,11.4,135.75,3.6666666666666665,6514.0,2025,8,5,228,1,No Holiday,0,0,0,0,0,0,-0.8660254037844385,-0.5000000000000004,-0.9749279121818236,-0.2225209339563146,-0.7036774074790128,-0.7105196029692745,16.970833333333335,20.425,40.766666666666666,28.14583333333333,41.40833333333333,28.916666666666664,38.61666666666667,27.456666666666667,8.552171386067304,Good
2025-08-17,23.695833333333336,33.3,23.78333333333333,327.2916666666667,29.6125,20.9625,72.20833333333333,30.92083333333333,35.5,26.9,70.58333333333333,24.6125,0.0,0.0,1009.4375,9.479166666666666,12.4,129.41666666666666,4.416666666666667,6489.0,2025,8,6,229,1,No Holiday,0,0,0,0,0,0,-0.8660254037844385,-0.5000000000000004,-0.7818314824680299,0.6234898018587334,-0.7157953492826642,-0.6983101158835584,18.4,16.970833333333335,20.425,37.38333333333333,48.29583333333333,27.524404761904766,36.973214285714285,26.733888888888888,9.44523825153759,Good
2025-08-18,22.079166666666666,43.7,22.3125,365.6666666666667,31.40416666666667,20.008333333333333,83.16666666666667,31.2625,36.2,26.6,68.41666666666667,24.27083333333333,0.0,0.0,1009.4125,9.229166666666666,12.8,135.625,4.958333333333333,6341.0,2025,8,0,230,0,No Holiday,0,0,1,0,0,0,-0.8660254037844385,-0.5000000000000004,0.0,1.0,-0.7277014757264236,-0.6858939875998223,23.695833333333336,18.4,16.970833333333335,27.025,59.26666666666667,25.56904761904762,35.216071428571425,26.398194444444446,8.425859891668244,Good
2025-08-19,25.620833333333334,51.5,25.775,398.2916666666667,33.25833333333333,22.204166666666666,106.875,32.362500000000004,37.0,27.4,61.458333333333336,23.454166666666666,0.1,0.1,1007.0291666666668,7.858333333333333,11.9,168.5,5.0,6280.0,2025,8,1,231,0,No Holiday,0,0,1,0,0,0,-0.8660254037844385,-0.5000000000000004,0.7818314824680298,0.6234898018587336,-0.7393922635959241,-0.673274892250183,22.079166666666666,23.695833333333336,18.4,31.7,75.37083333333334,24.8625,32.55982142857143,26.550972222222224,8.490540760599998,Good
2025-08-20,24.0125,40.4,24.10833333333333,441.0,29.09583333333333,18.45833333333333,104.54166666666669,32.725,37.4,28.6,59.66666666666666,23.325,0.0,0.0,1005.2166666666668,9.316666666666666,15.4,178.79166666666666,63.41666666666666,6165.0,2025,8,2,232,0,No Holiday,0,0,1,0,0,0,-0.8660254037844385,-0.5000000000000004,0.9749279121818236,-0.22252093395631434,-0.7508642533989489,-0.6604565640279754,25.620833333333334,22.079166666666666,23.695833333333336,40.766666666666666,48.270833333333336,23.994047619047617,29.00625,26.932916666666667,7.969524147996884,Good
2025-08-21,26.3875,45.1,26.479166666666668,458.7083333333333,32.25833333333333,21.9,112.125,32.2625,38.2,27.8,64.75,24.079166666666666,4.6,4.6,1006.0,7.2625,12.6,185.20833333333331,34.125,6134.0,2025,8,3,233,0,No Holiday,0,0,1,0,0,0,-0.8660254037844385,-0.5000000000000004,0.43388373911755823,-0.900968867902419,-0.7621140503891487,-0.6474427960827475,24.0125,25.620833333333334,22.079166666666666,20.425,34.05416666666667,21.60059523809524,27.273511904761904,27.327083333333334,3.1532835147836837,Good
2025-08-22,27.258333333333336,36.6,27.325,442.8333333333333,31.070833333333336,25.125,115.625,31.75,37.6,27.4,66.75,24.129166666666663,0.5,0.5,1005.9958333333334,7.8875,12.0,192.33333333333331,31.08333333333333,6151.0,2025,8,4,234,0,No Holiday,0,0,1,0,0,0,-0.8660254037844385,-0.5000000000000004,-0.433883739117558,-0.9009688679024191,-0.7731383255706026,-0.6342374393978054,26.3875,24.0125,25.620833333333334,16.970833333333335,31.55,22.452380952380953,26.725892857142856,27.820555555555554,3.561667265526165,Good
2025-08-23,27.60833333333333,45.1,27.7125,484.8333333333333,34.12083333333333,27.67083333333333,100.875,31.325,35.8,27.6,65.5,23.666666666666668,0.9,0.9,1006.7666666666668,8.720833333333333,13.8,202.16666666666663,19.33333333333333,6157.0,2025,8,5,235,1,No Holiday,0,0,0,0,0,0,-0.8660254037844385,-0.5000000000000004,-0.9749279121818236,-0.2225209339563146,-0.7839338166829201,-0.620844401650647,27.258333333333336,26.3875,24.0125,18.4,28.14583333333333,23.922023809523807,26.41934523809524,28.091250000000002,3.001213792150321,Good
2025-08-24,30.675,68.5,30.745833333333334,493.0416666666667,50.5,28.854166666666668,71.125,32.25833333333333,36.2,28.4,61.66666666666666,23.5875,0.7,0.7,1007.8208333333332,7.208333333333333,11.1,206.45833333333331,33.541666666666664,5833.0,2025,8,6,236,1,No Holiday,0,0,0,0,0,0,-0.8660254037844385,-0.5000000000000004,-0.7818314824680299,0.6234898018587334,-0.7944973291665992,-0.6072676460566135,27.60833333333333,27.258333333333336,26.3875,23.695833333333336,37.38333333333333,25.237500000000004,26.38095238095238,28.21847222222222,2.0423227403935056,Good
2025-08-25,42.17916666666667,68.0,42.29583333333333,559.375,50.10416666666666,36.60833333333333,92.875,31.491666666666664,36.8,26.5,65.75,23.83333333333333,2.5,2.5,1008.2125,5.054166666666666,10.7,198.125,74.125,5377.0,2025,8,0,237,0,No Holiday,0,0,1,0,0,0,-0.8660254037844385,-0.5000000000000004,0.0,1.0,-0.8048257371083452,-0.593511190196115,30.675,27.60833333333333,27.258333333333336,22.079166666666666,27.025,26.234523809523807,25.901785714285715,28.789166666666667,2.7464452132758965,Moderate
2025-08-26,47.00416666666666,57.6,47.15,764.7916666666666,42.02916666666667,36.94583333333333,112.45833333333331,29.4,33.5,25.9,77.41666666666667,24.75,0.4,0.4,1008.9458333333332,3.733333333333333,7.8,160.29166666666666,65.625,5701.0,2025,8,1,238,0,No Holiday,0,0,1,0,0,0,-0.8660254037844385,-0.5000000000000004,0.7818314824680298,0.6234898018587336,-0.8149159841660791,-0.5795791048257612,42.17916666666667,30.675,27.60833333333333,25.620833333333334,31.7,29.10595238095238,26.984226190476193,29.92222222222222,6.117007662092374,Moderate
2025-08-27,51.52916666666667,73.1,51.71666666666667,544.0,48.9625,35.44166666666667,88.5,31.03333333333333,35.3,27.5,72.70833333333333,25.116666666666664,0.4,0.4,1007.3791666666666,5.783333333333334,8.5,116.125,43.708333333333336,5933.0,2025,8,2,239,0,No Holiday,0,0,1,0,0,0,-0.8660254037844385,-0.5000000000000004,0.9749279121818236,-0.22252093395631434,-0.8247650844733614,-0.5654755126737576,47.00416666666666,42.17916666666667,30.675,24.0125,40.766666666666666,32.160714285714285,28.077380952380956,31.177361111111114,8.82596287670977,Moderate
2025-08-28,27.0375,47.8,27.15416666666667,400.75,37.15,20.429166666666667,89.625,32.300000000000004,36.8,27.7,61.125,23.1375,0.8,0.8,1007.2625,6.775,11.0,164.58333333333334,14.75,6079.0,2025,8,3,240,0,No Holiday,0,0,1,0,0,0,-0.8660254037844385,-0.5000000000000004,0.43388373911755823,-0.900968867902419,-0.8343701235229538,-0.5512045872199277,51.52916666666667,47.00416666666666,42.17916666666667,26.3875,20.425,36.09166666666666,28.846130952380953,32.45194444444444,10.551165571035611,Good
2025-08-29,22.3,37.4,22.504166666666663,385.3333333333333,34.68333333333333,22.933333333333334,79.75,32.92916666666667,38.3,28.0,57.125,22.5375,0.0,0.0,1009.1125,7.183333333333334,11.2,113.75,12.458333333333334,6078.0,2025,8,4,241,0,No Holiday,0,0,1,0,0,0,-0.8660254037844385,-0.5000000000000004,-0.433883739117558,-0.9009688679024191,-0.8437282590292712,-0.5367705514607103,27.0375,51.52916666666667,47.00416666666666,27.258333333333336,16.970833333333335,36.18452380952381,29.318452380952383,32.7975,10.453941008338429,Good
2025-08-30,33.1,71.2,33.4625,670.625,42.333333333333336,33.9,75.58333333333333,30.604166666666668,34.7,26.0,71.25,24.42083333333333,17.6,17.6,1009.0375,4.970833333333333,8.9,193.95833333333331,70.75,5098.0,2025,8,5,242,1,No Holiday,0,0,0,0,0,0,-0.8660254037844385,-0.5000000000000004,-0.9749279121818236,-0.2225209339563146,-0.8528367217694595,-0.522177676659508,22.3,27.0375,51.52916666666667,27.60833333333333,18.4,35.476190476190474,29.69910714285714,33.135,11.293805587261412,Good
2025-08-31,44.8375,69.6,44.87916666666666,693.5416666666666,47.72083333333333,40.975,80.66666666666667,27.73333333333333,31.0,25.8,82.41666666666667,24.225,4.4,4.4,1006.95,6.3875,12.2,241.0,91.95833333333331,3792.0,2025,8,6,243,1,No Holiday,0,0,0,0,0,0,-0.8660254037844385,-0.5000000000000004,-0.7818314824680299,0.6234898018587334,-0.8616928164028522,-0.5074302810827518,33.1,22.3,27.0375,30.675,23.695833333333336,36.260714285714286,30.749107142857145,33.61541666666667,10.837704475286754,Moderate
2025-09-01,42.62083333333333,75.2,42.7625,1149.2916666666667,56.78333333333333,38.641666666666666,61.375,26.329166666666666,30.5,24.4,87.5,23.9875,27.6,27.6,1006.2125,4.945833333333334,9.0,221.0,77.5,3632.0,2025,9,0,244,0,No Holiday,0,0,1,1,0,0,-1.0,-1.8369701987210297e-16,0.0,1.0,-0.8702939222685674,-0.49253272872205434,44.8375,33.1,22.3,42.17916666666667,22.079166666666666,38.283928571428575,32.25922619047619,34.478611111111114,10.942594958445754,Moderate
2025-09-02,41.516666666666666,56.3,41.645833333333336,626.75,49.34583333333333,28.008333333333336,64.875,26.070833333333336,30.5,24.4,87.33333333333333,23.691666666666663,7.6,7.6,1006.6666666666666,5.454166666666667,12.1,104.04166666666669,70.41666666666667,4356.0,2025,9,1,245,0,No Holiday,0,0,1,1,0,0,-1.0,-1.8369701987210297e-16,0.7818314824680298,0.6234898018587336,-0.8786374941610001,-0.4774894280028391,42.62083333333333,44.8375,33.1,47.00416666666666,25.620833333333334,38.34702380952381,33.72648809523809,34.51902777777777,10.970037242259485,Moderate
2025-09-03,53.9,81.3,54.0,783.8333333333334,56.49583333333334,34.75416666666667,101.54166666666669,27.504166666666663,31.5,23.7,82.375,23.991666666666664,0.3,0.3,1006.3833333333332,3.420833333333333,7.2,126.58333333333331,83.70833333333333,5689.0,2025,9,2,246,0,No Holiday,0,0,1,1,0,0,-1.0,-1.8369701987210297e-16,0.9749279121818236,-0.22252093395631434,-0.886721063082993,-0.46230483047981086,41.516666666666666,42.62083333333333,44.8375,51.52916666666667,24.0125,37.56309523809524,34.86190476190476,34.29305555555555,10.43111537609557,Moderate
2025-09-04,67.90833333333333,98.5,68.02916666666667,686.5833333333334,49.645833333333336,44.77916666666667,107.66666666666669,28.39583333333333,32.4,25.4,81.95833333333333,24.8375,0.7,0.7,1006.3208333333332,5.333333333333333,14.1,35.541666666666664,51.75,5358.0,2025,9,3,247,0,No Holiday,0,0,1,1,0,0,-1.0,-1.8369701987210297e-16,0.43388373911755823,-0.900968867902419,-0.8945422369764496,-0.4469834295196741,53.9,41.516666666666666,42.62083333333333,27.0375,26.3875,37.901785714285715,36.99672619047619,34.11416666666666,10.983998477462997,Moderate
2025-09-05,61.125,82.0,61.34166666666667,774.5416666666666,47.57083333333333,44.67916666666667,95.70833333333331,30.141666666666666,34.2,26.4,74.54166666666667,24.866666666666664,0.0,0.0,1006.5708333333332,5.0,8.4,121.83333333333331,23.70833333333333,5738.0,2025,9,4,248,0,No Holiday,0,0,1,1,0,0,-1.0,-1.8369701987210297e-16,-0.433883739117558,-0.9009688679024191,-0.9020987014301837,-0.43152975897147144,67.90833333333333,53.9,41.516666666666666,22.3,27.258333333333336,43.740476190476194,39.9625,33.86541666666667,14.535114871193182,Moderate
2025-09-06,60.7375,94.8,60.82916666666667,698.625,58.275,39.67916666666667,84.58333333333333,29.141666666666666,33.3,26.1,82.33333333333333,25.683333333333334,3.8,3.8,1007.4875,4.8625,8.5,280.0416666666667,40.375,5117.0,2025,9,5,249,1,No Holiday,0,0,0,1,0,0,-1.0,-1.8369701987210297e-16,-0.9749279121818236,-0.2225209339563146,-0.9093882203647925,-0.4159483918249421,61.125,67.90833333333333,53.9,33.1,27.60833333333333,49.28690476190476,42.38154761904762,34.29388888888889,12.2120496876138,Moderate
2025-09-07,64.53333333333333,89.4,64.64166666666667,841.25,57.47916666666666,40.8,96.375,28.016666666666666,31.8,25.4,83.54166666666667,24.7875,3.7,3.7,1007.5166666666668,4.308333333333334,14.2,227.70833333333331,85.875,4995.0,2025,9,6,250,1,No Holiday,0,0,0,1,0,0,-1.0,-1.8369701987210297e-16,-0.7818314824680299,0.6234898018587334,-0.9164086366943458,-0.4002439388573056,60.7375,61.125,67.90833333333333,44.8375,30.675,53.235119047619044,44.74791666666666,35.18333333333333,10.446581726819948,Moderate
2025-09-08,57.04166666666666,88.2,57.13333333333333,542.9583333333334,42.07083333333333,32.825,92.375,27.179166666666664,31.6,24.4,86.04166666666667,24.5375,4.2,4.2,1007.5625,7.404166666666666,13.5,74.375,70.58333333333333,4464.0,2025,9,0,251,0,No Holiday,0,0,1,1,0,0,-1.0,-1.8369701987210297e-16,0.0,1.0,-0.9231578729647039,-0.38442104726885545,64.53333333333333,60.7375,61.125,42.62083333333333,42.17916666666667,56.04880952380952,47.16636904761905,36.28277777777778,10.46022689649637,Moderate
2025-09-09,22.9875,34.1,24.629166666666663,380.5833333333333,36.87083333333333,19.52083333333333,61.125,24.758333333333336,27.5,23.6,86.83333333333333,22.325,10.9,10.9,1009.8625,9.904166666666669,15.5,57.0,83.20833333333333,2817.0,2025,9,1,252,0,No Holiday,0,0,1,1,0,0,-1.0,-1.8369701987210297e-16,0.7818314824680298,0.6234898018587336,-0.9296339319682695,-0.3684843993077793,57.04166666666666,64.53333333333333,60.7375,41.516666666666666,47.00416666666666,58.10892857142857,48.22797619047619,37.24597222222222,8.635823331320733,Good
2025-09-10,28.7,35.7,30.09166666666667,385.125,42.07083333333333,21.554166666666664,58.79166666666666,25.48333333333333,29.0,22.6,80.58333333333333,21.77916666666667,0.7,0.7,1010.9583333333334,9.291666666666666,12.5,79.20833333333333,62.54166666666666,3802.0,2025,9,2,253,0,No Holiday,0,0,1,1,0,0,-1.0,-1.8369701987210297e-16,0.9749279121818236,-0.22252093395631434,-0.9358348973349941,-0.35243871088460327,22.9875,57.04166666666666,64.53333333333333,53.9,51.52916666666667,55.46190476190476,46.512499999999996,36.76611111111111,15.03678330020059,Good
2025-09-11,25.25,37.6,26.620833333333334,424.3333333333333,49.50416666666666,29.98333333333333,53.708333333333336,25.754166666666663,29.1,23.0,79.54166666666667,21.7875,15.2,15.2,1010.1458333333334,11.670833333333334,14.2,101.04166666666669,87.0,4287.0,2025,9,3,254,0,No Holiday,0,0,1,1,0,0,-1.0,-1.8369701987210297e-16,0.43388373911755823,-0.900968867902419,-0.9417589340994617,-0.33628873017668287,28.7,22.9875,57.04166666666666,67.90833333333333,27.0375,51.86190476190477,44.88184523809524,36.82194444444444,18.164384162893935,Good
2025-09-12,41.270833333333336,68.5,41.4875,830.125,49.525,33.18333333333333,69.33333333333333,26.266666666666666,31.0,23.9,84.95833333333333,23.45,31.7,31.7,1007.0708333333332,9.670833333333333,13.3,195.54166666666663,99.16666666666669,3594.0,2025,9,4,255,0,No Holiday,0,0,1,1,0,0,-1.0,-1.8369701987210297e-16,-0.433883739117558,-0.9009688679024191,-0.9474042892438845,-0.32003923622313857,25.25,28.7,22.9875,61.125,22.3,45.767857142857146,44.75416666666667,36.60694444444445,19.01934454960418,Moderate
2025-09-13,44.17083333333333,93.6,44.24583333333334,637.5833333333334,51.333333333333336,38.05,34.958333333333336,24.60833333333333,27.4,22.2,84.875,21.8,0.8999999999999999,0.8999999999999999,1008.8583333333332,5.866666666666667,10.5,274.5,77.04166666666667,2915.0,2025,9,5,256,1,No Holiday,0,0,0,1,0,0,-1.0,-1.8369701987210297e-16,-0.9749279121818236,-0.2225209339563146,-0.9527692922168511,-0.30369503751065885,41.270833333333336,25.25,28.7,60.7375,33.1,42.93154761904761,46.109226190476186,36.623749999999994,17.788018565803007,Moderate
2025-09-14,58.46666666666667,99.2,58.66666666666666,1199.7083333333333,64.53750000000001,47.69583333333333,33.375,25.866666666666664,29.4,23.5,88.04166666666667,23.604166666666668,19.3,19.3,1009.6083333333332,3.5083333333333333,7.3,143.58333333333334,96.375,3925.0,2025,9,6,257,1,No Holiday,0,0,0,1,0,0,-1.0,-1.8369701987210297e-16,-0.7818314824680299,0.6234898018587334,-0.9578523554276669,-0.28726097055059635,44.17083333333333,41.270833333333336,25.25,64.53333333333333,44.8375,40.56488095238095,46.89999999999999,37.415277777777774,16.04035399700408,Moderate
2025-09-15,43.7625,65.7,43.79166666666666,676.1666666666666,50.35416666666666,27.816666666666663,73.70833333333333,28.0125,32.8,23.7,83.66666666666667,24.71666666666667,0.0,0.0,1010.8458333333332,5.670833333333333,9.9,132.66666666666666,36.875,5515.0,2025,9,0,258,0,No Holiday,0,0,1,1,0,0,-1.0,-1.8369701987210297e-16,0.0,1.0,-0.9626519747161487,-0.2707418984477642,58.46666666666667,44.17083333333333,41.270833333333336,57.04166666666666,42.62083333333333,39.698214285714286,47.873511904761905,38.79847222222222,14.631513834526679,Moderate
2025-09-16,43.70416666666667,63.3,43.72916666666666,800.6666666666666,45.70416666666667,29.175,102.5,29.641666666666666,34.5,26.1,77.08333333333333,24.933333333333334,1.0,1.0,1009.2875,6.275,9.2,182.95833333333331,28.625,5291.0,2025,9,1,259,0,No Holiday,0,0,1,1,0,0,-1.0,-1.8369701987210297e-16,0.7818314824680298,0.6234898018587336,-0.9671667297977312,-0.2541427094613622,43.7625,58.46666666666667,44.17083333333333,22.9875,41.516666666666666,37.80119047619048,47.95505952380953,39.643888888888895,12.747675376837396,Moderate
2025-09-17,41.875,58.4,42.204166666666666,520.9583333333334,45.675,32.550000000000004,65.375,27.025,30.2,23.1,84.58333333333333,24.133333333333336,6.6000000000000005,6.6000000000000005,1010.4666666666668,9.05,16.2,213.58333333333331,84.20833333333333,4095.0,2025,9,2,260,0,No Holiday,0,0,1,1,0,0,-1.0,-1.8369701987210297e-16,0.9749279121818236,-0.22252093395631434,-0.97139528468375,-0.23746831555846842,43.70416666666667,43.7625,58.46666666666667,28.7,53.9,40.760714285714286,48.11130952380953,40.310833333333335,11.023517279029258,Moderate
2025-09-18,18.870833333333334,31.8,20.495833333333334,380.375,27.058333333333334,17.579166666666666,57.375,22.979166666666668,25.7,21.0,80.16666666666667,19.266666666666666,3.8,3.8,1015.275,14.425,17.1,44.41666666666666,78.0,2683.0,2025,9,3,261,0,No Holiday,0,0,1,1,0,0,-1.0,-1.8369701987210297e-16,0.43388373911755823,-0.900968867902419,-0.9753363880767837,-0.2207236509605022,41.875,43.70416666666667,43.7625,25.25,67.90833333333333,42.642857142857146,47.25238095238096,40.97069444444445,9.661704220226962,Good
2025-09-19,22.67083333333333,40.0,24.28333333333333,482.0833333333333,38.2875,26.329166666666666,48.16666666666666,24.84166666666667,31.0,20.1,78.625,20.75,1.3,1.3,1011.4875,10.858333333333334,15.3,185.54166666666663,84.66666666666667,4326.0,2025,9,4,262,0,No Holiday,0,0,1,1,0,0,-1.0,-1.8369701987210297e-16,-0.433883739117558,-0.9009688679024191,-0.9789888737409319,-0.20391367068311472,18.870833333333334,41.875,43.70416666666667,41.270833333333336,61.125,41.73154761904762,43.74970238095238,40.74569444444444,11.668157607396997,Good
2025-09-20,20.67083333333333,47.4,20.8875,346.7083333333333,32.4125,22.0875,52.125,20.666666666666668,23.0,18.5,77.70833333333333,16.504166666666666,0.0,0.0,1013.6541666666668,10.2375,13.4,168.79166666666666,98.625,3294.0,2025,9,5,263,1,No Holiday,0,0,0,1,0,0,-1.0,-1.8369701987210297e-16,-0.9749279121818236,-0.2225209339563146,-0.9823516608469237,-0.18704334906991657,22.67083333333333,18.870833333333334,41.875,44.17083333333333,60.7375,39.074404761904766,41.00297619047619,40.70097222222221,13.726805442831289,Good
2025-09-21,29.48333333333333,39.9,31.03333333333333,392.75,36.52916666666667,21.10833333333333,68.16666666666667,22.679166666666664,25.9,20.1,70.875,16.979166666666668,0.0,0.0,1015.0375,11.145833333333334,13.6,52.583333333333336,98.0,2947.0,2025,9,6,264,1,No Holiday,0,0,0,1,0,0,-1.0,-1.8369701987210297e-16,-0.7818314824680299,0.6234898018587334,-0.9854237542919524,-0.17011767832049052,20.67083333333333,22.67083333333333,18.870833333333334,58.46666666666667,64.53333333333333,35.717261904761905,38.14107142857143,40.510416666666664,15.079655864729695,Good
2025-09-22,20.14583333333333,32.0,21.90416666666667,371.875,37.125,17.829166666666666,56.708333333333336,24.15833333333333,27.6,20.4,72.75,18.8125,0.0,0.0,1014.1208333333334,9.920833333333333,12.6,62.25,48.333333333333336,3419.0,2025,9,0,265,0,No Holiday,0,0,1,1,0,0,-1.0,-1.8369701987210297e-16,0.0,1.0,-0.9882042449941422,-0.15314166701312007,29.48333333333333,20.67083333333333,22.67083333333333,43.7625,57.04166666666666,31.576785714285716,35.637499999999996,40.58458333333333,11.296738266843969,Good
2025-09-23,29.741666666666664,51.1,31.35,400.2916666666667,52.395833333333336,31.67083333333333,34.875,25.566666666666663,30.2,22.2,83.33333333333333,22.27083333333333,19.4,19.4,1011.5625,8.795833333333333,12.3,76.79166666666667,59.875,3902.0,2025,9,1,266,0,No Holiday,0,0,1,1,0,0,-1.0,-1.8369701987210297e-16,0.7818314824680298,0.6234898018587336,-0.9906923101615609,-0.13612033862266704,20.14583333333333,29.48333333333333,20.67083333333333,43.70416666666667,22.9875,28.20297619047619,33.00208333333334,40.33583333333333,10.552998606868172,Good
2025-09-24,19.675,43.3,19.7625,411.7083333333333,52.333333333333336,24.9625,13.958333333333334,22.8625,24.1,22.1,96.20833333333331,22.2375,84.7,84.7,1010.3333333333334,10.716666666666669,14.6,127.91666666666669,100.0,1024.0,2025,9,2,267,0,No Holiday,0,0,1,1,0,0,-1.0,-1.8369701987210297e-16,0.9749279121818236,-0.22252093395631434,-0.9928872135356962,-0.11905873003404988,29.741666666666664,20.14583333333333,29.48333333333333,41.875,28.7,26.208333333333332,33.48452380952381,40.304722222222225,8.189679876618044,Good
2025-09-25,15.175,21.5,15.679166666666667,356.5,43.3625,21.5125,20.875,22.85,24.5,21.5,94.83333333333331,21.975,22.3,22.3,1014.5041666666666,11.133333333333333,13.8,33.125,98.91666666666669,1297.0,2025,9,3,268,0,No Holiday,0,0,1,1,0,0,-1.0,-1.8369701987210297e-16,0.43388373911755823,-0.900968867902419,-0.994788305609327,-0.10196189005174576,19.675,29.741666666666664,20.14583333333333,18.870833333333334,25.25,23.03690476190476,32.83988095238095,39.55458333333333,4.641469318423212,Good
2025-09-26,19.0,23.4,19.516666666666666,362.125,43.4875,25.704166666666666,20.375,24.14583333333333,27.0,22.1,92.29166666666669,22.7625,12.8,12.8,1016.8916666666668,9.3875,11.7,32.625,83.54166666666667,2538.0,2025,9,4,269,0,No Holiday,0,0,1,1,0,0,-1.0,-1.8369701987210297e-16,-0.433883739117558,-0.9009688679024191,-0.9963950238187231,-0.08483487790576538,15.175,19.675,29.741666666666664,22.67083333333333,41.270833333333336,22.508928571428566,32.12023809523809,38.49361111111111,5.350412880275661,Good
2025-09-27,34.458333333333336,56.0,35.27916666666667,475.2916666666667,47.70416666666667,33.95,28.875,24.679166666666664,28.6,22.0,89.25,22.691666666666663,0.2,0.2,1015.2041666666668,6.375,9.6,87.125,66.20833333333333,2836.0,2025,9,5,270,1,No Holiday,0,0,0,1,0,0,-1.0,-1.8369701987210297e-16,-0.9749279121818236,-0.2225209339563146,-0.9977068927101168,-0.06768276175455162,19.0,15.175,19.675,20.67083333333333,44.17083333333333,21.984523809523807,30.529464285714283,37.40930555555555,5.509429371901418,Good
2025-09-28,38.833333333333336,71.9,38.94166666666667,629.5,41.91666666666666,31.616666666666664,37.79166666666666,25.379166666666663,28.4,22.6,85.75,22.71666666666667,1.2,1.2,1012.5666666666666,6.479166666666667,13.4,246.41666666666663,57.75,4669.0,2025,9,6,271,1,No Holiday,0,0,0,1,0,0,-1.0,-1.8369701987210297e-16,-0.7818314824680299,0.6234898018587334,-0.9987235240803972,-0.050510617185222886,34.458333333333336,19.0,15.175,29.48333333333333,58.46666666666667,23.95416666666667,29.83571428571429,37.656666666666666,7.174451924479537,Moderate
2025-09-29,42.35416666666666,58.4,43.05833333333334,493.75,51.10416666666666,34.49166666666667,34.458333333333336,22.825,24.4,21.6,84.41666666666667,20.0,0.2,0.2,1014.0791666666668,6.8125,9.7,36.5,71.75,2043.0,2025,9,0,272,0,No Holiday,0,0,1,1,0,0,-1.0,-1.8369701987210297e-16,0.0,1.0,-0.9994446170919858,-0.033323525711631344,38.833333333333336,34.458333333333336,19.0,20.14583333333333,43.7625,25.28988095238095,28.433333333333334,38.20777777777778,9.010785672322971,Moderate
2025-09-30,68.3,161.6,70.175,1011.1666666666666,60.9,40.208333333333336,21.166666666666668,22.754166666666663,25.5,21.0,85.75,20.166666666666668,14.6,14.6,1012.2125,4.454166666666667,8.3,155.16666666666666,76.83333333333333,2856.0,2025,9,1,273,0,No Holiday,0,1,1,1,1,0,-1.0,-1.8369701987210297e-16,0.7818314824680298,0.6234898018587336,-0.9998699583618592,-0.016126573270657762,42.35416666666666,38.833333333333336,34.458333333333336,29.741666666666664,43.70416666666667,28.462500000000002,28.332738095238092,38.51625,10.657044542443758,Moderate
2025-10-01,89.625,163.9,92.52083333333331,978.9166666666666,62.09583333333333,47.20416666666667,30.70833333333333,23.60833333333333,27.8,20.0,77.04166666666667,19.075,0.3,0.3,1012.3833333333332,5.9125000000000005,11.9,108.66666666666669,70.29166666666667,4293.0,2025,10,2,274,0,National Day and Mid-Autumn,1,1,0,1,1,0,-0.8660254037844386,0.5000000000000001,0.9749279121818236,-0.22252093395631434,-0.9999994220246925,0.001075151282798226,68.3,42.35416666666666,38.833333333333336,19.675,41.875,33.97083333333333,30.089583333333334,39.29833333333333,18.504204821197114,Unhealthy for Sensitive Groups
2025-10-02,45.84166666666667,73.1,46.083333333333336,937.7083333333334,61.083333333333336,38.575,47.083333333333336,25.429166666666664,29.9,23.2,86.5,22.9625,8.1,8.1,1009.2958333333332,10.2875,16.2,206.29166666666663,84.45833333333333,2233.0,2025,10,3,275,0,National Day and Mid-Autumn,1,1,0,1,1,0,-0.8660254037844386,0.5000000000000001,0.43388373911755823,-0.900968867902419,-0.999832969770105,0.018276557681691223,89.625,68.3,42.35416666666666,15.175,18.870833333333334,43.96369047619048,33.50029761904762,40.865138888888886,26.60967441837864,Moderate
2025-10-03,26.95833333333333,50.4,27.15,534.5833333333334,42.575,32.87083333333333,44.458333333333336,22.35,25.6,20.2,86.04166666666667,19.8375,2.8,2.8,1012.4166666666666,7.45,10.9,291.4166666666667,79.20833333333333,3514.0,2025,10,4,276,0,National Day and Mid-Autumn,1,1,0,1,1,0,-0.8660254037844386,0.5000000000000001,-0.433883739117558,-0.9009688679024191,-0.9993706508539969,0.03547255575312556,45.84166666666667,89.625,68.3,19.0,22.67083333333333,48.34464285714286,35.426785714285714,41.00930555555556,23.412381072136355,Good
2025-10-04,43.34583333333333,75.0,43.583333333333336,653.0,56.395833333333336,33.791666666666664,32.333333333333336,24.245833333333334,27.5,21.0,85.16666666666667,21.4625,0.0,0.0,1013.85,4.775,6.6,93.625,56.208333333333336,3312.0,2025,10,5,277,1,National Day and Mid-Autumn,1,1,0,1,1,0,-0.8660254037844386,0.5000000000000001,-0.9749279121818236,-0.2225209339563146,-0.9986126020839734,0.052658056924614005,26.95833333333333,45.84166666666667,89.625,34.458333333333336,20.67083333333333,49.48154761904762,35.73303571428571,40.11125,21.893894995230212,Moderate
2025-10-05,70.15416666666667,104.3,70.375,975.7916666666666,74.45833333333333,48.5,43.208333333333336,26.4875,31.2,22.5,84.54166666666667,23.45833333333333,0.0,0.0,1011.9958333333334,3.954166666666667,6.5,134.41666666666666,27.33333333333333,3884.0,2025,10,6,278,1,National Day and Mid-Autumn,1,1,0,1,1,0,-0.8660254037844386,0.5000000000000001,-0.7818314824680299,0.6234898018587334,-0.9975590477788613,0.06982797572987089,43.34583333333333,26.95833333333333,45.84166666666667,38.833333333333336,29.48333333333333,50.75119047619047,37.35267857142857,39.2925,21.121560468715256,Moderate
2025-10-06,57.03333333333333,83.1,57.0875,865.7083333333334,54.75416666666666,41.8625,60.79166666666666,27.97083333333333,32.8,25.4,82.95833333333333,24.625,0.5,0.5,1012.1458333333334,7.479166666666667,11.8,165.54166666666666,11.291666666666666,4473.0,2025,10,0,279,0,National Day and Mid-Autumn,1,1,0,1,1,0,-0.8660254037844386,0.5000000000000001,0.0,1.0,-0.9962102997023297,0.0869772313136861,70.15416666666667,43.34583333333333,26.95833333333333,42.35416666666666,20.14583333333333,55.22559523809524,40.257738095238096,39.59347222222222,21.49038537020183,Moderate
2025-10-07,60.43333333333334,73.8,60.59583333333333,624.7916666666666,42.7625,31.39583333333333,58.25,26.0,28.8,23.9,84.95833333333333,23.1875,0.0,0.0,1016.025,7.904166666666666,9.8,39.083333333333336,74.91666666666667,3397.0,2025,10,1,280,0,National Day and Mid-Autumn,1,1,0,1,1,0,-0.8660254037844386,0.5000000000000001,0.7818314824680298,0.6234898018587336,-0.9945667569706337,0.1041007489354256,57.03333333333333,70.15416666666667,43.34583333333333,68.3,29.741666666666664,57.32261904761905,42.89255952380952,39.47,20.727725641864033,Moderate
2025-10-08,36.06666666666667,43.9,36.47916666666666,501.4166666666667,41.13333333333333,23.245833333333334,45.79166666666666,25.27916666666667,28.5,22.9,80.83333333333333,21.60833333333333,0.0,0.0,1015.7458333333334,9.433333333333334,12.2,81.16666666666667,39.0,3854.0,2025,10,2,281,0,National Day and Mid-Autumn,1,1,0,1,1,0,-0.8660254037844386,0.5000000000000001,0.9749279121818236,-0.22252093395631434,-0.9926289059345095,0.121193461470736,60.43333333333334,57.03333333333333,70.15416666666667,89.625,19.675,56.19880952380952,45.08482142857143,39.333333333333336,20.24090197915821,Moderate
2025-10-09,27.90416666666667,40.9,28.6375,447.7083333333333,52.275,42.47916666666666,34.166666666666664,24.541666666666668,28.9,21.1,80.25,20.745833333333334,0.0,0.0,1014.0375,10.041666666666666,11.0,108.625,2.458333333333333,4747.0,2025,10,3,282,0,No Holiday,0,1,1,1,1,0,-0.8660254037844386,0.5000000000000001,0.43388373911755823,-0.900968867902419,-0.9903973200352558,0.1382503109109819,36.06666666666667,60.43333333333334,57.03333333333333,45.84166666666667,15.175,48.547619047619044,46.25565476190476,38.634166666666665,14.92410038566567,Good
2025-10-10,40.208333333333336,53.6,40.7625,580.4166666666666,56.145833333333336,35.362500000000004,57.708333333333336,25.891666666666666,30.5,22.1,82.0,22.45833333333333,0.0,0.0,1012.1875,5.804166666666667,10.2,95.875,9.333333333333334,4714.0,2025,10,4,283,0,No Holiday,0,0,1,1,0,0,-0.8660254037844386,0.5000000000000001,-0.433883739117558,-0.9009688679024191,-0.9878726596350429,0.15526624985999563,27.90416666666667,36.06666666666667,60.43333333333334,26.95833333333333,19.0,45.98511904761905,47.16488095238095,38.79805555555556,16.878179888518915,Moderate
2025-10-11,61.24583333333334,90.3,62.67083333333334,772.2916666666666,62.74583333333334,51.65,52.91666666666666,24.429166666666664,28.0,21.8,86.54166666666667,21.945833333333336,0.2,0.2,1011.575,6.270833333333333,11.6,244.83333333333331,50.16666666666666,3229.0,2025,10,5,284,1,No Holiday,0,0,0,1,0,0,-0.8660254037844386,0.5000000000000001,-0.9749279121818236,-0.2225209339563146,-0.9850556718215013,0.172236243027682,40.208333333333336,27.90416666666667,36.06666666666667,43.34583333333333,34.458333333333336,47.87797619047619,48.679761904761904,39.18166666666666,15.030580270035017,Moderate
2025-10-12,69.71249999999999,115.9,69.93333333333334,748.875,56.19583333333333,44.9,27.08333333333333,23.604166666666668,27.1,21.1,84.75,20.825,0.1,0.1,1012.3875,5.704166666666667,12.2,238.33333333333331,79.41666666666667,2203.0,2025,10,6,285,1,No Holiday,0,0,0,1,0,0,-0.8660254037844386,0.5000000000000001,-0.7818314824680299,0.6234898018587334,-0.981947190186646,0.18915526872004093,61.24583333333334,40.208333333333336,27.90416666666667,70.15416666666667,38.833333333333336,50.43511904761905,50.59315476190476,40.38152777777778,15.641272796116592,Moderate
2025-10-13,25.629166666666663,53.4,25.683333333333334,563.7916666666666,43.975,36.125,13.833333333333334,20.779166666666665,23.2,18.8,85.29166666666667,18.175,0.7000000000000001,0.7000000000000001,1014.6875,9.35,11.9,327.0,99.20833333333331,1934.0,2025,10,0,286,0,No Holiday,0,0,1,1,0,0,-0.8660254037844386,0.5000000000000001,0.0,1.0,-0.9785481345802031,0.20601832032517084,69.71249999999999,61.24583333333334,40.208333333333336,57.03333333333333,42.35416666666666,50.3720238095238,52.79880952380952,41.32958333333333,15.549089997020626,Good
2025-10-14,25.8875,46.1,26.266666666666666,562.25,46.47083333333333,29.104166666666668,27.5,19.141666666666666,20.6,17.8,86.04166666666667,16.720833333333335,1.0,1.0,1017.0625,5.979166666666667,8.6,137.91666666666666,97.95833333333331,1388.0,2025,10,1,287,0,No Holiday,0,0,1,1,0,0,-0.8660254037844386,0.5000000000000001,0.7818314824680298,0.6234898018587336,-0.9748595108374125,0.22282040779479959,25.629166666666663,69.71249999999999,61.24583333333334,60.43333333333334,68.3,45.88571428571429,51.60416666666667,40.711527777777775,17.68988562912227,Good
2025-10-15,41.09583333333333,55.1,41.40416666666667,805.375,51.49166666666667,38.833333333333336,18.791666666666668,22.27916666666667,26.0,20.1,88.125,20.1375,7.6,7.6,1014.9041666666668,7.2,12.0,197.125,97.54166666666669,2548.0,2025,10,2,288,0,No Holiday,0,0,1,1,0,0,-0.8660254037844386,0.5000000000000001,0.9749279121818236,-0.22252093395631434,-0.9708824104813836,0.23955655912092708,25.8875,25.629166666666663,69.71249999999999,36.06666666666667,89.625,40.95059523809524,48.574702380952374,39.62555555555556,17.77357531089368,Moderate
2025-10-16,20.995833333333334,34.8,22.04583333333333,400.9166666666667,37.99166666666667,21.433333333333334,36.333333333333336,21.629166666666663,24.4,20.1,86.33333333333333,19.15833333333333,8.4,8.4,1018.1416666666668,10.316666666666666,12.9,109.95833333333331,99.33333333333331,2072.0,2025,10,3,289,0,No Holiday,0,0,1,1,0,0,-0.8660254037844386,0.5000000000000001,0.43388373911755823,-0.900968867902419,-0.9666180104000972,0.2562218218071163,41.09583333333333,25.8875,25.629166666666663,27.90416666666667,45.84166666666667,41.66904761904762,45.10833333333334,39.53666666666666,17.644427803321147,Good
2025-10-17,29.65833333333333,59.4,30.991666666666664,597.75,49.075,30.133333333333336,32.708333333333336,22.78333333333333,26.9,20.2,84.375,19.9,10.6,10.6,1016.7416666666668,9.8875,20.8,112.20833333333331,90.875,2782.0,2025,10,4,290,0,No Holiday,0,0,1,1,0,0,-0.8660254037844386,0.5000000000000001,-0.433883739117558,-0.9009688679024191,-0.9620675724981452,0.27281126433401914,20.995833333333334,41.09583333333333,25.8875,40.208333333333336,26.95833333333333,40.682142857142864,43.33363095238095,38.77972222222222,18.704041315742543,Good
2025-10-18,15.925,23.2,16.833333333333332,328.625,28.79583333333333,17.304166666666667,38.41666666666666,16.683333333333334,19.4,14.6,85.0,14.116666666666667,2.6,2.6,1021.9666666666668,17.879166666666666,21.8,22.375,100.0,902.0,2025,10,5,291,1,No Holiday,0,0,0,1,0,0,-0.8660254037844386,0.5000000000000001,-0.9749279121818236,-0.2225209339563146,-0.957232443323312,0.28931997761869527,29.65833333333333,20.995833333333334,41.09583333333333,61.24583333333334,43.34583333333333,39.175,43.52648809523809,38.372499999999995,19.1678832645285,Good
2025-10-19,18.54583333333333,23.3,19.67083333333333,360.4166666666667,33.44166666666667,23.316666666666663,29.541666666666668,14.033333333333331,14.7,13.2,85.29166666666667,11.570833333333333,13.3,13.3,1025.7875,13.741666666666667,15.2,15.958333333333334,96.375,827.0,2025,10,6,292,1,No Holiday,0,0,0,1,0,0,-0.8660254037844386,0.5000000000000001,-0.7818314824680299,0.6234898018587334,-0.9521140536681102,0.3057430764672831,15.925,29.65833333333333,20.995833333333334,69.71249999999999,70.15416666666667,32.70059523809523,41.56785714285714,38.27430555555556,18.094482998421345,Good
2025-10-20,13.108333333333334,19.4,14.566666666666668,247.91666666666663,17.791666666666668,16.133333333333333,59.0,13.633333333333333,16.1,11.8,69.91666666666667,8.158333333333333,0.0,0.0,1029.3125,18.154166666666665,23.1,24.5,96.875,2469.0,2025,10,0,293,0,No Holiday,0,0,1,1,0,0,-0.8660254037844386,0.5000000000000001,0.0,1.0,-0.9467139181463862,0.3220757010206104,18.54583333333333,15.925,29.65833333333333,25.629166666666663,57.03333333333333,25.391071428571426,37.88154761904762,38.13680555555556,8.375899077145743,Good
2025-10-21,20.491666666666667,26.4,21.5,299.5,30.84166666666667,19.495833333333334,39.0,11.179166666666667,13.3,9.7,82.29166666666667,8.208333333333334,4.4,4.4,1031.0125,13.804166666666667,19.5,152.5,97.20833333333331,1632.0,2025,10,1,294,0,No Holiday,0,0,1,1,0,0,-0.8660254037844386,0.5000000000000001,0.7818314824680298,0.6234898018587336,-0.9410336347451197,0.3383130181923076,13.108333333333334,18.54583333333333,15.925,25.8875,60.43333333333334,23.60238095238095,34.74404761904762,37.88472222222222,9.568587343835864,Good
2025-10-22,17.3,27.9,18.991666666666667,328.6666666666667,29.3875,18.441666666666663,55.0,12.745833333333332,17.0,9.6,68.66666666666667,6.920833333333333,0.0,0.0,1029.5666666666666,11.708333333333334,16.2,43.41666666666666,37.375,4117.0,2025,10,2,295,0,No Holiday,0,0,1,1,0,0,-0.8660254037844386,0.5000000000000001,0.9749279121818236,-0.22252093395631434,-0.9350748843515574,0.3544502230989869,20.491666666666667,13.108333333333334,18.54583333333333,41.09583333333333,36.06666666666667,22.831547619047623,31.89107142857143,37.585,9.571160402051634,Good
2025-10-23,18.133333333333333,27.8,19.6,360.3333333333333,29.870833333333334,20.966666666666665,48.125,13.158333333333331,17.6,9.5,69.875,7.5,0.0,0.0,1028.775,11.241666666666667,15.4,18.58333333333333,8.208333333333334,4183.0,2025,10,3,296,0,No Holiday,0,0,1,1,0,0,-0.8660254037844386,0.5000000000000001,0.43388373911755823,-0.900968867902419,-0.9288394302558068,0.3704825404820963,17.3,20.491666666666667,13.108333333333334,20.995833333333334,27.90416666666667,19.432142857142857,30.55059523809524,37.490138888888886,5.256185021995765,Good
2025-10-24,25.041666666666668,39.2,26.95,464.5,35.975,23.166666666666668,40.0,14.129166666666668,18.8,9.9,72.16666666666667,8.954166666666667,0.0,0.0,1026.5958333333333,9.391666666666667,12.4,25.83333333333333,37.66666666666666,3771.0,2025,10,4,297,0,No Holiday,0,0,1,1,0,0,-0.8660254037844386,0.5000000000000001,-0.433883739117558,-0.9009688679024191,-0.9223291176290545,0.3864052261209853,18.133333333333333,17.3,20.491666666666667,29.65833333333333,40.208333333333336,19.023214285714285,29.852678571428573,37.10319444444444,5.225516021581209,Good
2025-10-25,31.70833333333333,49.4,33.854166666666664,538.8333333333334,42.72083333333333,25.05,37.125,14.275,17.5,12.1,78.875,10.520833333333334,0.2,0.2,1023.0375,8.575000000000001,12.0,56.29166666666666,96.04166666666669,2192.0,2025,10,5,298,1,No Holiday,0,0,0,1,0,0,-0.8660254037844386,0.5000000000000001,-0.9749279121818236,-0.2225209339563146,-0.9155458729775467,0.40221356823680365,25.041666666666668,18.133333333333333,17.3,15.925,61.24583333333334,18.363690476190474,28.769345238095237,37.28208333333334,3.7395925907392753,Good
2025-10-26,51.2125,67.3,52.34583333333333,634.5,48.7625,33.62083333333333,20.625,14.391666666666666,17.2,12.5,79.54166666666667,10.691666666666668,0.2,0.2,1022.6458333333334,6.7875000000000005,10.1,192.0,95.66666666666669,2236.0,2025,10,6,299,1,No Holiday,0,0,0,1,0,0,-0.8660254037844386,0.5000000000000001,-0.7818314824680299,0.6234898018587334,-0.9084917035725082,0.41790288888678667,31.70833333333333,25.041666666666668,18.133333333333333,18.54583333333333,69.71249999999999,20.61845238095238,26.65952380952381,37.833194444444445,6.061517129731124,Moderate
2025-10-27,61.05833333333334,101.3,66.14583333333333,577.7083333333334,49.458333333333336,33.229166666666664,27.20833333333333,13.658333333333331,17.5,10.6,70.33333333333333,7.895833333333333,0.0,0.0,1024.4833333333331,7.095833333333334,9.2,119.45833333333331,46.04166666666666,4072.0,2025,10,0,300,0,No Holiday,0,0,1,1,0,0,-0.8660254037844386,0.5000000000000001,0.0,1.0,-0.9011686968561569,0.4334685453485363,51.2125,31.70833333333333,25.041666666666668,13.108333333333334,25.629166666666663,25.285119047619048,25.33809523809524,38.90694444444445,12.908056237867457,Moderate
2025-10-28,37.05416666666667,60.1,41.73333333333333,505.125,56.1875,30.808333333333334,28.70833333333333,13.783333333333331,18.6,9.9,69.625,8.029166666666667,0.0,0.0,1024.5625,8.941666666666666,12.2,111.41666666666669,15.333333333333334,4228.0,2025,10,1,301,0,No Holiday,0,0,1,1,0,0,-0.8660254037844386,0.5000000000000001,0.7818314824680298,0.6234898018587336,-0.8935790198239952,0.4489059314938798,61.05833333333334,51.2125,31.70833333333333,20.491666666666667,25.8875,32.13511904761905,27.86875,39.793611111111105,17.333487555594456,Moderate
2025-10-29,31.625,46.7,34.37083333333333,615.25,67.7375,47.145833333333336,20.0,15.458333333333334,20.2,10.9,71.66666666666667,10.183333333333334,0.0,0.0,1022.7083333333334,12.404166666666669,15.8,111.33333333333331,70.0,3794.0,2025,10,2,302,0,No Holiday,0,0,1,1,0,0,-0.8660254037844386,0.5000000000000001,0.9749279121818236,-0.22252093395631434,-0.8857249183835637,0.4642104791518923,37.05416666666667,61.05833333333334,51.2125,17.3,41.09583333333333,34.50119047619047,28.666369047619046,39.73430555555556,16.59386298773798,Good
2025-10-30,43.99583333333334,56.0,45.9625,971.0833333333334,79.90416666666667,56.22083333333333,6.041666666666667,16.220833333333335,18.2,14.8,87.70833333333333,14.120833333333332,5.4,5.4,1019.5666666666666,9.4625,13.2,96.41666666666669,99.75,981.0,2025,10,3,303,0,No Holiday,0,0,1,1,0,0,-0.8660254037844386,0.5000000000000001,0.43388373911755823,-0.900968867902419,-0.8776087166898392,0.4793776594606945,31.625,37.05416666666667,61.05833333333334,18.133333333333333,20.995833333333334,36.547619047619044,27.989880952380954,39.376666666666665,14.917630294980665,Moderate
2025-10-31,47.75,119.2,49.74166666666667,524.2083333333334,64.37916666666666,41.17083333333333,12.0,17.05,20.5,15.1,83.95833333333333,14.125,1.8,1.8,1019.55,7.579166666666667,13.6,237.70833333333331,83.0,3096.0,2025,10,4,304,0,No Holiday,0,0,1,1,0,0,-0.8660254037844386,0.5000000000000001,-0.433883739117558,-0.9009688679024191,-0.8692328164574792,0.49440298420761813,43.99583333333334,31.625,37.05416666666667,25.041666666666668,29.65833333333333,40.242261904761904,29.632738095238096,38.56652777777778,12.623070403643611,Moderate
2025-11-01,105.24166666666667,170.0,113.54166666666669,1044.7083333333333,56.2125,43.55416666666667,33.5,16.3625,21.2,12.5,74.58333333333333,11.383333333333333,0.0,0.0,1019.3208333333332,6.783333333333334,9.7,265.5833333333333,72.66666666666667,3800.0,2025,11,5,305,1,No Holiday,0,0,0,1,0,1,-0.5000000000000004,0.8660254037844384,-0.9749279121818236,-0.2225209339563146,-0.8605996962501181,0.5092820071573356,47.75,43.99583333333334,31.625,31.70833333333333,15.925,43.48630952380952,30.925,37.17069444444444,10.86042171928115,Unhealthy for Sensitive Groups
2025-11-02,49.425,78.7,56.37083333333333,592.6666666666666,46.70416666666667,32.40416666666666,28.916666666666668,15.654166666666669,20.1,12.4,67.875,9.2625,0.0,0.0,1023.1958333333332,9.441666666666666,14.2,99.70833333333331,67.16666666666667,3926.0,2025,11,6,306,1,No Holiday,0,0,0,1,0,1,-0.5000000000000004,0.8660254037844384,-0.7818314824680299,0.6234898018587334,-0.8517119107469189,0.5240103253675756,105.24166666666667,47.75,43.99583333333334,51.2125,18.54583333333333,53.99107142857143,37.304761904761904,39.15069444444444,24.529729627168898,Moderate
2025-11-03,28.1625,64.3,30.2125,579.9166666666666,40.325,24.15833333333333,33.125,12.695833333333333,16.5,9.4,72.04166666666667,7.545833333333333,0.0,0.0,1026.9916666666666,7.225,12.5,83.08333333333333,86.16666666666667,3634.0,2025,11,0,307,0,No Holiday,0,0,1,1,0,1,-0.5000000000000004,0.8660254037844384,0.0,1.0,-0.8425720899866032,0.5385835804920232,49.425,105.24166666666667,47.75,61.05833333333334,13.108333333333334,53.73571428571429,39.51041666666667,39.89958333333333,24.572742051937453,Good
2025-11-04,43.20416666666667,63.1,46.04166666666666,744.1666666666666,62.125,49.65,8.833333333333334,13.295833333333334,17.7,10.4,73.04166666666667,8.424999999999999,0.0,0.0,1023.35,7.462499999999999,10.1,102.79166666666669,76.29166666666667,3316.0,2025,11,1,308,0,No Holiday,0,0,1,1,0,1,-0.5000000000000004,0.8660254037844384,0.7818314824680298,0.6234898018587336,-0.8331829385891785,0.5529974600700271,28.1625,49.425,105.24166666666667,37.05416666666667,20.491666666666667,49.03630952380952,40.58571428571429,39.39347222222223,26.040659282102645,Moderate
2025-11-05,39.38333333333333,59.3,42.175,612.6666666666666,60.3,38.22916666666666,17.083333333333332,14.375,19.7,9.9,79.04166666666667,10.575,0.0,0.0,1020.025,8.012500000000001,10.7,82.29166666666667,19.125,3903.0,2025,11,2,309,0,No Holiday,0,0,1,1,0,1,-0.5000000000000004,0.8660254037844384,0.9749279121818236,-0.22252093395631434,-0.8235472349556007,0.5672476988027229,43.20416666666667,28.1625,49.425,31.625,17.3,49.914880952380955,42.208035714285714,38.49513888888889,25.670133565588046,Moderate
2025-11-06,33.791666666666664,45.5,36.09166666666667,533.0,67.29583333333333,33.170833333333334,14.458333333333334,16.0,17.6,14.6,87.75,13.933333333333332,3.3,3.3,1019.8166666666666,10.879166666666668,13.8,83.79166666666667,96.0,943.0,2025,11,3,310,0,No Holiday,0,0,1,1,0,1,-0.5000000000000004,0.8660254037844384,0.43388373911755823,-0.900968867902419,-0.8136678304455991,0.5813300798152042,39.38333333333333,43.20416666666667,28.1625,43.99583333333334,18.133333333333333,51.02321428571429,43.78541666666667,37.90680555555556,24.904917433465272,Good
2025-11-07,44.833333333333336,55.5,46.2875,928.7916666666666,76.94583333333334,47.15416666666667,12.458333333333334,16.158333333333335,17.4,15.4,94.75,15.304166666666667,14.7,14.7,1018.7458333333334,13.325,17.8,101.45833333333331,99.95833333333331,742.0,2025,11,4,311,0,No Holiday,0,0,1,1,0,1,-0.5000000000000004,0.8660254037844384,-0.433883739117558,-0.9009688679024191,-0.8035476485339116,0.5952404359043674,33.791666666666664,39.38333333333333,43.20416666666667,47.75,25.041666666666668,49.5654761904762,44.90386904761905,37.01875,25.671633573602197,Moderate
2025-11-08,28.90416666666667,54.6,29.27083333333333,1047.6666666666667,60.90416666666667,45.66666666666666,19.666666666666668,16.566666666666666,19.0,14.8,88.95833333333333,14.695833333333333,0.7,0.7,1018.125,9.870833333333334,14.0,300.2083333333333,99.95833333333331,1509.0,2025,11,5,312,1,No Holiday,0,0,0,1,0,1,-0.5000000000000004,0.8660254037844384,-0.9749279121818236,-0.2225209339563146,-0.7931896839451843,0.6089746507720486,44.833333333333336,33.791666666666664,39.38333333333333,105.24166666666667,31.70833333333333,49.148809523809526,46.31755952380952,37.31097222222222,25.729615123654174,Good
2025-11-09,49.44166666666666,81.3,52.32916666666667,606.5416666666666,47.3125,34.0625,29.791666666666668,14.908333333333331,16.8,12.7,85.625,12.466666666666669,0.9,0.9,1020.7916666666666,8.2125,12.1,181.875,96.75,791.0,2025,11,6,313,1,No Holiday,0,0,0,1,0,1,-0.5000000000000004,0.8660254037844384,-0.7818314824680299,0.6234898018587334,-0.7825970017677834,0.6225286602431057,28.90416666666667,44.833333333333336,33.791666666666664,49.425,51.2125,38.24345238095238,46.11726190476191,37.34430555555556,8.1958099817293,Moderate
2025-11-10,47.40833333333333,77.5,62.34166666666667,545.9583333333334,40.954166666666666,28.71666666666667,33.333333333333336,13.779166666666669,17.0,10.6,71.75,8.4125,0.0,0.0,1020.8166666666666,9.633333333333333,13.2,52.208333333333336,40.25,3750.0,2025,11,0,314,0,No Holiday,0,0,1,1,0,1,-0.5000000000000004,0.8660254037844384,0.0,1.0,-0.7717727365467836,0.6358984534680745,49.44166666666666,28.90416666666667,44.833333333333336,28.1625,61.05833333333334,38.24583333333333,45.990773809523816,37.65208333333333,8.199601249338166,Moderate
2025-11-11,26.98333333333333,36.9,32.895833333333336,447.4583333333333,39.05,21.058333333333334,39.16666666666666,13.95,17.5,11.6,70.04166666666667,8.366666666666667,0.2,0.2,1020.3708333333334,10.691666666666668,14.5,64.375,51.958333333333336,3395.0,2025,11,1,315,0,No Holiday,0,0,1,1,0,1,-0.5000000000000004,0.8660254037844384,0.7818314824680298,0.6234898018587336,-0.7607200913564104,0.6490800741100398,47.40833333333333,49.44166666666666,28.90416666666667,43.20416666666667,37.05416666666667,40.99523809523809,45.01577380952381,37.19083333333334,7.4471915647699225,Good
2025-11-12,38.29166666666666,58.9,47.74166666666667,547.375,43.60416666666666,26.33333333333333,35.375,13.379166666666668,18.0,9.8,78.79166666666667,9.5625,0.0,0.0,1021.2166666666668,7.85,13.1,37.29166666666666,20.08333333333333,3562.0,2025,11,2,316,0,No Holiday,0,0,1,1,0,1,-0.5000000000000004,0.8660254037844384,0.9749279121818236,-0.22252093395631434,-0.7494423368521954,0.6620696215153815,26.98333333333333,47.40833333333333,49.44166666666666,39.38333333333333,31.625,38.677976190476194,44.29642857142857,35.76652777777778,9.005832958796528,Moderate
2025-11-13,65.2625,116.9,72.85833333333333,757.625,61.79583333333333,44.40416666666667,22.666666666666668,14.0625,19.0,10.6,78.125,10.0,0.0,0.0,1021.4208333333332,5.595833333333334,9.6,127.625,15.0,3504.0,2025,11,3,317,0,No Holiday,0,0,1,1,0,1,-0.5000000000000004,0.8660254037844384,0.43388373911755823,-0.900968867902419,-0.7379428103031386,0.6748632518680403,38.29166666666666,26.98333333333333,47.40833333333333,33.791666666666664,43.99583333333334,38.52202380952381,44.772619047619045,36.18861111111111,9.001033477919895,Moderate
2025-11-14,99.57916666666668,137.8,117.00833333333333,1248.625,62.2375,48.15416666666667,18.875,13.55,19.0,9.6,79.0,9.675,0.0,0.0,1022.2958333333332,3.6833333333333336,6.0,121.04166666666669,15.333333333333334,3433.0,2025,11,4,318,0,No Holiday,0,0,1,1,0,1,-0.5000000000000004,0.8660254037844384,-0.433883739117558,-0.9009688679024191,-0.7262249146041543,0.6874571793269664,65.2625,38.29166666666666,26.98333333333333,44.833333333333336,47.75,43.017857142857146,46.29166666666667,37.50111111111111,13.148515687397763,Unhealthy for Sensitive Groups
2025-11-15,73.00416666666668,96.9,85.33333333333333,1214.7083333333333,66.44166666666666,65.71666666666667,9.75,14.279166666666669,20.1,10.0,72.875,9.216666666666669,0.0,0.0,1023.1041666666666,7.783333333333334,11.3,126.91666666666669,9.916666666666666,3581.0,2025,11,5,319,1,No Holiday,0,0,0,1,0,1,-0.5000000000000004,0.8660254037844384,-0.9749279121818236,-0.2225209339563146,-0.7142921172691032,0.699847677146407,99.57916666666668,65.2625,38.29166666666666,28.90416666666667,105.24166666666667,50.83869047619048,49.99375,39.45055555555555,25.182760411791037,Moderate
2025-11-16,64.175,97.1,68.4875,1089.0,65.51666666666667,54.02916666666667,17.666666666666668,15.645833333333334,21.2,10.9,76.08333333333333,11.2,0.0,0.0,1023.5416666666666,6.491666666666667,20.4,99.16666666666669,10.25,3506.0,2025,11,6,320,1,No Holiday,0,0,0,1,0,1,-0.5000000000000004,0.8660254037844384,-0.7818314824680299,0.6234898018587334,-0.7021479494046978,0.7120310787787131,73.00416666666668,99.57916666666668,65.2625,49.44166666666666,49.425,57.13869047619047,47.69107142857143,41.18416666666666,24.28093741925276,Moderate
2025-11-17,20.52083333333333,50.8,29.97083333333333,285.4166666666667,26.691666666666663,20.379166666666663,34.291666666666664,7.683333333333334,13.4,3.8,62.208333333333336,0.8666666666666667,0.6000000000000001,0.6000000000000001,1033.85,18.2125,24.2,180.16666666666663,97.25,672.0,2025,11,0,321,0,No Holiday,0,0,1,1,0,1,-0.5000000000000004,0.8660254037844384,0.0,1.0,-0.6897960046655887,0.7240037789593305,64.175,73.00416666666668,99.57916666666668,47.40833333333333,28.1625,59.24345238095238,48.74464285714286,42.334722222222226,24.140694719381795,Good
2025-11-18,31.09583333333333,48.9,41.88333333333333,440.0,35.30416666666667,34.1625,22.25,4.679166666666666,8.2,1.4,51.875,-4.75,0.0,0.0,1034.5458333333331,10.470833333333331,14.0,310.9166666666667,7.166666666666667,3621.0,2025,11,1,322,0,No Holiday,0,0,1,1,0,1,-0.5000000000000004,0.8660254037844384,0.7818314824680298,0.6234898018587336,-0.6772399381909491,0.7357622347736527,20.52083333333333,64.175,73.00416666666668,26.98333333333333,43.20416666666667,55.40238095238096,48.19880952380952,42.48791666666667,28.14466564083483,Good
2025-11-19,44.15416666666667,93.4,46.74166666666667,1113.5833333333333,44.82083333333333,41.8,19.875,5.566666666666666,10.8,1.5,60.375,-1.9708333333333332,0.0,0.0,1030.4791666666667,5.766666666666667,9.4,272.125,4.708333333333333,3581.0,2025,11,2,323,0,No Holiday,0,0,1,1,0,1,-0.5000000000000004,0.8660254037844384,0.9749279121818236,-0.22252093395631434,-0.6644834655228552,0.7473029667054296,31.09583333333333,20.52083333333333,64.175,38.29166666666666,39.38333333333333,55.98988095238095,47.333928571428565,42.90625,27.487824941355594,Moderate
2025-11-20,59.05833333333334,83.1,62.93333333333334,1990.3333333333333,55.2,51.30833333333334,15.458333333333334,8.041666666666666,14.4,3.3,65.625,1.5333333333333332,0.0,0.0,1027.7291666666667,5.395833333333333,7.2,224.375,37.125,3555.0,2025,11,3,324,0,No Holiday,0,0,1,1,0,1,-0.5000000000000004,0.8660254037844384,0.43388373911755823,-0.900968867902419,-0.6515303615068021,0.75862255966641,44.15416666666667,31.09583333333333,20.52083333333333,65.2625,33.791666666666664,56.82738095238096,47.67470238095238,43.94111111111111,26.942626140373623,Moderate
2025-11-21,117.92083333333332,293.4,124.25833333333333,1915.25,64.6375,75.27083333333333,15.583333333333334,9.395833333333334,15.9,4.2,67.16666666666667,3.3541666666666665,0.0,0.0,1027.1791666666666,3.9416666666666655,6.1,255.41666666666663,0.0,3493.0,2025,11,4,325,0,No Holiday,0,0,1,1,0,1,-0.5000000000000004,0.8660254037844384,-0.433883739117558,-0.9009688679024191,-0.6383844591746642,0.7697176640069211,59.05833333333334,44.15416666666667,31.09583333333333,99.57916666666668,44.833333333333336,55.941071428571426,49.47946428571429,45.226666666666674,26.720022839356094,Unhealthy
2025-11-22,153.37083333333334,296.2,161.65416666666667,2373.9166666666665,76.33333333333333,100.21666666666664,16.083333333333332,9.629166666666666,16.4,3.7,70.5,4.045833333333333,0.0,0.0,1025.1541666666667,4.7875000000000005,7.4,184.79166666666663,22.041666666666668,3440.0,2025,11,5,326,1,No Holiday,0,0,0,1,0,1,-0.5000000000000004,0.8660254037844384,-0.9749279121818236,-0.2225209339563146,-0.6250496486104377,0.7805849965070866,117.92083333333332,59.05833333333334,44.15416666666667,73.00416666666668,28.90416666666667,58.56130952380953,54.699999999999996,48.58069444444444,32.075186981128184,Very Unhealthy
2025-11-23,93.42916666666667,124.3,94.64583333333331,1708.4583333333333,66.92916666666666,57.675,20.625,10.958333333333334,17.8,5.3,70.33333333333333,5.479166666666667,0.0,0.0,1020.6708333333332,6.6875,8.9,198.08333333333331,48.083333333333336,2832.0,2025,11,6,327,1,No Holiday,0,0,0,1,0,1,-0.5000000000000004,0.8660254037844384,-0.7818314824680299,0.6234898018587334,-0.6115298757991053,0.7912213413483807,153.37083333333334,117.92083333333332,59.05833333333334,64.175,49.44166666666666,70.0422619047619,63.59047619047619,53.08861111111111,48.357125515567,Unhealthy for Sensitive Groups
2025-11-24,66.21249999999999,108.7,74.71249999999999,1279.4583333333333,44.31666666666666,47.3,31.916666666666668,12.595833333333331,18.6,8.0,65.625,5.966666666666666,0.0,0.0,1020.2041666666668,10.633333333333333,17.5,264.5,9.583333333333334,3358.0,2025,11,0,328,0,No Holiday,0,0,1,1,0,1,-0.5000000000000004,0.8660254037844384,0.0,1.0,-0.5978291414589552,0.801623551065242,93.42916666666667,153.37083333333334,117.92083333333332,20.52083333333333,47.40833333333333,74.22142857142856,66.73244047619048,55.36819444444445,49.02505149182863,Moderate
2025-11-25,61.8375,202.6,65.10833333333333,958.625,39.13333333333333,44.22083333333333,26.0,8.279166666666667,11.9,5.2,49.66666666666666,-1.9833333333333332,0.0,0.0,1025.3125,8.133333333333333,15.3,286.875,0.0,3517.0,2025,11,1,329,0,No Holiday,0,0,1,1,0,1,-0.5000000000000004,0.8660254037844384,0.7818314824680298,0.6234898018587336,-0.5839514998576998,0.8117885474764613,66.21249999999999,93.42916666666667,153.37083333333334,31.09583333333333,26.98333333333333,80.74880952380953,68.07559523809525,56.51833333333333,43.40291106963651,Moderate
2025-11-26,58.55416666666667,132.7,60.425,1254.625,54.825,48.60833333333333,19.45833333333333,8.433333333333334,15.1,3.0,61.41666666666666,0.9958333333333332,0.0,0.0,1023.675,7.554166666666667,13.8,177.83333333333334,16.25,3495.0,2025,11,2,330,0,No Holiday,0,0,1,1,0,1,-0.5000000000000004,0.8660254037844384,0.9749279121818236,-0.22252093395631434,-0.5699010576127624,0.8217133225960589,61.8375,66.21249999999999,93.42916666666667,44.15416666666667,38.29166666666666,85.14047619047619,70.56517857142858,56.872499999999995,38.858908387627594,Moderate
2025-11-27,54.4375,200.2,64.71666666666667,841.625,36.675,37.204166666666666,37.833333333333336,8.7125,11.3,3.8,44.083333333333336,-3.395833333333333,0.0,0.0,1024.7833333333333,12.133333333333333,20.7,277.4166666666667,4.583333333333333,3464.0,2025,11,3,331,0,No Holiday,0,0,1,1,0,1,-0.5000000000000004,0.8660254037844384,0.43388373911755823,-0.900968867902419,-0.5556819724760489,0.8313949395234058,58.55416666666667,61.8375,66.21249999999999,59.05833333333334,65.2625,87.19761904761904,72.0125,56.789027777777775,36.64564547810019,Moderate
2025-11-28,50.5,110.1,62.97916666666666,1150.4583333333333,45.85416666666666,31.17083333333333,25.875,8.6625,16.1,3.0,55.0,-0.4083333333333334,0.0,0.0,1018.8875,10.054166666666667,13.0,164.875,0.0,3424.0,2025,11,4,332,0,No Holiday,0,0,1,1,0,1,-0.5000000000000004,0.8660254037844384,-0.433883739117558,-0.9009688679024191,-0.5412984521036173,0.8408305333122887,54.4375,58.55416666666667,61.8375,117.92083333333332,99.57916666666668,86.53750000000001,71.23928571428571,57.368472222222216,37.27326051037212,Moderate
2025-11-29,44.54583333333333,81.0,45.59166666666667,1005.4166666666666,53.270833333333336,42.52916666666667,30.95833333333333,11.975,19.1,7.3,57.79166666666666,3.716666666666667,0.0,0.0,1014.1208333333334,10.225,12.8,200.41666666666663,0.0,3414.0,2025,11,5,333,1,No Holiday,0,0,0,1,0,1,-0.5000000000000004,0.8660254037844384,-0.9749279121818236,-0.2225209339563146,-0.5267547528105542,0.8500173118187018,50.5,54.4375,58.55416666666667,153.37083333333334,73.00416666666668,76.90595238095239,67.73363095238095,57.997638888888886,36.51528566417408,Moderate
2025-11-30,91.42083333333332,203.0,92.66666666666669,2027.4166666666667,65.95,71.07916666666667,21.916666666666668,12.366666666666667,19.9,7.0,67.25,6.204166666666667,0.0,0.0,1015.0291666666668,5.3500000000000005,8.6,211.16666666666663,25.58333333333333,3347.0,2025,11,6,334,1,No Holiday,0,0,0,1,0,1,-0.5000000000000004,0.8660254037844384,-0.7818314824680299,0.6234898018587334,-0.5120551783114646,0.8589525565270845,44.54583333333333,50.5,54.4375,93.42916666666667,64.175,61.35952380952381,65.70089285714286,58.01597222222222,15.856942324241922,Unhealthy for Sensitive Groups
2025-12-01,48.7125,119.2,61.19583333333333,582.2083333333334,46.31666666666666,35.55,29.416666666666668,11.6125,15.9,8.1,67.41666666666667,5.5875,0.0,0.0,1018.9541666666668,12.670833333333334,15.4,56.875,41.458333333333336,3270.0,2025,12,0,335,0,No Holiday,0,0,1,1,0,1,-2.4492935982947064e-16,1.0,0.0,1.0,-0.4972040784469378,0.8676336233547726,91.42083333333332,44.54583333333333,50.5,66.21249999999999,20.52083333333333,61.07261904761905,67.64702380952382,59.471666666666664,15.183872234220372,Moderate
2025-12-02,38.91666666666666,59.3,45.8625,570.2083333333334,42.87916666666666,27.945833333333336,26.75,10.008333333333333,13.5,7.3,77.16666666666667,5.983333333333333,0.0,0.0,1022.3958333333334,10.7125,16.1,37.25,76.08333333333333,1825.0,2025,12,1,336,0,No Holiday,0,0,1,1,0,1,-2.4492935982947064e-16,1.0,0.7818314824680298,0.6234898018587336,-0.4822058478963526,0.8760579434344281,48.7125,91.42083333333332,44.54583333333333,61.8375,31.09583333333333,58.57261904761905,69.66071428571429,57.587361111111115,15.630653765477625,Moderate
2025-12-03,47.458333333333336,99.0,49.00416666666666,597.25,39.34583333333333,37.954166666666666,24.125,4.904166666666667,7.8,1.9,62.208333333333336,-2.25,0.0,0.0,1030.0833333333333,8.950000000000001,15.7,54.375,17.5,3345.0,2025,12,2,337,0,No Holiday,0,0,1,1,0,1,-2.4492935982947064e-16,1.0,0.9749279121818236,-0.22252093395631434,-0.46706492487743034,0.8842230238742036,38.91666666666666,48.7125,91.42083333333332,58.55416666666667,44.15416666666667,55.29821428571427,70.21934523809524,57.23708333333333,17.15881189249904,Moderate
2025-12-04,58.42916666666667,113.9,59.80416666666667,1073.2916666666667,64.05,60.9125,8.125,4.666666666666667,8.9,0.2,59.708333333333336,-2.6583333333333337,0.0,0.0,1027.6833333333334,5.083333333333333,8.4,93.83333333333331,95.20833333333331,1932.0,2025,12,3,338,0,No Holiday,0,0,1,1,0,1,-2.4492935982947064e-16,1.0,0.43388373911755823,-0.900968867902419,-0.451785789832884,0.8921264484954345,47.458333333333336,38.91666666666666,48.7125,54.4375,59.05833333333334,53.71309523809524,70.45535714285714,57.88027777777778,17.319657637338,Moderate
2025-12-05,69.40833333333333,103.8,71.72083333333333,1068.375,57.875,52.425,16.916666666666668,6.7375,11.4,2.7,61.208333333333336,-0.4708333333333334,0.0,0.0,1026.7833333333333,6.7375,10.4,92.75,21.625,3193.0,2025,12,4,339,0,No Holiday,0,0,1,1,0,1,-2.4492935982947064e-16,1.0,-0.433883739117558,-0.9009688679024191,-0.4363729641045924,0.8997658785476209,58.42916666666667,47.458333333333336,38.91666666666666,50.5,117.92083333333332,54.28333333333334,70.41041666666666,58.38777777777777,17.41294351486414,Moderate
2025-12-06,72.59583333333333,118.7,74.21666666666667,1492.7916666666667,54.825,60.85,14.916666666666666,8.679166666666667,15.7,3.7,64.625,2.1375,0.0,0.0,1021.025,7.570833333333333,9.7,200.75,1.1666666666666667,3216.0,2025,12,5,340,1,No Holiday,0,0,0,1,0,1,-2.4492935982947064e-16,1.0,-0.9749279121818236,-0.2225209339563146,-0.42083100859565564,0.9071390534005044,69.40833333333333,58.42916666666667,47.458333333333336,44.54583333333333,153.37083333333334,56.98452380952381,66.9452380952381,59.38861111111111,18.178011511527444,Moderate
2025-12-07,99.13333333333333,157.9,100.30833333333334,2947.0,68.32083333333334,78.25416666666666,14.208333333333334,10.466666666666669,17.6,4.9,69.125,4.7375,0.0,0.0,1021.6125,4.875,10.8,203.0,12.583333333333334,3219.0,2025,12,6,341,1,No Holiday,0,0,0,1,0,1,-2.4492935982947064e-16,1.0,-0.7818314824680299,0.6234898018587334,-0.4051645224207563,0.9142437912130223,72.59583333333333,69.40833333333333,58.42916666666667,91.42083333333332,93.42916666666667,60.99166666666666,61.175595238095234,60.68208333333333,18.07038194681285,Unhealthy for Sensitive Groups
2025-12-08,56.32083333333333,103.6,65.12916666666666,786.7916666666666,44.583333333333336,35.795833333333334,26.041666666666668,9.479166666666666,14.4,6.1,60.708333333333336,1.7375,0.0,0.0,1027.6166666666666,10.329166666666667,12.6,59.833333333333336,16.25,3183.0,2025,12,0,342,0,No Holiday,0,0,1,1,0,1,-2.4492935982947064e-16,1.0,0.0,1.0,-0.3893781415452015,0.9210779895789526,99.13333333333333,72.59583333333333,69.40833333333333,48.7125,66.21249999999999,62.09345238095237,61.58303571428571,62.49208333333333,20.32890902132602,Moderate
2025-12-09,44.9875,59.1,48.74166666666667,815.0,65.20416666666667,59.14166666666667,13.833333333333334,8.895833333333334,14.8,4.2,58.958333333333336,0.6916666666666668,0.0,0.0,1025.1458333333333,10.620833333333334,14.7,112.33333333333331,36.208333333333336,3091.0,2025,12,1,343,0,No Holiday,0,0,1,1,0,1,-2.4492935982947064e-16,1.0,0.7818314824680298,0.6234898018587336,-0.37347653741307074,0.9276396261490467,56.32083333333333,99.13333333333333,72.59583333333333,38.91666666666666,61.8375,63.18035714285714,60.87648809523809,63.40597222222222,19.687521268989833,Moderate
2025-12-10,61.7625,129.5,64.34583333333333,1456.2916666666667,61.85,59.9125,17.916666666666668,11.65,17.6,8.1,74.25,6.904166666666666,0.0,0.0,1019.5666666666666,8.458333333333334,13.2,178.5,45.5,2798.0,2025,12,2,344,0,No Holiday,0,0,1,1,0,1,-2.4492935982947064e-16,1.0,0.9749279121818236,-0.22252093395631434,-0.3574644155648614,0.9339267592294762,44.9875,56.32083333333333,99.13333333333333,47.458333333333336,58.55416666666667,64.04761904761905,59.67291666666666,63.25750000000001,18.540852800044167,Moderate
2025-12-11,107.3,197.9,110.40833333333336,1518.7916666666667,52.89166666666667,69.37083333333332,22.70833333333333,10.475,15.9,6.1,73.45833333333333,5.641666666666667,0.0,0.0,1022.5208333333334,10.429166666666667,20.6,151.5,49.458333333333336,2983.0,2025,12,3,345,0,No Holiday,0,0,1,1,0,1,-2.4492935982947064e-16,1.0,0.43388373911755823,-0.900968867902419,-0.34134651424503615,0.9399375283564133,61.7625,44.9875,56.32083333333333,58.42916666666667,54.4375,66.09107142857142,59.90208333333333,63.735972222222216,17.1433506081147,Unhealthy for Sensitive Groups
2025-12-12,23.766666666666666,43.3,25.991666666666664,403.5833333333333,28.2125,20.3375,47.54166666666666,8.633333333333333,11.2,6.8,67.33333333333333,2.841666666666667,0.1,0.1,1026.825,16.279166666666665,19.8,71.16666666666667,98.0,1496.0,2025,12,4,346,0,No Holiday,0,0,1,1,0,1,-2.4492935982947064e-16,1.0,-0.433883739117558,-0.9009688679024191,-0.3251276029999093,0.9456701548465688,107.3,61.7625,44.9875,69.40833333333333,50.5,73.07261904761904,63.67797619047618,66.41319444444444,22.58924441617393,Good
2025-12-13,34.8125,58.9,36.35416666666666,524.2916666666666,35.19166666666667,32.583333333333336,27.916666666666668,5.366666666666667,7.4,2.2,77.125,1.4958333333333331,2.5,2.5,1028.0125,14.295833333333333,20.2,263.9166666666667,74.20833333333333,1160.0,2025,12,5,347,1,No Holiday,0,0,0,1,0,1,-2.4492935982947064e-16,1.0,-0.9749279121818236,-0.2225209339563146,-0.30881248126625377,0.9511229423235357,23.766666666666666,107.3,61.7625,72.59583333333333,44.54583333333333,66.55238095238096,61.76845238095238,65.92902777777778,29.387353278886657,Good
2025-12-14,71.81666666666666,139.7,73.68333333333334,1482.7916666666667,44.99166666666667,53.93333333333334,23.58333333333333,3.8041666666666663,8.9,0.1,65.5,-2.3875,0.0,0.0,1027.9333333333334,7.133333333333333,13.1,250.95833333333331,0.0,3189.0,2025,12,6,348,1,No Holiday,0,0,0,1,0,1,-2.4492935982947064e-16,1.0,-0.7818314824680299,0.6234898018587334,-0.29240597695107734,0.9562942772197719,34.8125,23.766666666666666,107.3,99.13333333333333,91.42083333333332,61.15476190476191,61.073214285714286,64.91402777777778,31.487182267647903,Moderate
2025-12-15,56.86666666666667,98.3,58.5125,1488.625,50.1375,43.15416666666667,29.75,5.470833333333334,12.2,0.3,62.04166666666666,-1.8333333333333333,0.0,0.0,1022.7958333333332,7.587499999999999,10.4,160.58333333333334,8.416666666666666,3217.0,2025,12,0,349,0,No Holiday,0,0,1,1,0,1,-2.4492935982947064e-16,1.0,0.0,1.0,-0.27591294500296043,0.9611826292540837,71.81666666666666,34.8125,23.766666666666666,56.32083333333333,48.7125,57.25238095238096,59.672916666666666,63.98861111111111,27.426751444076068,Moderate
2025-12-16,110.79166666666669,246.8,112.975,2742.958333333333,60.3875,85.7,16.541666666666668,8.870833333333334,16.0,3.7,67.25,2.795833333333333,0.0,0.0,1020.475,4.770833333333333,8.1,224.58333333333331,18.33333333333333,3063.0,2025,12,1,350,0,No Holiday,0,0,1,1,0,1,-2.4492935982947064e-16,1.0,0.7818314824680298,0.6234898018587336,-0.2593382659754056,0.9657865518844574,56.86666666666667,71.81666666666666,34.8125,44.9875,38.91666666666666,57.330357142857146,60.255357142857136,63.450694444444444,27.4244374028908,Unhealthy for Sensitive Groups
2025-12-17,109.825,160.2,112.2125,1196.5833333333333,55.17916666666667,59.02916666666667,16.375,6.5625,10.9,3.8,77.875,2.725,0.0,0.0,1027.1166666666666,7.979166666666667,12.9,63.91666666666666,8.0,2916.0,2025,12,2,351,0,No Holiday,0,0,1,1,0,1,-2.4492935982947064e-16,1.0,0.9749279121818236,-0.22252093395631434,-0.2426868445825954,0.9701046827361175,110.79166666666669,56.86666666666667,71.81666666666666,61.7625,47.458333333333336,66.73095238095239,65.38928571428572,65.00458333333333,33.16565934549507,Unhealthy for Sensitive Groups
2025-12-18,79.02499999999999,116.6,81.62916666666666,1152.7916666666667,58.275,57.03333333333333,11.166666666666666,7.779166666666666,14.4,2.7,77.375,3.825,0.0,0.0,1022.3208333333332,9.6875,12.7,126.70833333333331,24.916666666666668,3123.0,2025,12,3,352,0,No Holiday,0,0,1,1,0,1,-2.4492935982947064e-16,1.0,0.43388373911755823,-0.900968867902419,-0.22596360824801906,0.974135744004672,109.825,110.79166666666669,56.86666666666667,107.3,58.42916666666667,73.5970238095238,69.84404761904761,67.98138888888889,36.74728248914873,Unhealthy for Sensitive Groups
2025-12-19,106.70833333333331,210.0,107.2875,1736.7916666666667,65.85416666666667,68.22500000000001,42.66666666666666,12.275,18.4,7.0,73.83333333333333,7.4875,0.0,0.0,1015.175,8.920833333333333,11.8,183.5,16.333333333333332,2688.0,2025,12,4,353,0,No Holiday,0,0,1,1,0,1,-2.4492935982947064e-16,1.0,-0.433883739117558,-0.9009688679024191,-0.20917350564635637,0.9778785428342386,79.02499999999999,109.825,110.79166666666669,23.766666666666666,69.40833333333333,69.5577380952381,71.31517857142856,69.57902777777778,33.86625198207631,Unhealthy for Sensitive Groups
2025-12-20,91.0875,181.6,91.99583333333334,1330.4166666666667,55.57083333333333,52.29583333333333,25.45833333333333,10.008333333333333,13.4,7.1,71.95833333333333,4.7,1.9,1.9,1022.1708333333332,12.295833333333334,18.0,191.75,72.79166666666667,1549.0,2025,12,5,354,1,No Holiday,0,0,0,1,0,1,-2.4492935982947064e-16,1.0,-0.9749279121818236,-0.2225209339563146,-0.19232150523909483,0.9813319716704275,106.70833333333331,79.02499999999999,109.825,34.8125,72.59583333333333,81.40654761904761,73.97946428571427,71.66416666666666,29.388553990537822,Unhealthy for Sensitive Groups
2025-12-21,27.816666666666663,55.4,29.104166666666668,503.7916666666667,33.550000000000004,26.28333333333333,32.541666666666664,5.929166666666667,8.6,3.7,60.0,-1.5458333333333334,1.3,1.3,1030.5875,11.0125,14.1,57.54166666666666,55.79166666666666,2540.0,2025,12,6,355,1,No Holiday,0,0,0,1,0,1,-2.4492935982947064e-16,1.0,-0.7818314824680299,0.6234898018587334,-0.17541259380427843,0.9844950085880858,91.0875,106.70833333333331,79.02499999999999,71.81666666666666,99.13333333333333,89.44583333333333,75.30029761904761,72.73180555555555,21.025490068934975,Good
2025-12-22,35.579166666666666,52.2,37.5,823.9583333333334,48.1875,43.10833333333333,19.041666666666668,6.5375000000000005,9.9,2.8,69.04166666666667,1.2041666666666666,0.0,0.0,1025.0416666666667,11.758333333333333,14.7,103.70833333333331,94.83333333333331,1553.0,2025,12,0,356,0,No Holiday,0,0,1,1,0,1,-2.4492935982947064e-16,1.0,0.0,1.0,-0.15845177496083632,0.9873667175937016,27.816666666666663,91.0875,106.70833333333331,56.86666666666667,56.32083333333333,83.16011904761906,70.20625,69.72833333333332,31.260258673296725,Moderate
2025-12-23,51.59583333333333,121.5,52.98333333333333,1259.4583333333333,43.7,51.24166666666667,6.125,7.695833333333333,9.1,6.2,88.75,5.9125000000000005,3.5,3.5,1020.4416666666666,9.3125,14.4,266.1666666666667,98.41666666666669,599.0,2025,12,1,357,0,No Holiday,0,0,1,1,0,1,-2.4492935982947064e-16,1.0,0.7818314824680298,0.6234898018587336,-0.14144406768794202,0.9899462489023779,35.579166666666666,27.816666666666663,91.0875,110.79166666666669,44.9875,80.11904761904762,68.72470238095238,65.80194444444444,35.05017170015451,Moderate
2025-12-24,50.69583333333333,67.8,53.30833333333334,875.375,43.99166666666667,45.84583333333333,7.5,5.379166666666666,6.8,4.3,82.5,2.583333333333333,0.0,0.0,1022.9416666666666,9.3375,11.3,265.4166666666667,98.75,602.0,2025,12,2,358,0,No Holiday,0,0,1,1,0,1,-2.4492935982947064e-16,1.0,0.9749279121818236,-0.22252093395631434,-0.12439450483979998,0.9922328391893008,51.59583333333333,35.579166666666666,27.816666666666663,109.825,61.7625,71.6625,69.1967261904762,64.4075,33.524267398850405,Moderate
2025-12-25,58.75,97.8,61.49166666666667,633.7916666666666,40.81666666666667,39.50416666666667,22.08333333333333,3.75,7.3,0.9,62.91666666666666,-3.520833333333333,0.0,0.0,1028.975,10.229166666666666,15.5,248.79166666666663,16.666666666666668,3194.0,2025,12,3,359,0,No Holiday,0,0,1,1,0,1,-2.4492935982947064e-16,1.0,0.43388373911755823,-0.900968867902419,-0.10730813165636247,0.9942258118156161,50.69583333333333,51.59583333333333,35.579166666666666,79.02499999999999,107.3,63.21547619047618,68.40625,63.890277777777776,29.515584171666056,Moderate
2025-12-26,53.32916666666667,97.1,54.64166666666667,839.8333333333334,49.75,46.15833333333333,16.875,1.7833333333333332,5.9,-1.6,62.0,-5.0625,0.0,0.0,1028.3416666666667,5.5125,9.1,99.04166666666669,9.125,3177.0,2025,12,4,360,0,No Holiday,0,0,1,1,0,1,-2.4492935982947064e-16,1.0,-0.433883739117558,-0.9009688679024191,-0.09019000427034513,0.9959245770286599,58.75,50.69583333333333,51.59583333333333,106.70833333333331,23.766666666666666,60.319047619047616,64.93839285714286,63.7873611111111,28.688826510235415,Moderate
2025-12-27,95.36666666666667,243.1,97.19166666666666,2359.25,66.0625,88.60000000000001,13.625,3.591666666666667,9.4,-0.8,68.45833333333333,-1.9375,0.0,0.0,1023.3791666666666,4.6125,8.7,159.83333333333334,6.291666666666667,3177.0,2025,12,5,361,1,No Holiday,0,0,0,1,0,1,-2.4492935982947064e-16,1.0,-0.9749279121818236,-0.2225209339563146,-0.07304518821104743,0.9973286321364752,53.32916666666667,58.75,50.69583333333333,91.0875,34.8125,52.69345238095239,67.05,63.61319444444444,20.116897071476675,Unhealthy for Sensitive Groups
2025-12-28,99.20416666666668,184.9,100.96666666666664,2069.1666666666665,61.1,68.40833333333333,23.791666666666668,5.991666666666667,13.4,0.2,66.58333333333333,-0.1458333333333333,0.0,0.0,1019.9833333333332,7.291666666666667,12.2,175.375,8.458333333333334,3193.0,2025,12,6,362,1,No Holiday,0,0,0,1,0,1,-2.4492935982947064e-16,1.0,-0.7818314824680299,0.6234898018587334,-0.05587875690537313,0.9984375616565666,95.36666666666667,53.32916666666667,58.75,27.816666666666663,71.81666666666666,53.304761904761904,71.37529761904761,64.9775,21.495820199400832,Unhealthy for Sensitive Groups
2025-12-29,109.46666666666664,158.8,109.91666666666669,1760.625,63.40833333333333,64.27499999999999,25.916666666666668,8.424999999999999,14.6,3.5,70.625,3.1916666666666664,0.0,0.0,1018.8291666666668,6.745833333333334,13.8,173.41666666666666,40.54166666666666,3088.0,2025,12,0,363,0,No Holiday,0,0,1,1,0,1,-2.4492935982947064e-16,1.0,0.0,1.0,-0.03869579017652689,0.9992510374388481,99.20416666666668,95.36666666666667,53.32916666666667,35.579166666666666,56.86666666666667,63.5029761904762,73.33154761904761,66.60097222222223,24.157500741934296,Unhealthy for Sensitive Groups
2025-12-30,72.77083333333333,121.5,77.69166666666666,835.5,35.641666666666666,31.754166666666663,40.25,7.379166666666666,11.9,3.8,77.54166666666667,3.375,0.0,0.0,1022.5041666666666,11.75,14.0,60.0,48.708333333333336,3116.0,2025,12,1,364,0,No Holiday,0,0,1,1,0,1,-2.4492935982947064e-16,1.0,0.7818314824680298,0.6234898018587336,-0.021501372740813793,0.999768818762748,109.46666666666664,99.20416666666668,95.36666666666667,51.59583333333333,110.79166666666669,74.05833333333332,77.08869047619046,68.765,25.995261765545926,Moderate
2025-12-31,24.65416666666667,36.0,27.02083333333333,450.25,28.20833333333333,21.15833333333333,40.583333333333336,5.558333333333334,8.2,3.2,70.83333333333333,0.5416666666666666,0.0,0.0,1025.8208333333334,16.287499999999998,21.3,58.91666666666666,96.08333333333331,807.0,2025,12,2,365,0,No Holiday,0,1,1,1,1,1,-2.4492935982947064e-16,1.0,0.9749279121818236,-0.22252093395631434,-0.004300592702981974,0.9999907524084426,72.77083333333333,109.46666666666664,99.20416666666668,50.69583333333333,109.825,77.08333333333334,74.37291666666667,68.14333333333333,24.10933837249073,Good
2026-01-01,31.495833333333334,91.3,33.458333333333336,444.4166666666667,30.933333333333334,24.52083333333333,33.125,1.8916666666666664,4.0,-0.6,75.625,-2.1083333333333334,4.7,0.4,1029.7958333333331,12.0625,17.9,153.08333333333334,75.91666666666667,1716.0,2026,1,3,1,0,New Year,1,1,0,0,1,1,0.49999999999999994,0.8660254037844387,0.43388373911755823,-0.900968867902419,0.017201575418260506,0.9998520419557735,24.65416666666667,72.77083333333333,109.46666666666664,58.75,79.02499999999999,73.36309523809526,68.28928571428571,67.34138888888889,30.119753599229554,Good
2026-01-02,80.12083333333334,160.7,83.29583333333333,701.2083333333334,45.19166666666666,47.7,17.125,0.0125,3.3,-2.1,65.25,-6.3125,0.0,0.0,1033.7833333333333,6.7125,10.1,218.25,9.083333333333334,3238.0,2026,1,4,2,0,New Year,1,1,0,0,1,1,0.49999999999999994,0.8660254037844387,-0.433883739117558,-0.9009688679024191,0.03439806061360801,0.9994082116062598,31.495833333333334,24.65416666666667,72.77083333333333,53.32916666666667,106.70833333333331,69.46964285714286,64.89434523809524,67.09402777777778,33.85363005679718,Unhealthy for Sensitive Groups
2026-01-03,116.64166666666668,183.5,119.22916666666669,2056.875,58.14166666666667,76.18333333333334,16.5,0.5791666666666666,5.5,-3.1,59.75,-6.866666666666666,0.0,0.0,1030.0666666666666,3.6208333333333336,7.7,170.70833333333334,4.208333333333333,3281.0,2026,1,5,3,1,New Year,1,1,0,0,1,1,0.49999999999999994,0.8660254037844387,-0.9749279121818236,-0.2225209339563146,0.051584366869408364,0.9986686402879997,80.12083333333334,31.495833333333334,24.65416666666667,95.36666666666667,91.0875,73.29702380952381,62.99523809523809,68.18277777777777,33.23351867306337,Unhealthy
2026-01-04,126.6375,210.5,128.875,2835.333333333333,68.34583333333333,91.47916666666669,2.2916666666666665,1.6625,3.5,-1.2,77.41666666666667,-1.8958333333333333,0.6,0.0,1025.4583333333333,3.3083333333333336,6.3,179.95833333333334,88.0,716.0,2026,1,6,4,1,No Holiday,0,1,0,0,1,1,0.49999999999999994,0.8660254037844387,-0.7818314824680299,0.6234898018587334,0.06875540848113941,0.9976335468520451,116.64166666666668,80.12083333333334,31.495833333333334,99.20416666666668,27.816666666666663,76.33630952380952,64.82053571428571,70.12319444444444,36.409313610112434,Unhealthy
2026-01-05,128.17083333333332,249.6,130.225,1322.6666666666667,56.71666666666667,73.89999999999999,23.0,3.6666666666666665,7.5,1.0,76.45833333333333,-0.2166666666666666,0.1,0.1,1027.3458333333333,6.929166666666667,11.3,319.2916666666667,70.95833333333333,1565.0,2026,1,0,5,0,No Holiday,0,0,1,0,0,1,0.49999999999999994,0.8660254037844387,0.0,1.0,0.08590610426133272,0.9963032375991965,126.6375,116.64166666666668,80.12083333333334,109.46666666666664,35.579166666666666,80.25535714285715,71.87916666666668,72.03083333333333,40.524862818378644,Unhealthy
2026-01-06,127.1,246.8,129.68333333333334,1495.875,52.55,58.91666666666666,29.416666666666668,2.2958333333333334,7.2,-0.4,74.29166666666667,-2.158333333333333,0.3,0.2,1026.9083333333333,9.170833333333333,21.1,271.125,50.375,1973.0,2026,1,1,6,0,No Holiday,0,0,1,0,0,1,0.49999999999999994,0.8660254037844387,0.7818314824680298,0.6234898018587336,0.10303137904317879,0.9946781061893646,128.17083333333332,126.6375,116.64166666666668,72.77083333333333,51.59583333333333,82.92738095238096,78.49285714285715,73.88333333333334,43.293958998310025,Unhealthy
2026-01-07,60.770833333333336,112.5,62.22916666666666,1448.25,43.94166666666666,43.525,27.625,3.4416666666666664,9.0,-0.6,64.29166666666667,-2.975,0.0,0.0,1027.1083333333331,8.012500000000001,10.0,260.2083333333333,0.125,3346.0,2026,1,2,7,0,No Holiday,0,0,1,0,0,1,0.49999999999999994,0.8660254037844387,0.9749279121818236,-0.22252093395631434,0.1201261651823505,0.9927586335250793,127.1,128.17083333333332,126.6375,24.65416666666667,50.69583333333333,90.68869047619047,83.8860119047619,74.81555555555556,45.95759032303869,Moderate
2026-01-08,134.80416666666667,254.3,140.05833333333334,1928.875,62.145833333333336,69.31666666666666,17.375,3.0416666666666665,8.4,-0.9,66.58333333333333,-2.891666666666667,0.0,0.0,1029.125,4.9375,9.1,262.1666666666667,0.5416666666666666,3298.0,2026,1,3,8,0,No Holiday,0,0,1,0,0,1,0.49999999999999994,0.8660254037844387,0.43388373911755823,-0.900968867902419,0.13718540405660057,0.9905453876091833,60.770833333333336,127.1,128.17083333333332,31.495833333333334,58.75,95.84821428571429,84.60565476190477,74.96388888888889,38.77450986039689,Unhealthy
2026-01-09,74.28750000000001,162.1,75.625,1245.2083333333333,45.85416666666666,48.2375,43.375,5.25,11.6,0.2,59.5,-2.2375,0.0,0.0,1021.2583333333332,12.1,16.1,198.75,15.0,3355.0,2026,1,4,9,0,No Holiday,0,0,1,0,0,1,0.49999999999999994,0.8660254037844387,-0.433883739117558,-0.9009688679024191,0.1542040475626894,0.988039023376751,134.80416666666667,60.770833333333336,127.1,80.12083333333334,53.32916666666667,110.60654761904763,90.03809523809525,77.95777777777779,28.49694182921598,Moderate
2026-01-10,55.8,93.1,58.0125,833.3333333333334,39.891666666666666,36.25833333333333,34.833333333333336,5.9375,9.9,1.5,51.958333333333336,-4.208333333333333,0.0,0.0,1023.4583333333334,10.9125,16.7,302.25,49.75,2759.0,2026,1,5,10,1,No Holiday,0,0,0,0,0,1,0.49999999999999994,0.8660254037844387,-0.9749279121818236,-0.2225209339563146,0.17117705961019986,0.985240282501282,74.28750000000001,134.80416666666667,60.770833333333336,116.64166666666668,95.36666666666667,109.77321428571427,91.53511904761903,78.37527777777777,29.600921987441676,Moderate
2026-01-11,70.5625,127.6,71.75416666666666,794.9166666666666,52.4,47.3625,20.75,1.9333333333333331,6.3,-1.3,46.29166666666666,-9.216666666666669,0.0,0.0,1029.5625,6.395833333333333,10.6,145.41666666666666,7.958333333333333,3495.0,2026,1,6,11,1,No Holiday,0,0,0,0,0,1,0.49999999999999994,0.8660254037844387,-0.7818314824680299,0.6234898018587334,0.18809941761179758,0.9821499931752291,55.8,74.28750000000001,134.80416666666667,126.6375,99.20416666666668,101.08154761904761,88.70892857142857,76.65861111111113,35.57715613318646,Moderate
2026-01-12,47.57083333333333,79.4,48.51666666666667,1024.6666666666667,47.75833333333333,38.704166666666666,30.75,5.4625,13.5,-0.3,50.75,-4.141666666666667,0.0,0.0,1018.7208333333332,11.770833333333334,14.4,198.08333333333331,38.5,2939.0,2026,1,0,12,0,No Holiday,0,0,1,0,0,1,0.49999999999999994,0.8660254037844387,0.0,1.0,0.20496611396949532,0.9787690698649216,70.5625,55.8,74.28750000000001,128.17083333333332,109.46666666666664,93.07083333333334,86.66309523809524,78.21847222222223,35.174585979689766,Moderate
2026-01-13,83.25,135.5,84.24166666666666,1951.6666666666667,54.97916666666666,55.85,27.166666666666668,8.166666666666666,16.9,1.1,66.125,1.6291666666666669,0.0,0.0,1017.975,6.825,10.1,198.625,0.0,3438.0,2026,1,1,13,0,No Holiday,0,0,1,0,0,1,0.49999999999999994,0.8660254037844387,0.7818314824680298,0.6234898018587336,0.22177215755648186,0.975098513039961,47.57083333333333,70.5625,55.8,127.1,72.77083333333333,81.55654761904762,82.24196428571429,78.64375,34.961163130165126,Unhealthy for Sensitive Groups
2026-01-14,81.3125,190.0,82.45,2048.583333333333,59.3375,55.32916666666667,36.625,10.15,18.0,4.0,59.833333333333336,2.083333333333333,0.0,0.0,1016.5666666666666,7.479166666666667,10.4,195.625,42.04166666666666,3236.0,2026,1,2,14,0,No Holiday,0,0,1,0,0,1,0.49999999999999994,0.8660254037844387,0.9749279121818236,-0.22252093395631434,0.23851257519407648,0.9711394088771653,83.25,47.57083333333333,70.5625,60.770833333333336,24.65416666666667,75.2922619047619,82.9904761904762,79.02486111111111,28.831898891399074,Unhealthy for Sensitive Groups
2026-01-15,112.75833333333333,191.9,116.4,2019.7916666666667,73.10000000000001,71.60833333333333,27.0,11.158333333333331,18.3,6.5,56.04166666666666,2.158333333333333,0.0,0.0,1015.6666666666666,5.808333333333334,9.6,206.25,38.0,3529.0,2026,1,3,15,0,No Holiday,0,0,1,0,0,1,0.49999999999999994,0.8660254037844387,0.43388373911755823,-0.900968867902419,0.2551824131233728,0.9668929289391521,81.3125,83.25,47.57083333333333,134.80416666666667,31.495833333333334,78.22678571428571,87.03750000000001,79.83972222222222,28.14475004671023,Unhealthy for Sensitive Groups
2026-01-16,116.14166666666668,165.8,116.70833333333331,1853.4166666666667,87.55833333333334,73.22500000000001,29.08333333333333,12.216666666666669,20.4,6.8,56.79166666666666,3.358333333333333,0.0,0.0,1014.9791666666666,8.445833333333333,18.4,130.08333333333334,3.5,3446.0,2026,1,4,16,0,No Holiday,0,0,1,0,0,1,0.49999999999999994,0.8660254037844387,-0.433883739117558,-0.9009688679024191,0.2717767384711357,0.9623603298276545,112.75833333333333,81.3125,83.25,74.28750000000001,80.12083333333334,75.07738095238095,92.84196428571428,79.90527777777778,21.113811531026826,Unhealthy
2026-01-17,49.75416666666666,108.3,51.6125,701.375,31.679166666666664,29.34166666666667,38.0,7.825,10.8,5.6,76.5,3.858333333333333,0.0,0.0,1018.75,15.154166666666669,18.7,64.70833333333333,83.25,1682.0,2026,1,5,17,1,No Holiday,0,0,0,0,0,1,0.49999999999999994,0.8660254037844387,-0.9749279121818236,-0.2225209339563146,0.2882906407095177,0.9575429528116719,116.14166666666668,112.75833333333333,81.3125,55.8,116.64166666666668,81.0565476190476,95.41488095238095,80.11583333333334,26.17300401596219,Moderate
2026-01-18,55.24166666666667,87.5,57.56666666666666,611.3333333333334,60.458333333333336,53.56666666666666,11.458333333333334,8.424999999999999,12.2,5.5,81.58333333333333,5.295833333333333,0.3999999999999999,0.3999999999999999,1017.5208333333334,10.7375,13.3,71.41666666666667,79.75,1297.0,2026,1,6,18,1,No Holiday,0,0,0,0,0,1,0.49999999999999994,0.8660254037844387,-0.7818314824680299,0.6234898018587334,0.3047192331091634,0.9524422234305676,49.75416666666666,116.14166666666668,112.75833333333333,70.5625,126.6375,80.19285714285715,90.63720238095239,79.1401388888889,27.224011957282507,Moderate
2026-01-19,15.691666666666668,46.1,16.766666666666666,400.5416666666667,23.4,17.55,37.91666666666666,2.475,7.0,-1.4,82.16666666666667,-0.275,2.3000000000000003,1.4,1027.2,19.6125,23.3,28.95833333333333,100.0,512.0,2026,1,0,19,0,No Holiday,0,0,1,0,0,1,0.49999999999999994,0.8660254037844387,0.0,1.0,0.321057654185271,0.9470596510722283,55.24166666666667,49.75416666666666,116.14166666666668,47.57083333333333,128.17083333333332,78.00416666666668,85.5375,77.42458333333333,28.702980471772605,Good
2026-01-20,24.004166666666663,40.2,25.4375,401.25,23.65416666666667,19.33333333333333,48.083333333333336,-3.1291666666666664,-1.5,-4.7,81.83333333333333,-5.779166666666666,3.6,0.0,1032.8833333333334,15.008333333333333,18.1,50.5,98.625,1690.0,2026,1,1,20,0,No Holiday,0,0,1,0,0,1,0.49999999999999994,0.8660254037844387,0.7818314824680298,0.6234898018587336,0.3373010691361842,0.9413968285264122,15.691666666666668,55.24166666666667,49.75416666666666,83.25,127.1,73.45,77.50327380952379,74.9113888888889,35.95052936108994,Good
2026-01-21,59.56666666666666,101.0,63.1375,594.7083333333334,37.17083333333333,29.191666666666663,40.5,-4.3875,-2.0,-6.3,71.25,-9.070833333333333,0.0,0.0,1034.8166666666666,8.654166666666667,11.3,292.625,24.041666666666668,3615.0,2026,1,2,21,0,No Holiday,0,0,1,0,0,1,0.49999999999999994,0.8660254037844387,0.9749279121818236,-0.22252093395631434,0.3534446712740877,0.9354554315134164,24.004166666666663,15.691666666666668,55.24166666666667,81.3125,60.770833333333336,64.98630952380952,70.13928571428572,74.78430555555556,40.004281868207606,Moderate
2026-01-22,96.99583333333334,210.9,101.525,1078.625,55.19583333333333,56.583333333333336,25.83333333333333,-2.6041666666666665,2.2,-7.8,58.5,-10.554166666666667,0.0,0.0,1032.6416666666669,3.3041666666666667,5.5,156.45833333333334,43.208333333333336,3623.0,2026,1,3,22,0,No Holiday,0,0,1,0,0,1,0.49999999999999994,0.8660254037844387,0.43388373911755823,-0.900968867902419,0.3694836834473831,0.9292372181882051,59.56666666666666,24.004166666666663,15.691666666666668,112.75833333333333,134.80416666666667,61.87976190476191,70.05327380952382,75.5838888888889,39.36438528503965,Unhealthy for Sensitive Groups
2026-01-23,128.625,238.4,133.13750000000002,2044.125,60.97916666666666,71.06666666666666,20.08333333333333,1.0666666666666669,7.3,-3.4,56.208333333333336,-7.054166666666667,0.0,0.0,1027.95,3.6166666666666663,6.0,181.125,18.33333333333333,3664.0,2026,1,4,23,0,No Holiday,0,0,1,0,0,1,0.49999999999999994,0.8660254037844387,-0.433883739117558,-0.9009688679024191,0.38541335945432564,0.9227440286201427,96.99583333333334,59.56666666666666,24.004166666666663,116.14166666666668,74.28750000000001,59.62797619047619,67.35267857142857,77.09722222222223,36.300469792316136,Unhealthy
2026-01-24,135.05416666666667,217.0,137.27083333333334,1440.5416666666667,72.08749999999999,66.71249999999999,33.583333333333336,3.4166666666666665,9.7,-1.5,69.70833333333333,-1.9916666666666665,0.0,0.0,1026.0541666666666,6.466666666666666,10.7,91.66666666666669,10.833333333333334,3701.0,2026,1,5,24,1,No Holiday,0,0,0,0,0,1,0.49999999999999994,0.8660254037844387,-0.9749279121818236,-0.2225209339563146,0.4012289854475009,0.9159777842484877,128.625,96.99583333333334,59.56666666666666,49.75416666666666,55.8,61.41130952380952,71.23392857142858,79.69486111111111,39.688106492470396,Unhealthy
2026-01-25,84.34583333333333,120.1,86.02916666666665,1063.0833333333333,83.42916666666666,60.395833333333336,12.541666666666666,5.470833333333334,9.9,1.8,80.04166666666667,2.1875,1.4,1.4,1024.6583333333333,12.245833333333332,15.3,79.75,63.66666666666666,1979.0,2026,1,6,25,1,No Holiday,0,0,0,0,0,1,0.49999999999999994,0.8660254037844387,-0.7818314824680299,0.6234898018587334,0.4169258813287287,0.908940487313808,135.05416666666667,128.625,96.99583333333334,55.24166666666667,70.5625,73.5970238095238,76.89494047619048,82.23833333333332,47.78217028304249,Unhealthy for Sensitive Groups
2026-01-26,35.895833333333336,57.9,37.17916666666667,662.7916666666666,48.00833333333333,29.058333333333334,15.833333333333334,4.4625,5.5,3.5,96.20833333333331,3.8875,5.3,5.3,1025.0875,9.904166666666669,12.1,24.041666666666668,100.0,425.0,2026,1,0,26,0,No Holiday,0,0,1,0,0,1,0.49999999999999994,0.8660254037844387,0.0,1.0,0.4324994021339788,0.901634220265486,84.34583333333333,135.05416666666667,128.625,15.691666666666668,47.57083333333333,77.7547619047619,77.87946428571429,83.27222222222223,47.18125519314345,Moderate
2026-01-27,52.575,134.1,55.99166666666667,759.625,42.48333333333333,38.7625,27.125,3.954166666666667,7.7,2.0,77.54166666666667,-0.1124999999999999,0.3,0.3,1028.725,7.866666666666667,10.0,28.58333333333333,66.95833333333333,2586.0,2026,1,1,27,0,No Holiday,0,0,1,0,0,1,0.49999999999999994,0.8660254037844387,0.7818314824680298,0.6234898018587336,0.44794493940789115,0.8940611451454876,35.895833333333336,84.34583333333333,135.05416666666667,24.004166666666663,83.25,80.64107142857144,77.04553571428572,81.28986111111111,43.201951502116955,Moderate
2026-01-28,64.99166666666666,136.4,72.0125,805.5833333333334,50.10833333333333,35.72083333333333,25.916666666666668,3.395833333333333,8.2,-0.9,70.25,-1.8208333333333333,0.0,0.0,1028.1625,6.154166666666666,10.2,118.75,30.916666666666668,3787.0,2026,1,2,28,0,No Holiday,0,0,1,0,0,1,0.49999999999999994,0.8660254037844387,0.9749279121818236,-0.22252093395631434,0.4632579225674917,0.88622350294858,52.575,35.895833333333336,84.34583333333333,59.56666666666666,81.3125,84.72261904761906,74.85446428571429,79.73555555555555,37.99518357460219,Moderate
2026-01-29,54.75833333333333,94.1,60.520833333333336,746.2083333333334,56.79166666666666,47.22916666666666,22.375,5.483333333333333,9.8,1.3,69.95833333333333,0.2541666666666667,0.4,0.4,1027.0291666666667,12.65,18.5,89.20833333333333,64.45833333333333,2540.0,2026,1,3,29,0,No Holiday,0,0,1,0,0,1,0.49999999999999994,0.8660254037844387,0.43388373911755823,-0.900968867902419,0.4784338202547012,0.8781236129591848,64.99166666666666,52.575,35.895833333333336,96.99583333333334,112.75833333333333,85.49761904761905,73.68869047619047,78.25305555555556,37.447937228177175,Moderate
2026-01-30,18.916666666666668,41.6,20.679166666666667,500.75,34.300000000000004,18.266666666666666,35.625,1.9083333333333332,4.2,0.8,96.20833333333331,1.3666666666666665,19.0,12.0,1029.1625,17.745833333333334,23.7,56.75,100.0,415.0,2026,1,4,30,0,No Holiday,0,0,1,0,0,1,0.49999999999999994,0.8660254037844387,-0.433883739117558,-0.9009688679024191,0.49346814167723735,0.8697638720650646,54.75833333333333,64.99166666666666,52.575,128.625,116.14166666666668,79.46369047619048,69.54583333333333,77.6526388888889,38.66937787686264,Good
2026-01-31,58.69166666666666,167.6,64.84583333333333,1662.625,39.84166666666667,36.0375,34.375,2.275,5.8,-0.2,81.83333333333333,-0.7708333333333334,1.0,0.4,1030.9666666666667,4.779166666666667,10.2,96.83333333333331,74.04166666666667,2539.0,2026,1,5,31,1,No Holiday,0,0,0,0,0,1,0.49999999999999994,0.8660254037844387,-0.9749279121818236,-0.2225209339563146,0.5083564379375122,0.8611467540480452,18.916666666666668,54.75833333333333,64.99166666666666,135.05416666666667,49.75416666666666,63.791071428571435,62.601190476190474,77.46138888888889,37.642209321704875,Moderate
2026-02-01,113.53333333333336,189.5,120.89583333333331,2293.0,56.53333333333333,63.80416666666667,20.45833333333333,3.2,7.6,0.0,78.45833333333333,-0.425,0.0,0.0,1029.2083333333333,4.3500000000000005,7.9,231.875,74.66666666666667,2637.0,2026,2,6,32,1,No Holiday,0,0,0,0,0,1,0.8660254037844386,0.5000000000000001,-0.7818314824680299,0.6234898018587334,0.5230943033491326,0.8522748088519838,58.69166666666666,18.916666666666668,54.75833333333333,84.34583333333333,55.24166666666667,52.88214285714286,63.23958333333333,78.36791666666666,20.881242235119668,Unhealthy for Sensitive Groups
2026-02-02,109.07083333333333,172.3,117.02083333333331,1507.5416666666667,55.55416666666667,49.22083333333333,29.041666666666668,5.033333333333333,10.8,0.2,74.91666666666667,0.5916666666666667,0.0,0.0,1030.3125,4.2625,7.9,168.95833333333334,28.875,3698.0,2026,2,0,33,0,No Holiday,0,0,1,0,0,1,0.8660254037844386,0.5000000000000001,0.0,1.0,0.5376773767406141,0.8431506618282,113.53333333333336,58.69166666666666,18.916666666666668,35.895833333333336,15.691666666666668,57.051785714285714,67.40327380952381,79.48166666666665,29.391209855429096,Unhealthy for Sensitive Groups
2026-02-03,94.65416666666664,141.6,100.6875,928.9583333333334,60.24583333333334,47.925,28.916666666666668,5.866666666666667,11.2,0.9,66.95833333333333,-0.1333333333333333,0.0,0.0,1027.6833333333334,9.691666666666666,11.7,127.83333333333331,53.625,3603.0,2026,2,1,34,0,No Holiday,0,0,1,0,0,1,0.8660254037844386,0.5000000000000001,0.7818314824680298,0.6234898018587336,0.5521013427459208,0.8337770129585915,109.07083333333333,113.53333333333336,58.69166666666666,52.575,24.004166666666663,67.50535714285715,74.07321428571429,79.22930555555556,33.3579730733077,Unhealthy for Sensitive Groups
2026-02-04,103.69583333333333,220.3,106.9125,2151.5416666666665,53.45,55.4375,35.125,9.3,15.4,4.2,65.66666666666667,2.8875,0.0,0.0,1018.8166666666666,5.175,7.5,190.625,47.75,3940.0,2026,2,2,35,0,No Holiday,0,0,1,0,0,1,0.8660254037844386,0.5000000000000001,0.9749279121818236,-0.22252093395631434,0.5663619330814524,0.8241566360566663,94.65416666666664,109.07083333333333,113.53333333333336,64.99166666666666,59.56666666666666,73.51666666666667,79.11964285714285,78.16319444444443,34.00420955354069,Unhealthy for Sensitive Groups
2026-02-05,115.05833333333334,194.2,116.63333333333333,2916.875,63.62916666666666,62.925,29.70833333333333,10.345833333333331,13.4,6.8,71.0,5.179166666666666,0.0,0.0,1017.7833333333332,5.175,14.6,113.91666666666669,89.0,1930.0,2026,2,3,36,0,No Holiday,0,0,1,0,0,1,0.8660254037844386,0.5000000000000001,0.43388373911755823,-0.900968867902419,0.580454927809098,0.8142923779467267,103.69583333333333,94.65416666666664,109.07083333333333,54.75833333333333,96.99583333333334,79.04583333333333,82.27172619047619,77.34736111111111,35.500756545146665,Unhealthy
2026-02-06,29.504166666666663,94.5,33.675000000000004,576.0833333333334,24.53333333333333,20.129166666666663,46.16666666666666,3.1375,8.8,-0.6,79.33333333333333,-0.175,5.5,3.4000000000000004,1025.375,17.416666666666668,22.3,47.16666666666666,95.54166666666669,736.0,2026,2,4,37,0,No Holiday,0,0,1,0,0,1,0.8660254037844386,0.5000000000000001,-0.433883739117558,-0.9009688679024191,0.5943761565849831,0.804187157621448,115.05833333333334,103.69583333333333,94.65416666666664,18.916666666666668,128.625,87.66011904761903,83.56190476190477,76.94597222222222,35.9383693821687,Good
2026-02-07,39.13333333333333,111.3,45.77916666666667,463.2083333333333,30.46666666666667,24.95833333333333,43.625,0.6583333333333333,3.3,-1.3,67.5,-4.916666666666667,0.0,0.0,1031.5791666666669,9.0875,12.9,130.0,78.625,2862.0,2026,2,5,38,1,No Holiday,0,0,0,0,0,1,0.8660254037844386,0.5000000000000001,-0.9749279121818236,-0.2225209339563146,0.6081214998935418,0.7938439653781019,29.504166666666663,115.05833333333334,103.69583333333333,58.69166666666666,135.05416666666667,89.17261904761905,76.48184523809525,75.90375,32.63392233404922,Moderate
2026-02-08,58.2875,114.3,64.95833333333333,719.7916666666666,40.0375,33.15416666666667,33.833333333333336,0.3791666666666666,4.6,-3.2,56.958333333333336,-7.783333333333334,0.0,0.0,1035.4041666666667,6.916666666666667,10.6,199.83333333333331,0.0,4339.0,2026,2,6,39,1,No Holiday,0,0,0,0,0,1,0.8660254037844386,0.5000000000000001,-0.7818314824680299,0.6234898018587334,0.6216868902665479,0.7832658619336791,39.13333333333333,29.504166666666663,115.05833333333334,113.53333333333336,84.34583333333333,86.37857142857142,69.63035714285714,72.71472222222222,36.30893384896714,Moderate
2026-02-09,45.37083333333334,72.4,47.85833333333333,780.3333333333334,41.42916666666667,34.416666666666664,27.125,2.2875,7.4,-2.0,55.083333333333336,-6.1000000000000005,1.3,0.7000000000000001,1026.0833333333333,9.916666666666666,12.9,135.29166666666666,86.33333333333333,3253.0,2026,2,0,40,0,No Holiday,0,0,1,0,0,1,0.8660254037844386,0.5000000000000001,0.0,1.0,0.6350683134867438,0.7724559775191742,58.2875,39.13333333333333,29.504166666666663,109.07083333333333,35.895833333333336,78.48630952380951,67.76904761904761,72.18138888888889,35.41596786192009,Moderate
2026-02-10,49.925,114.3,51.4375,1092.5833333333333,35.75,32.2,39.91666666666666,4.404166666666667,8.7,0.9,79.41666666666667,0.9625,0.0,0.0,1021.1958333333332,9.466666666666669,15.3,235.04166666666663,63.458333333333336,2756.0,2026,2,1,41,0,No Holiday,0,0,1,0,0,1,0.8660254037844386,0.5000000000000001,0.7818314824680298,0.6234898018587336,0.6482618097757122,0.7614175109532997,45.37083333333334,58.2875,39.13333333333333,94.65416666666664,52.575,69.38630952380952,68.44583333333334,71.83375,34.417283313876894,Moderate
2026-02-11,107.99166666666667,179.3,119.23333333333332,1768.3333333333333,55.475,54.97916666666666,34.833333333333336,6.25,12.8,-0.1,76.79166666666667,2.025,0.0,0.0,1024.8416666666667,4.508333333333334,7.9,237.70833333333331,0.0833333333333333,4318.0,2026,2,2,42,0,No Holiday,0,0,1,0,0,1,0.8660254037844386,0.5000000000000001,0.9749279121818236,-0.22252093395631434,0.6612634749656386,0.7501537286959042,49.925,45.37083333333334,58.2875,103.69583333333333,64.99166666666666,62.99642857142857,68.25654761904762,71.14583333333333,33.070027360981776,Unhealthy for Sensitive Groups
2026-02-12,102.85833333333332,165.8,119.02083333333331,1695.5416666666667,56.15,47.54166666666666,48.75,8.170833333333333,15.7,1.5,68.70833333333333,2.2916666666666665,0.0,0.0,1020.7291666666666,6.504166666666666,8.7,164.79166666666666,12.083333333333334,4333.0,2026,2,3,43,0,No Holiday,0,0,1,0,0,1,0.8660254037844386,0.5000000000000001,0.43388373911755823,-0.900968867902419,0.6740694616546161,0.7386679638813748,107.99166666666667,49.925,45.37083333333334,115.05833333333334,54.75833333333333,63.610119047619044,71.32797619047619,73.1598611111111,33.97855659384396,Unhealthy for Sensitive Groups
2026-02-13,96.70833333333331,184.4,104.8,1814.3333333333333,50.73333333333333,50.65,48.833333333333336,9.9375,17.5,3.5,70.66666666666667,4.370833333333334,0.0,0.0,1015.8333333333334,5.404166666666666,7.9,185.29166666666663,1.6666666666666667,4308.0,2026,2,4,44,0,No Holiday,0,0,1,0,0,1,0.8660254037844386,0.5000000000000001,-0.433883739117558,-0.9009688679024191,0.6866759803451553,0.726963615332308,102.85833333333332,107.99166666666667,49.925,29.504166666666663,18.916666666666668,61.867261904761904,74.76369047619048,73.81347222222222,31.089908768741605,Unhealthy for Sensitive Groups
2026-02-14,108.9,175.1,113.67916666666667,2119.9166666666665,61.51666666666667,55.82083333333333,42.0,12.433333333333332,20.0,7.0,72.70833333333333,7.25,0.0,0.0,1013.7208333333332,5.795833333333333,8.1,201.29166666666663,1.5833333333333333,4405.0,2026,2,5,45,1,No Holiday,0,1,0,0,1,1,0.8660254037844386,0.5000000000000001,-0.9749279121818236,-0.2225209339563146,0.6990793005655562,0.7150441465537444,96.70833333333331,102.85833333333332,107.99166666666667,39.13333333333333,58.69166666666666,71.46785714285714,80.32023809523808,74.32666666666665,29.779257003023314,Unhealthy for Sensitive Groups
2026-02-15,79.125,149.0,80.93333333333332,1410.5833333333333,41.8625,42.85,61.625,11.529166666666669,20.6,6.2,71.54166666666667,6.216666666666666,0.6,0.6,1018.2125,12.229166666666666,24.7,76.75,62.875,4075.0,2026,2,6,46,1,Spring Festival,1,1,0,0,1,1,0.8660254037844386,0.5000000000000001,-0.7818314824680299,0.6234898018587334,0.7112757519738152,0.7029130847082615,108.9,96.70833333333331,102.85833333333332,58.2875,113.53333333333336,81.43452380952381,83.90654761904761,74.19805555555556,28.812982211989222,Unhealthy for Sensitive Groups
2026-02-16,23.40416666666667,47.0,25.954166666666666,394.125,28.320833333333336,17.741666666666667,42.583333333333336,3.25,5.1,1.5,79.125,-0.1291666666666666,10.1,9.1,1027.7333333333331,13.629166666666668,25.8,95.83333333333331,99.625,1066.0,2026,2,0,47,0,Spring Festival,1,1,0,0,1,1,0.8660254037844386,0.5000000000000001,0.0,1.0,0.7232617254437388,0.6905740195722293,79.125,108.9,96.70833333333331,45.37083333333334,109.07083333333333,84.41130952380952,81.44880952380952,72.96416666666666,27.045172336781008,Good
2026-02-17,56.5375,113.6,59.3375,1060.5,44.76666666666667,38.27916666666667,28.666666666666668,4.9,8.4,1.5,62.41666666666666,-2.0875,0.0,0.0,1027.0208333333333,4.4875,7.4,175.83333333333334,65.625,3516.0,2026,2,1,48,0,Spring Festival,1,1,0,0,1,1,0.8660254037844386,0.5000000000000001,0.7818314824680298,0.6234898018587336,0.7350336741329413,0.6780306024735382,23.40416666666667,79.125,108.9,49.925,94.65416666666664,81.27321428571429,75.3297619047619,72.08583333333333,32.958123143129974,Moderate
2026-02-18,89.80416666666667,190.9,92.92916666666667,1356.2916666666667,45.98333333333333,44.875,40.0,6.5125,12.6,0.9,64.70833333333333,-0.2333333333333333,0.0,0.0,1026.775,4.470833333333333,7.0,235.25,43.583333333333336,4592.0,2026,2,2,49,0,Spring Festival,1,1,0,0,1,1,0.8660254037844386,0.5000000000000001,0.9749279121818236,-0.22252093395631434,0.746588114532413,0.6652865452111116,56.5375,23.40416666666667,79.125,107.99166666666667,103.69583333333333,82.21785714285714,72.60714285714286,72.12902777777778,31.990430491359152,Unhealthy for Sensitive Groups
2026-02-19,88.61666666666667,142.0,90.63333333333333,1375.625,53.65416666666667,52.1625,33.583333333333336,7.741666666666666,12.9,2.8,67.95833333333333,1.8166666666666669,0.0,0.0,1023.2166666666668,7.8875,13.0,198.75,62.04166666666666,3295.0,2026,2,3,50,0,Spring Festival,1,1,0,0,1,1,0.8660254037844386,0.5000000000000001,0.43388373911755823,-0.900968867902419,0.7579216274973472,0.6523456189565257,89.80416666666667,56.5375,23.40416666666667,102.85833333333332,115.05833333333334,79.61964285714285,71.61488095238096,74.59944444444444,30.238864811791718,Unhealthy for Sensitive Groups
2026-02-20,38.25833333333333,56.8,40.69166666666667,761.2916666666666,26.441666666666663,40.13333333333333,61.125,10.804166666666667,17.6,5.2,70.33333333333333,5.104166666666667,0.0,0.0,1016.15,14.241666666666667,17.8,209.125,0.0,4729.0,2026,2,4,51,0,Spring Festival,1,1,0,0,1,1,0.8660254037844386,0.5000000000000001,-0.433883739117558,-0.9009688679024191,0.7690308592589181,0.6392116531380588,88.61666666666667,89.80416666666667,56.5375,96.70833333333331,29.504166666666663,77.58511904761905,69.72619047619048,76.75319444444445,28.862514221434964,Moderate
2026-02-21,28.3,38.3,29.65416666666667,653.125,25.433333333333334,24.5625,77.125,14.0375,21.1,8.2,59.458333333333336,6.004166666666666,0.0,0.0,1007.7333333333332,15.775,17.9,208.04166666666663,0.0,4750.0,2026,2,5,52,1,Spring Festival,1,1,0,0,1,1,0.8660254037844386,0.5000000000000001,-0.9749279121818236,-0.2225209339563146,0.7799125224167177,0.6258885343075018,38.25833333333333,88.61666666666667,89.80416666666667,108.9,39.13333333333333,69.23511904761905,70.3514880952381,76.04291666666667,30.798023781554615,Good
2026-02-22,46.5375,67.8,70.82083333333334,604.5416666666666,31.241666666666664,26.48333333333333,66.16666666666667,14.320833333333333,19.9,7.8,54.91666666666666,4.3375,0.0,0.0,1013.4375,12.1125,16.5,153.125,4.5,4824.0,2026,2,6,53,1,Spring Festival,1,1,0,0,1,1,0.8660254037844386,0.5000000000000001,-0.7818314824680299,0.6234898018587334,0.7905633969115482,0.612380204990065,28.3,38.25833333333333,88.61666666666667,79.125,58.2875,57.72083333333334,69.57767857142856,73.75305555555556,28.476421167344736,Moderate
2026-02-23,26.166666666666668,37.3,32.00416666666667,550.25,42.270833333333336,32.27916666666667,46.208333333333336,10.091666666666669,15.4,5.3,51.208333333333336,0.0458333333333332,3.3,3.3,1017.7875,17.6375,23.1,102.41666666666669,87.58333333333333,3356.0,2026,2,0,54,0,Spring Festival,1,1,0,0,1,1,0.8660254037844386,0.5000000000000001,0.0,1.0,0.8009803309782905,0.5986906625177214,46.5375,28.3,38.25833333333333,23.40416666666667,45.37083333333334,53.0654761904762,68.73839285714286,71.01680555555555,27.02055241804265,Good
2026-02-24,23.875,33.1,26.775,386.9166666666667,32.862500000000004,21.091666666666665,56.5,7.5125,8.8,5.9,84.75,5.05,6.9,6.9,1018.7625,13.070833333333333,18.6,46.41666666666666,95.54166666666669,1084.0,2026,2,1,55,0,No Holiday,0,1,1,0,1,1,0.8660254037844386,0.5000000000000001,0.7818314824680298,0.6234898018587336,0.8111602420785621,0.5848239578463322,26.166666666666668,46.5375,28.3,56.5375,49.925,53.46011904761905,67.36666666666666,67.38722222222222,26.53087505811307,Good
2026-02-25,31.116666666666664,53.7,35.62083333333333,497.4166666666667,35.24583333333333,25.2,50.375,8.320833333333333,11.1,5.8,78.04166666666667,4.658333333333333,0.0,0.0,1019.8041666666668,9.583333333333334,12.8,97.20833333333331,100.0,2475.0,2026,2,2,56,0,No Holiday,0,0,1,0,0,1,0.8660254037844386,0.5000000000000001,0.9749279121818236,-0.22252093395631434,0.8211001178128892,0.5707841943569036,23.875,26.166666666666668,46.5375,89.80416666666667,107.99166666666667,48.794047619047625,65.50595238095238,65.37152777777777,28.684279741103378,Good
2026-02-26,39.8625,53.8,40.583333333333336,915.3333333333334,67.98333333333333,42.69583333333333,5.041666666666667,8.616666666666667,10.1,7.4,93.125,7.541666666666667,16.1,16.1,1013.35,10.395833333333334,14.0,106.25,100.0,712.0,2026,2,3,57,0,No Holiday,0,0,1,0,0,1,0.8660254037844386,0.5000000000000001,0.43388373911755823,-0.900968867902419,0.8307970168121247,0.5565755266413303,31.116666666666664,23.875,26.166666666666668,88.61666666666667,102.85833333333332,40.41011904761905,60.01488095238095,65.21222222222222,22.639771607340517,Moderate
2026-02-27,26.866666666666664,55.2,28.02916666666667,565.0833333333334,42.36666666666667,23.141666666666666,24.791666666666668,9.345833333333331,11.1,7.4,89.375,7.6625,0.2,0.2,1015.3125,8.958333333333334,11.3,166.20833333333334,100.0,1180.0,2026,2,4,58,0,No Holiday,0,0,1,0,0,1,0.8660254037844386,0.5000000000000001,-0.433883739117558,-0.9009688679024191,0.8402480696078469,0.5422021592729844,39.8625,31.116666666666664,23.875,38.25833333333333,96.70833333333331,33.445238095238096,55.51517857142858,64.78847222222223,8.288719614664997,Good
2026-02-28,41.47916666666666,75.2,44.4375,533.375,45.7625,32.50833333333333,30.75,9.7375,12.9,7.2,79.08333333333333,6.1625000000000005,0.3,0.3,1016.925,10.754166666666668,14.2,82.29166666666667,95.16666666666669,2093.0,2026,2,5,59,1,No Holiday,0,0,0,0,0,1,0.8660254037844386,0.5000000000000001,-0.9749279121818236,-0.2225209339563146,0.8494504794814806,0.527668345562516,26.866666666666664,39.8625,31.116666666666664,28.3,108.9,31.817857142857143,50.5264880952381,63.51763888888889,8.304520576407267,Moderate
2026-03-01,32.50416666666667,66.1,33.27916666666667,641.75,65.26666666666667,37.59583333333333,16.625,10.675,11.8,9.1,95.5,9.9875,29.4,29.4,1012.7666666666668,13.995833333333332,16.2,71.33333333333333,100.0,673.0,2026,3,6,60,1,No Holiday,0,0,0,1,0,1,1.0,6.123233995736766e-17,-0.7818314824680299,0.6234898018587334,0.8584015232918917,0.512978386299228,41.47916666666666,26.866666666666664,39.8625,46.5375,79.125,33.70059523809523,45.71071428571429,63.075,8.850075665536279,Good
2026-03-02,15.033333333333331,28.2,15.1625,420.625,26.17083333333333,16.75,42.91666666666666,8.679166666666667,9.8,6.9,85.95833333333333,6.391666666666667,1.5,1.5,1017.2708333333334,13.95,17.2,197.16666666666663,100.0,1203.0,2026,3,0,61,0,No Holiday,0,0,1,1,0,1,1.0,6.123233995736766e-17,0.0,1.0,0.8670985522812081,0.4981366284784055,32.50416666666667,41.47916666666666,26.866666666666664,26.166666666666668,23.40416666666667,31.69583333333333,42.38065476190476,63.52791666666666,6.812425670678684,Good
2026-03-03,30.945833333333336,54.4,31.925,572.25,30.72083333333333,24.4875,38.125,7.375,10.7,5.1,77.79166666666667,3.6291666666666655,0.0,0.0,1024.7333333333331,9.104166666666666,14.6,88.25,91.625,3587.0,2026,3,1,62,0,No Holiday,0,0,1,1,0,1,1.0,6.123233995736766e-17,0.7818314824680298,0.6234898018587336,0.8755389928586302,0.4831474640149687,15.033333333333331,32.50416666666667,41.47916666666666,23.875,56.5375,30.10535714285714,41.782738095238095,62.072638888888896,9.199771570950858,Good
2026-03-04,30.620833333333334,59.8,34.38333333333333,498.0,41.65833333333333,26.379166666666663,31.416666666666668,7.466666666666666,11.1,4.7,79.58333333333333,3.9916666666666663,0.3,0.3,1023.3083333333334,9.879166666666666,14.7,79.5,90.625,2570.0,2026,3,2,63,0,No Holiday,0,0,1,1,0,1,1.0,6.123233995736766e-17,0.9749279121818236,-0.22252093395631434,0.8837203473619977,0.4680153284438345,30.945833333333336,15.033333333333331,32.50416666666667,31.116666666666664,89.80416666666667,31.11547619047619,39.9547619047619,59.319722222222225,8.780294683861882,Good
2026-03-05,47.92083333333333,59.8,52.4875,776.7083333333334,59.92083333333333,43.325,13.791666666666666,8.708333333333334,11.4,6.3,82.58333333333333,5.791666666666667,0.1,0.1,1021.7208333333332,6.5125,9.6,195.125,86.95833333333333,1855.0,2026,3,3,64,0,No Holiday,0,0,1,1,0,1,1.0,6.123233995736766e-17,0.43388373911755823,-0.900968867902419,0.8916401947968874,0.45274469960737107,30.620833333333334,30.945833333333336,15.033333333333331,39.8625,88.61666666666667,31.044642857142858,35.72738095238095,56.70472222222222,8.782283273953977,Moderate
2026-03-06,54.27916666666667,102.9,64.82083333333334,675.0416666666666,30.84583333333333,31.929166666666664,30.125,7.820833333333333,11.2,4.8,75.66666666666667,3.6666666666666665,0.1,0.1,1026.0416666666667,9.8375,15.9,68.75,77.125,2815.0,2026,3,4,65,0,No Holiday,0,0,1,1,0,1,1.0,6.123233995736766e-17,-0.433883739117558,-0.9009688679024191,0.8992961915530253,0.4373400963303323,47.92083333333333,30.620833333333334,30.945833333333336,26.866666666666664,38.25833333333333,32.19583333333333,32.82053571428571,55.14694444444444,10.492422033967763,Moderate
2026-03-07,43.55416666666667,69.8,51.40416666666667,466.4166666666667,25.8125,20.59583333333333,55.583333333333336,6.0625,10.1,2.5,65.41666666666667,-0.1166666666666666,0.0,0.0,1029.2,11.820833333333333,15.3,62.66666666666666,72.58333333333333,4857.0,2026,3,5,66,1,No Holiday,0,0,0,1,0,1,1.0,6.123233995736766e-17,-0.9749279121818236,-0.2225209339563146,0.9066860720977985,0.4218060770826634,54.27916666666667,47.92083333333333,30.620833333333334,41.47916666666666,28.3,36.11190476190476,33.964880952380945,53.499722222222225,12.99018736423533,Moderate
2026-03-08,44.54166666666666,75.0,52.55,611.5416666666666,45.41666666666666,41.63333333333333,28.625,8.25,13.6,4.3,67.83333333333333,2.4916666666666667,0.0,0.0,1026.3541666666667,7.770833333333333,10.8,77.54166666666667,74.08333333333333,4807.0,2026,3,6,67,1,No Holiday,0,0,0,1,0,1,1.0,6.123233995736766e-17,-0.7818314824680299,0.6234898018587334,0.9138076496466615,0.4061472386305789,43.55416666666667,54.27916666666667,47.92083333333333,32.50416666666667,46.5375,36.40833333333334,35.05446428571428,51.11625,13.155698886583226,Moderate
2026-03-09,58.37083333333334,101.5,73.52499999999999,630.9583333333334,41.475,25.1,42.125,8.737499999999999,13.1,4.8,69.45833333333333,2.970833333333333,0.0,0.0,1030.675,9.129166666666666,14.3,44.208333333333336,71.66666666666667,4665.0,2026,3,0,68,0,No Holiday,0,0,1,1,0,1,1.0,6.123233995736766e-17,0.0,1.0,0.9206588168102428,0.3903682146763026,44.54166666666666,43.55416666666667,54.27916666666667,15.033333333333331,26.166666666666668,38.12797619047619,34.91190476190476,51.6175,13.345678901326226,Moderate
2026-03-10,43.86666666666667,56.8,52.90416666666667,537.8333333333334,31.17083333333333,22.7,58.04166666666666,8.145833333333334,14.3,2.7,59.583333333333336,0.2333333333333333,0.0,0.0,1025.7916666666667,9.054166666666664,13.2,145.04166666666666,0.0,5426.0,2026,3,1,69,0,No Holiday,0,0,1,1,0,1,1.0,6.123233995736766e-17,0.7818314824680298,0.6234898018587336,0.9272375462179537,0.374473674486883,58.37083333333334,44.54166666666666,43.55416666666667,30.945833333333336,23.875,44.31904761904762,37.21220238095238,52.25874999999999,10.620326820106547,Moderate
2026-03-11,67.38333333333334,114.3,72.41250000000001,744.875,47.55,42.62916666666667,19.125,9.420833333333333,15.6,5.2,68.33333333333333,3.7083333333333335,1.0,1.0,1021.2958333333332,7.6375,11.5,112.66666666666669,42.16666666666666,2946.0,2026,3,2,70,0,No Holiday,0,0,1,1,0,1,1.0,6.123233995736766e-17,0.9749279121818236,-0.22252093395631434,0.9335418911179212,0.35846832151248087,43.86666666666667,58.37083333333334,44.54166666666666,30.620833333333334,31.116666666666664,46.164880952380955,38.64017857142857,51.778055555555554,8.890633028910994,Moderate
2026-03-12,62.2,123.4,74.66250000000001,574.9583333333334,46.875,28.625,38.29166666666666,9.3625,15.1,4.6,68.75,3.325,0.0,0.0,1027.3708333333334,8.854166666666666,14.6,51.04166666666666,3.5416666666666665,5272.0,2026,3,3,71,0,No Holiday,0,0,1,1,0,1,1.0,6.123233995736766e-17,0.43388373911755823,-0.900968867902419,0.9395699859530622,0.342356891994542,67.38333333333334,43.86666666666667,58.37083333333334,47.92083333333333,39.8625,51.41666666666667,41.23065476190476,52.51180555555555,9.035085930846378,Moderate
2026-03-13,68.80833333333334,109.4,82.59166666666667,635.5416666666666,41.47916666666666,31.64583333333333,42.708333333333336,9.2625,15.6,3.6,63.41666666666666,1.8166666666666669,0.0,0.0,1027.0458333333331,8.579166666666667,12.9,110.33333333333331,8.0,5640.0,2026,3,4,72,0,No Holiday,0,0,1,1,0,1,1.0,6.123233995736766e-17,-0.433883739117558,-0.9009688679024191,0.945320046913132,0.3261441535642696,62.2,67.38333333333334,43.86666666666667,54.27916666666667,26.866666666666664,53.45654761904762,42.82619047619048,52.92097222222222,9.701617508185548,Moderate
2026-03-14,60.70416666666667,96.9,64.95833333333333,695.5833333333334,58.80416666666667,43.1125,38.41666666666666,12.35,19.9,5.9,67.25,5.9875,0.0,0.0,1023.4875,9.016666666666667,13.1,81.75,24.875,5515.0,2026,3,5,73,1,No Holiday,0,0,0,1,0,1,1.0,6.123233995736766e-17,-0.9749279121818236,-0.2225209339563146,0.9507903724625832,0.3098349038318025,68.80833333333334,62.2,67.38333333333334,43.55416666666667,41.47916666666666,55.53214285714286,45.822023809523806,51.614861111111104,11.325283271098991,Moderate
2026-03-15,44.46666666666667,77.1,47.5375,558.3333333333334,51.56666666666666,27.116666666666664,38.375,10.254166666666666,13.4,8.4,82.20833333333333,7.2375,4.7,4.7,1025.625,10.495833333333334,15.2,27.45833333333333,99.5,2072.0,2026,3,6,74,1,No Holiday,0,0,0,1,0,1,1.0,6.123233995736766e-17,-0.7818314824680299,0.6234898018587334,0.9559793438440766,0.2934339689665273,60.70416666666667,68.80833333333334,62.2,44.54166666666666,32.50416666666667,57.98214285714287,47.195238095238096,50.209722222222226,10.089868381124306,Moderate
2026-03-16,41.641666666666666,55.8,43.583333333333336,655.2916666666666,47.54583333333333,24.14583333333333,25.20833333333333,8.516666666666667,10.3,7.4,95.0,7.745833333333334,9.9,9.9,1022.2125,11.208333333333334,14.0,66.75,100.0,935.0,2026,3,0,75,0,No Holiday,0,0,1,1,0,1,1.0,6.123233995736766e-17,0.0,1.0,0.9608854255574977,0.27694620226893646,44.46666666666667,60.70416666666667,68.80833333333334,58.37083333333334,15.033333333333331,57.971428571428575,48.04970238095238,48.468333333333334,10.106545375379389,Moderate
2026-03-17,42.07083333333333,62.9,43.06666666666666,808.9583333333334,67.05,45.35,6.916666666666667,9.020833333333334,10.5,7.8,95.33333333333331,8.295833333333333,13.3,13.3,1016.9583333333334,10.666666666666666,16.7,101.375,99.95833333333331,874.0,2026,3,1,76,0,No Holiday,0,0,1,1,0,1,1.0,6.123233995736766e-17,0.7818314824680298,0.6234898018587336,0.9655071658143364,0.2603764827344581,41.641666666666666,44.46666666666667,60.70416666666667,43.86666666666667,30.945833333333336,55.58154761904762,49.95029761904762,46.22638888888889,11.8277529528656,Moderate
2026-03-18,42.91666666666666,138.3,43.40416666666667,802.0416666666666,49.49166666666667,35.05833333333333,17.125,9.1,11.4,7.2,92.25,7.883333333333333,3.9,3.9,1017.6625,7.970833333333334,13.4,254.41666666666663,89.08333333333333,1258.0,2026,3,2,77,0,No Holiday,0,0,1,1,0,1,1.0,6.123233995736766e-17,0.9749279121818236,-0.22252093395631434,0.969843196967294,0.24372971360968387,42.07083333333333,41.641666666666666,44.46666666666667,67.38333333333334,30.620833333333334,55.324999999999996,50.74494047619048,44.99125000000001,12.139568138254884,Moderate
2026-03-19,94.45833333333331,163.0,101.95416666666668,911.625,52.11666666666667,45.48333333333333,25.125,9.670833333333333,13.2,6.8,80.625,6.291666666666667,0.3,0.3,1020.0416666666666,5.4875,8.4,128.08333333333334,83.95833333333333,2400.0,2026,3,3,78,0,No Holiday,0,0,1,1,0,1,1.0,6.123233995736766e-17,0.43388373911755823,-0.900968867902419,0.9738922359149924,0.22701082094141847,42.91666666666666,42.07083333333333,41.641666666666666,62.2,47.92083333333333,51.8297619047619,51.623214285714276,45.641666666666666,11.599290175383652,Unhealthy for Sensitive Groups
2026-03-20,109.03333333333336,158.8,122.27083333333331,870.6666666666666,56.92083333333333,46.53333333333333,21.875,10.883333333333333,15.2,6.2,74.79166666666667,6.295833333333333,0.0,0.0,1019.975,5.829166666666667,9.4,101.79166666666669,80.16666666666667,3337.0,2026,3,4,79,0,No Holiday,0,0,1,1,0,1,1.0,6.123233995736766e-17,-0.433883739117558,-0.9009688679024191,0.9776530844816641,0.2102247521189836,94.45833333333331,42.91666666666666,42.07083333333333,68.80833333333334,54.27916666666667,56.43809523809524,54.947321428571435,46.905694444444435,19.867298535313484,Unhealthy for Sensitive Groups
2026-03-21,62.34583333333333,95.2,81.29583333333333,704.9583333333334,60.77916666666667,47.39166666666667,31.45833333333333,11.020833333333334,16.2,6.3,74.20833333333333,6.1625000000000005,0.0,0.0,1020.1791666666668,8.9625,12.1,120.25,28.541666666666668,5697.0,2026,3,5,80,1,No Holiday,0,0,0,1,0,1,1.0,6.123233995736766e-17,-0.9749279121818236,-0.2225209339563146,0.981124629771712,0.19337647441020586,109.03333333333336,94.45833333333331,42.91666666666666,60.70416666666667,43.55416666666667,62.18452380952381,58.858333333333334,47.54666666666667,28.137589025547904,Moderate
2026-03-22,72.9875,140.2,79.77916666666667,867.7083333333334,48.75,36.84166666666667,45.04166666666666,14.141666666666666,20.6,9.2,75.875,9.595833333333331,0.0,0.0,1015.6208333333334,5.995833333333334,9.8,166.83333333333334,46.083333333333336,4797.0,2026,3,6,81,1,No Holiday,0,0,0,1,0,1,1.0,6.123233995736766e-17,-0.7818314824680299,0.6234898018587334,0.984305844499033,0.17647097349152166,62.34583333333333,109.03333333333336,94.45833333333331,44.46666666666667,44.54166666666666,62.41904761904761,60.20059523809524,46.67097222222222,28.130034514125146,Moderate
2026-03-23,62.57083333333333,120.1,69.55416666666666,619.8333333333334,57.34583333333333,30.46666666666667,35.208333333333336,14.245833333333332,17.6,11.8,74.58333333333333,9.608333333333333,0.0,0.0,1017.5416666666666,11.254166666666668,14.2,63.583333333333336,91.91666666666669,3560.0,2026,3,0,82,0,No Holiday,0,0,1,1,0,1,1.0,6.123233995736766e-17,0.0,1.0,0.9871957872910085,0.15951325197263655,72.9875,62.34583333333333,109.03333333333336,41.641666666666666,58.37083333333334,66.49345238095238,62.23244047619048,47.82861111111111,27.14464905930648,Moderate
2026-03-24,59.53333333333333,156.5,66.91666666666667,721.625,57.34583333333333,37.7375,23.5,12.05,13.9,10.1,79.375,8.541666666666666,0.0,0.0,1014.6625,7.766666666666667,11.3,88.125,93.25,1767.0,2026,3,1,83,0,No Holiday,0,0,1,1,0,1,1.0,6.123233995736766e-17,0.7818314824680298,0.6234898018587336,0.9897936029670716,0.14250832791617088,62.57083333333333,72.9875,62.34583333333333,42.07083333333333,43.86666666666667,69.48333333333333,62.53244047619047,48.97097222222223,25.02063083922127,Moderate
2026-03-25,106.25833333333333,158.3,132.10833333333332,1512.8333333333333,60.7125,53.475,36.66666666666666,13.683333333333332,19.2,8.9,72.95833333333333,8.237499999999999,0.0,0.0,1015.2791666666668,2.4833333333333334,5.1,202.125,48.583333333333336,5768.0,2026,3,2,84,0,No Holiday,0,0,1,1,0,1,1.0,6.123233995736766e-17,0.9749279121818236,-0.22252093395631434,0.992098522791769,0.12546123335273648,59.53333333333333,62.57083333333333,72.9875,42.91666666666666,67.38333333333334,71.9779761904762,63.65148809523809,49.40416666666667,22.58386757699945,Unhealthy for Sensitive Groups
2026-03-26,65.69583333333334,102.7,79.32083333333334,810.9583333333334,58.395833333333336,49.21666666666667,23.125,14.466666666666669,18.8,11.3,69.79166666666667,8.666666666666666,0.0,0.0,1013.6583333333332,10.116666666666667,14.2,114.875,89.79166666666667,3653.0,2026,3,3,85,0,No Holiday,0,0,1,1,0,1,1.0,6.123233995736766e-17,0.43388373911755823,-0.900968867902419,0.9941098647022418,0.10837701279187609,106.25833333333333,59.53333333333333,62.57083333333333,94.45833333333331,62.2,81.02678571428571,66.42827380952382,52.07388888888889,21.67026744346789,Moderate
2026-03-27,53.47083333333333,87.1,62.79583333333333,673.0,64.34583333333333,51.6125,22.916666666666668,15.141666666666666,20.1,10.9,68.125,8.883333333333333,0.8,0.8,1014.175,6.9125000000000005,10.0,88.58333333333333,58.54166666666666,3757.0,2026,3,4,86,0,No Holiday,0,0,1,1,0,1,1.0,6.123233995736766e-17,-0.433883739117558,-0.9009688679024191,0.9958270335100595,0.09126072172931188,65.69583333333334,106.25833333333333,59.53333333333333,109.03333333333336,68.80833333333334,76.91785714285716,66.67797619047619,53.467916666666675,21.42448567199503,Moderate
2026-03-28,56.09166666666667,95.0,69.10833333333333,823.4166666666666,50.625,56.10833333333333,37.75,15.558333333333332,21.1,9.6,63.0,7.666666666666667,0.1,0.1,1014.025,8.3125,16.5,121.29166666666669,43.29166666666666,5677.0,2026,3,5,87,1,No Holiday,0,0,0,1,0,1,1.0,6.123233995736766e-17,-0.9749279121818236,-0.2225209339563146,0.9972495210773451,0.07411742515094437,53.47083333333333,65.69583333333334,106.25833333333333,62.34583333333333,60.70416666666667,68.98035714285714,65.58244047619048,54.213055555555556,17.47084852304194,Moderate
2026-03-29,59.2125,95.9,68.35416666666667,1072.0833333333333,50.19166666666666,31.320833333333336,56.458333333333336,18.029166666666665,24.2,11.1,60.458333333333336,9.854166666666666,0.0,0.0,1010.0166666666668,5.45,11.2,168.5,63.0,5706.0,2026,3,6,88,1,No Holiday,0,0,0,1,0,1,1.0,6.123233995736766e-17,-0.7818314824680299,0.6234898018587334,0.998376906467142,0.056952196034039754,56.09166666666667,53.47083333333333,65.69583333333334,72.9875,44.46666666666667,68.08690476190476,65.25297619047619,54.75402777777778,18.01803228529297,Moderate
2026-03-30,43.9,68.2,46.66666666666666,660.1666666666666,51.8125,31.066666666666663,42.0,15.0375,17.9,12.1,89.08333333333333,13.175,15.8,15.8,1007.925,14.716666666666669,20.9,138.29166666666666,86.95833333333333,950.0,2026,3,0,89,0,No Holiday,0,0,1,1,0,1,1.0,6.123233995736766e-17,0.0,1.0,0.9992088560679753,0.03977011384605572,59.2125,56.09166666666667,53.47083333333333,62.57083333333333,41.641666666666666,66.11904761904762,66.30625,55.832222222222214,18.145380122089755,Moderate
2026-03-31,80.62916666666666,125.7,110.0875,791.8333333333334,52.5625,35.0875,34.75,13.683333333333332,16.8,10.7,82.625,10.620833333333334,0.0,0.0,1013.4208333333332,6.395833333333333,9.9,129.91666666666666,88.5,2237.0,2026,3,1,90,0,No Holiday,0,0,1,1,0,1,1.0,6.123233995736766e-17,0.7818314824680298,0.6234898018587336,0.9997451236925734,0.022576263041545485,43.9,59.2125,56.09166666666667,59.53333333333333,42.07083333333333,63.45178571428572,66.46755952380953,55.91291666666667,20.028418013124842,Unhealthy for Sensitive Groups
2026-04-01,111.30416666666667,156.0,141.97083333333333,1415.9166666666667,56.1625,39.9375,38.125,15.033333333333331,19.6,10.9,79.83333333333333,11.3375,1.0,1.0,1013.8666666666668,5.341666666666666,10.6,221.08333333333331,48.958333333333336,4404.0,2026,4,2,91,0,No Holiday,0,0,1,1,0,0,0.8660254037844387,-0.4999999999999998,0.9749279121818236,-0.22252093395631434,0.9999855506507186,0.005375731557583884,80.62916666666666,43.9,59.2125,106.25833333333333,42.91666666666666,66.4654761904762,69.22172619047619,57.51708333333333,20.90835958800626,Unhealthy for Sensitive Groups
2026-04-02,81.68333333333334,132.7,97.69583333333333,926.4583333333334,41.454166666666666,26.625,76.0,17.158333333333335,23.1,10.9,71.58333333333333,11.45,0.0,0.0,1013.7291666666666,9.045833333333333,16.2,147.16666666666666,67.79166666666667,5335.0,2026,4,3,92,0,No Holiday,0,0,1,1,0,0,0.8660254037844387,-0.4999999999999998,0.43388373911755823,-0.900968867902419,0.9999300657962057,-0.011826390691832589,111.30416666666667,80.62916666666666,43.9,65.69583333333334,94.45833333333331,67.18630952380953,74.10654761904762,60.72611111111111,22.532777914018606,Unhealthy for Sensitive Groups
2026-04-03,47.575,79.9,52.85833333333333,835.0,42.0875,30.258333333333336,50.66666666666666,16.029166666666665,18.1,14.6,81.33333333333333,12.745833333333332,2.9,2.9,1005.425,9.091666666666669,14.6,181.16666666666663,100.0,1939.0,2026,4,4,93,0,No Holiday,0,1,1,1,1,0,0.8660254037844387,-0.4999999999999998,-0.433883739117558,-0.9009688679024191,0.9995786855478958,-0.029025013321975237,81.68333333333334,111.30416666666667,80.62916666666666,53.47083333333333,109.03333333333336,69.4702380952381,73.19404761904762,62.41736111111111,23.15809561528004,Moderate
2026-04-04,63.770833333333336,117.6,99.55,560.6666666666666,43.47083333333333,29.391666666666666,59.625,17.520833333333332,22.5,13.6,72.33333333333333,11.920833333333334,0.0,0.0,1006.4541666666668,8.195833333333333,12.3,255.16666666666663,31.70833333333333,5797.0,2026,4,5,94,1,Qingming Festival,1,1,0,1,1,0,0.8660254037844387,-0.4999999999999998,-0.9749279121818236,-0.2225209339563146,0.9989315138848577,-0.046215046983708354,47.575,81.68333333333334,111.30416666666667,56.09166666666667,62.34583333333333,68.62797619047619,68.80416666666667,62.982499999999995,23.931287114908553,Moderate
2026-04-05,60.725,91.5,92.15833333333336,654.25,41.6875,26.058333333333334,76.08333333333333,20.0125,26.9,14.3,69.45833333333333,13.8125,0.0,0.0,1005.0666666666666,11.125,16.3,193.20833333333331,40.833333333333336,5882.0,2026,4,6,95,1,Qingming Festival,1,1,0,1,1,0,0.8660254037844387,-0.4999999999999998,-0.7818314824680299,0.6234898018587334,0.9979887423155984,-0.06339140486951038,63.770833333333336,47.575,81.68333333333334,59.2125,72.9875,69.72500000000001,68.90595238095237,63.51083333333334,23.431629511710693,Moderate
2026-04-06,40.79583333333333,52.7,58.325,550.3333333333334,35.675,28.2125,68.125,19.35833333333333,24.6,14.0,67.08333333333333,12.904166666666669,0.0,0.0,1007.475,10.941666666666668,18.4,131.875,93.125,4425.0,2026,4,0,96,0,Qingming Festival,1,1,0,1,1,0,0.8660254037844387,-0.4999999999999998,0.0,1.0,0.9967506498213929,-0.08054900421874167,60.725,63.770833333333336,47.575,43.9,62.57083333333333,69.94107142857142,68.03005952380953,63.72569444444444,23.32526564750019,Moderate
2026-04-07,25.991666666666664,32.9,44.6375,393.3333333333333,32.229166666666664,21.1125,64.33333333333333,15.916666666666666,21.4,11.2,53.54166666666666,5.279166666666667,0.0,0.0,1015.3291666666668,13.458333333333334,17.9,94.375,70.25,5648.0,2026,4,1,97,0,No Holiday,0,1,1,1,1,0,0.8660254037844387,-0.4999999999999998,0.7818314824680298,0.6234898018587336,0.9952176027737294,-0.09768276782171598,40.79583333333333,60.725,63.770833333333336,80.62916666666666,59.53333333333333,69.49761904761905,66.47470238095238,63.63375,23.9246701737616,Good
2026-04-08,26.33333333333333,37.7,34.7875,483.2916666666667,36.329166666666666,26.47083333333333,61.083333333333336,16.429166666666667,21.2,12.1,54.333333333333336,6.804166666666667,2.8,2.8,1009.8291666666668,18.570833333333333,22.0,126.125,99.75,4096.0,2026,4,2,98,0,No Holiday,0,0,1,1,0,0,0.8660254037844387,-0.4999999999999998,0.9749279121818236,-0.22252093395631434,0.9933900548258936,-0.11478762552212701,25.991666666666664,40.79583333333333,60.725,111.30416666666667,106.25833333333333,61.69226190476191,64.07886904761905,63.01541666666666,28.215629229280562,Good
2026-04-09,34.575,56.1,35.300000000000004,731.1666666666666,35.983333333333334,24.7,45.833333333333336,17.833333333333332,21.5,15.0,89.33333333333333,15.991666666666667,17.0,17.0,1000.1583333333332,13.25,23.0,242.875,98.58333333333331,1772.0,2026,4,3,99,0,No Holiday,0,0,1,1,0,0,0.8660254037844387,-0.4999999999999998,0.43388373911755823,-0.900968867902419,0.9912685467787256,-0.13185851571739118,26.33333333333333,25.991666666666664,40.79583333333333,81.68333333333334,65.69583333333334,49.55357142857143,58.36994047619047,61.947500000000005,20.551595587298394,Good
2026-04-10,62.145833333333336,90.1,77.2625,724.75,48.94583333333333,32.72083333333333,53.29166666666666,18.1875,24.8,12.4,80.20833333333333,14.3375,0.0,0.0,1006.8791666666666,5.791666666666667,12.4,265.375,67.16666666666667,5847.0,2026,4,4,100,0,No Holiday,0,0,1,1,0,0,0.8660254037844387,-0.4999999999999998,-0.433883739117558,-0.9009688679024191,0.9888537064205885,-0.1488903868564548,34.575,26.33333333333333,25.991666666666664,47.575,53.47083333333333,42.82380952380952,56.14702380952381,61.63777777777778,15.325450629719494,Moderate
2026-04-11,64.20416666666667,78.7,73.53750000000001,895.2916666666666,83.40833333333333,47.43333333333334,22.041666666666668,16.883333333333333,20.0,14.5,79.75,13.2625,1.0,1.0,1009.7708333333334,12.454166666666666,16.3,101.70833333333331,99.125,1787.0,2026,4,5,101,1,No Holiday,0,0,0,1,0,0,0.8660254037844387,-0.4999999999999998,-0.9749279121818236,-0.2225209339563146,0.986146248341595,-0.16587819893463143,62.145833333333336,34.575,26.33333333333333,63.770833333333336,56.09166666666667,44.90535714285715,56.766666666666666,61.46319444444444,16.978680414694768,Moderate
2026-04-12,31.8,50.9,34.9625,467.375,58.520833333333336,31.316666666666663,34.666666666666664,14.579166666666666,15.8,13.5,86.54166666666667,12.35,1.9,1.9,1009.5083333333332,13.029166666666669,19.0,72.29166666666667,99.41666666666669,1421.0,2026,4,6,102,1,No Holiday,0,0,0,1,0,0,0.8660254037844387,-0.4999999999999998,-0.7818314824680299,0.6234898018587334,0.9831469737221499,-0.1828169249850199,64.20416666666667,62.145833333333336,34.575,60.725,59.2125,44.96726190476191,57.34613095238095,61.53,17.05952599718639,Good
2026-04-13,27.575,41.7,30.754166666666663,427.5,41.1625,22.29583333333333,42.375,14.966666666666669,18.0,13.2,86.25,12.645833333333334,3.5,3.5,1012.3166666666666,8.5625,11.7,61.16666666666666,100.0,2076.0,2026,4,0,103,0,No Holiday,0,0,1,1,0,0,0.8660254037844387,-0.4999999999999998,0.0,1.0,0.9798567700958665,-0.1997015525660636,31.8,64.20416666666667,62.145833333333336,40.79583333333333,43.9,40.835119047619045,55.38809523809523,60.29638888888889,16.081629309762597,Good
2026-04-14,50.98333333333333,92.9,62.625,613.375,52.67916666666667,26.941666666666663,39.0,15.625,18.1,13.1,85.83333333333333,13.158333333333331,3.8,3.8,1011.6333333333332,5.391666666666667,8.3,151.79166666666666,92.375,2949.0,2026,4,1,104,0,No Holiday,0,0,1,1,0,0,0.8660254037844387,-0.4999999999999998,0.7818314824680298,0.6234898018587336,0.9762766110869321,-0.21652708524481437,27.575,31.8,64.20416666666667,25.991666666666664,80.62916666666666,38.94642857142857,54.22202380952381,59.192083333333336,16.845236514246437,Moderate
2026-04-15,65.62083333333334,103.8,77.80416666666666,648.5416666666666,58.19166666666666,35.795833333333334,41.625,17.429166666666667,21.0,13.8,76.91666666666667,13.129166666666668,0.0,0.0,1012.0375,6.666666666666667,11.4,89.70833333333333,78.66666666666667,3699.0,2026,4,2,105,0,No Holiday,0,0,1,1,0,0,0.8660254037844387,-0.4999999999999998,0.9749279121818236,-0.22252093395631434,0.9724075561219968,-0.23328854407545518,50.98333333333333,27.575,31.8,26.33333333333333,111.30416666666667,42.516666666666666,52.10446428571429,59.409305555555555,16.28090384042337,Moderate
2026-04-16,43.19166666666666,66.1,45.3875,637.4583333333334,69.84583333333333,34.84583333333333,24.45833333333333,17.141666666666666,20.2,14.8,82.625,14.075,2.9,2.9,1011.0541666666668,11.395833333333334,18.0,112.875,92.95833333333331,2514.0,2026,4,3,106,0,No Holiday,0,0,1,1,0,0,0.8660254037844387,-0.4999999999999998,0.43388373911755823,-0.900968867902419,0.9682507501166718,-0.2499809690726521,65.62083333333334,50.98333333333333,27.575,34.575,81.68333333333334,48.12916666666667,48.84136904761904,60.20861111111112,16.54190700916918,Moderate
2026-04-17,66.82916666666667,88.5,69.85416666666667,677.5833333333334,65.62916666666666,41.0625,32.458333333333336,18.2875,22.7,14.1,80.66666666666667,14.591666666666669,0.4,0.4,1012.2583333333332,6.9625,11.5,207.04166666666663,81.625,3829.0,2026,4,4,107,0,No Holiday,0,0,1,1,0,0,0.8660254037844387,-0.4999999999999998,-0.433883739117558,-0.9009688679024191,0.9638074231367307,-0.26659942067929354,43.19166666666666,65.62083333333334,50.98333333333333,62.145833333333336,47.575,49.360119047619044,46.09196428571429,60.24597222222222,15.662401321173673,Moderate
2026-04-18,54.03333333333333,87.3,66.87916666666666,612.4583333333334,53.645833333333336,25.204166666666666,43.75,18.0875,21.9,15.4,77.08333333333333,13.695833333333333,0.0,0.0,1012.9416666666666,6.679166666666667,9.1,81.875,56.41666666666666,5024.0,2026,4,5,108,1,No Holiday,0,0,0,1,0,0,0.8660254037844387,-0.4999999999999998,-0.9749279121818236,-0.2225209339563146,0.9590788900341131,-0.28313898122818354,66.82916666666667,43.19166666666666,65.62083333333334,64.20416666666667,63.770833333333336,50.02916666666666,47.467261904761905,61.04305555555556,16.38304333133183,Moderate
2026-04-19,42.62083333333333,72.6,45.725,673.375,54.25416666666666,34.87916666666667,45.958333333333336,18.45833333333333,24.5,12.6,69.20833333333333,12.095833333333331,0.0,0.0,1011.3333333333334,3.975,7.4,130.29166666666666,8.708333333333334,6536.0,2026,4,6,109,1,No Holiday,0,0,0,1,0,0,0.8660254037844387,-0.4999999999999998,-0.7818314824680299,0.6234898018587334,0.9540665500578387,-0.2995947563972602,54.03333333333333,66.82916666666667,43.19166666666666,31.8,60.725,48.57619047619048,46.771726190476194,59.69555555555556,15.333782963343767,Moderate
2026-04-20,41.56666666666667,61.5,62.34166666666667,444.25,46.10416666666666,27.995833333333334,45.75,15.658333333333331,18.4,13.0,77.125,11.558333333333332,0.2,0.2,1015.1625,12.979166666666666,20.1,85.66666666666667,97.45833333333331,2710.0,2026,4,0,110,0,No Holiday,0,0,1,1,0,0,0.8660254037844387,-0.4999999999999998,0.0,1.0,0.9487718864399473,-0.31596187665790293,42.62083333333333,54.03333333333333,66.82916666666667,27.575,40.79583333333333,50.12202380952381,45.478571428571435,57.48180555555555,13.832617893623945,Moderate
2026-04-21,50.275,61.2,86.85000000000001,416.2083333333333,54.02916666666667,33.625,44.375,13.6875,16.2,11.9,71.66666666666667,8.570833333333333,3.2,3.2,1014.1416666666668,13.741666666666667,18.4,93.5,99.95833333333331,1922.0,2026,4,1,111,0,No Holiday,0,0,1,1,0,0,0.8660254037844387,-0.4999999999999998,0.7818314824680298,0.6234898018587336,0.9431964659565866,-0.33223549871590435,41.56666666666667,42.62083333333333,54.03333333333333,50.98333333333333,25.991666666666664,52.12083333333334,45.53363095238095,56.78916666666667,10.684155584582024,Moderate
2026-04-22,26.48333333333333,43.5,27.34166666666667,457.7916666666667,49.025,24.883333333333336,29.875,13.195833333333333,14.6,11.4,93.58333333333331,12.183333333333332,14.5,14.5,1008.6,11.679166666666667,15.1,123.33333333333331,100.0,969.0,2026,4,2,112,0,No Holiday,0,0,1,1,0,0,0.8660254037844387,-0.4999999999999998,0.9749279121818236,-0.22252093395631434,0.9373419384643772,-0.3484108069446808,50.275,41.56666666666667,42.62083333333333,65.62083333333334,26.33333333333333,52.019642857142856,47.26815476190476,56.03208333333334,10.700066987255068,Good
2026-04-23,39.82083333333333,111.1,48.395833333333336,557.7916666666666,43.51666666666667,25.78333333333333,43.75,12.491666666666667,14.6,11.1,83.04166666666667,9.554166666666667,1.6,1.6,1012.8083333333334,7.820833333333333,11.9,100.04166666666669,88.95833333333333,2270.0,2026,4,3,113,0,No Holiday,0,0,1,1,0,0,0.8660254037844387,-0.4999999999999998,0.43388373911755823,-0.900968867902419,0.9312100364121947,-0.3644830148102912,26.48333333333333,50.275,41.56666666666667,43.19166666666666,34.575,46.42857142857143,47.27886904761905,54.829166666666666,12.484915998121874,Moderate
2026-04-24,69.00416666666666,119.2,77.34166666666667,888.5833333333334,62.65,47.4875,41.208333333333336,15.408333333333331,21.2,9.4,68.5,9.025,0.0,0.0,1015.2791666666668,3.6375,5.5,194.5,37.125,6645.0,2026,4,4,114,0,No Holiday,0,0,1,1,0,0,0.8660254037844387,-0.4999999999999998,-0.433883739117558,-0.9009688679024191,0.9248025743285089,-0.38044736628785164,39.82083333333333,26.48333333333333,50.275,66.82916666666667,62.145833333333336,45.947023809523806,47.653571428571425,54.17208333333333,12.69383182502893,Moderate
2026-04-25,72.3125,115.7,77.975,666.7916666666666,59.8125,36.60833333333333,46.458333333333336,17.608333333333334,23.0,12.2,65.04166666666667,10.483333333333333,0.0,0.0,1015.225,5.9875,10.1,123.45833333333331,41.75,6535.0,2026,4,5,115,1,No Holiday,0,0,0,1,0,0,0.8660254037844387,-0.4999999999999998,-0.9749279121818236,-0.2225209339563146,0.9181214482844364,-0.39629913726891813,69.00416666666666,39.82083333333333,26.48333333333333,54.03333333333333,64.20416666666667,46.257738095238096,48.14345238095238,52.930277777777775,13.302207468874267,Moderate
2026-04-26,35.4125,57.4,43.41666666666666,595.125,40.49583333333333,24.525,78.25,19.77083333333333,26.3,13.3,63.54166666666666,12.2125,0.0,0.0,1011.2125,6.8500000000000005,11.3,171.54166666666666,31.541666666666668,6552.0,2026,4,6,116,1,No Holiday,0,0,0,1,0,0,0.8660254037844387,-0.4999999999999998,-0.7818314824680299,0.6234898018587334,0.9111686353326631,-0.41203363695942635,72.3125,69.00416666666666,39.82083333333333,42.62083333333333,31.8,48.86904761904761,48.72261904761905,53.15083333333333,16.494193502932166,Moderate
2026-04-27,46.67083333333333,86.1,58.4875,763.6666666666666,48.425,30.104166666666668,63.125,21.304166666666667,27.0,16.8,73.5,16.175,0.0,0.0,1009.6916666666666,9.1125,17.3,202.79166666666663,97.75,3753.0,2026,4,0,117,0,No Holiday,0,0,1,1,0,0,0.8660254037844387,-0.4999999999999998,0.0,1.0,0.9039461929224011,-0.42764620926777464,35.4125,72.3125,69.00416666666666,41.56666666666667,27.575,47.839285714285715,48.980654761904766,52.54888888888889,17.160837881996606,Moderate
2026-04-28,34.641666666666666,74.3,37.891666666666666,485.0416666666667,38.42083333333333,21.620833333333334,53.333333333333336,14.2125,19.1,11.9,85.625,11.783333333333331,14.8,14.8,1016.3833333333332,13.8375,22.1,62.958333333333336,100.0,915.0,2026,4,1,118,0,No Holiday,0,0,1,1,0,0,0.8660254037844387,-0.4999999999999998,0.7818314824680298,0.6234898018587336,0.8964562582905575,-0.44313223418263453,46.67083333333333,35.4125,72.3125,50.275,50.98333333333333,48.56845238095237,50.34464285714285,52.23486111111111,16.957121826971765,Good
2026-04-29,40.87083333333333,61.5,46.0125,517.125,38.55416666666667,21.8,49.708333333333336,12.033333333333331,13.8,10.4,81.875,8.920833333333333,8.0,8.0,1020.3208333333332,8.479166666666666,12.6,103.08333333333331,83.33333333333333,2059.0,2026,4,2,119,0,No Holiday,0,0,1,1,0,0,0.8660254037844387,-0.4999999999999998,0.9749279121818236,-0.22252093395631434,0.8887010478292915,-0.45848712914008766,34.641666666666666,46.67083333333333,35.4125,26.48333333333333,65.62083333333334,46.335119047619045,49.17738095238095,51.41583333333334,17.707778399334792,Moderate
2026-04-30,50.458333333333336,68.7,56.17083333333333,908.875,39.28333333333333,29.066666666666663,58.125,14.591666666666669,20.1,9.5,71.375,8.8375,0.0,0.0,1017.3708333333334,6.3125,9.9,234.33333333333331,10.0,6595.0,2026,4,3,120,0,No Holiday,0,0,1,1,0,0,0.8660254037844387,-0.4999999999999998,0.43388373911755823,-0.900968867902419,0.8806828564301475,-0.47370635037968,40.87083333333333,34.641666666666666,46.67083333333333,39.82083333333333,43.19166666666666,48.390476190476186,47.40952380952381,51.31486111111111,15.745825195207862,Moderate
